0.599234291 0.03834373788492243 0.08587200581504639 0.9463271797515714 0.30922584828204486
0.779078696 0.038359428209194336 0.08589001644390103 0.9463082576304708 0.30927680301489296
1.179090396 0.29047898707450026 -0.7770142341487523 -0.08484705339645915 0.5519708466290032
1.785822841 0.03832397193619467 0.08600041826112956 0.9463305637381297 0.309182252674726
1.825818847 0.03835929809442028 0.086010408673822 0.9463513195594397 0.3091115556196056
1.859204696 0.0383301890542484 0.08603782216099051 0.9463497624876467 0.3091123045180084
1.899558733 0.03833448736547177 0.08603867027484553 0.9463560192491546 0.3090923795997835
1.93919746 0.03838918499960819 0.08604864599409541 0.9463671459115178 0.3090487439497798
1.9792224 0.03835494816908966 0.08602439350281332 0.946362187756593 0.3090749282261092
2.019193249 0.03836456015163453 0.08602726799211881 0.9463403481590763 0.3091397986871669
2.052538391 0.03835751838432759 0.08598705984825017 0.9463308074027822 0.3091810622959426
2.092515102 0.03833419603486779 0.08599701016514054 0.9463217296297194 0.30920897090419847
2.125907452 0.038349909480942995 0.0859905508989862 0.9463332375827129 0.3091735969404775
2.165894121 0.03835732245617249 0.08603087264935018 0.946333586524693 0.309160391674768
2.205851024 0.03837473996118869 0.0860267880589112 0.9463135484225923 0.30922069649527073
2.239196226 0.03834306746310369 0.08601090794428155 0.9463130378687803 0.30923060529591945
2.279175531 0.038379305459086015 0.08602245044210083 0.9463095546292951 0.309233558576232
2.312727381 0.03834416896574102 0.08598493862604369 0.9463272815004202 0.30919409975584355
2.352574157 0.038327733001123326 0.08598836081455881 0.946310174836046 0.30924753788703346
2.392550627 0.03837418985590493 0.08600290992112004 0.9463230511664896 0.3091983244924658
2.425969958 0.03830550293699036 0.08597388242417861 0.9463258522050257 0.3092063411932063
2.45953915 0.03833566838179036 0.08596508868855877 0.9463085694496212 0.3092579367497318
2.499635094 0.03831533081135988 0.08598297247648416 0.9463080714102496 0.3092570093833571
2.545950152 0.038332272077995506 0.08598175590370286 0.9463052689647 0.3092638234561253
2.579349115 0.03836411597809585 0.08600176404375248 0.9463003408696173 0.3092693907528323
2.61922722 0.038337037665905974 0.08598676775069357 0.9462789934994145 0.30934222759999364
2.652570168 0.03831958955557153 0.08600069997220838 0.9462722400217246 0.3093611747211507
2.692562818 0.03832906472410515 0.08600398034872286 0.9462816957516924 0.3093301641399583
2.732613718 0.03829123488467548 0.08601605747852621 0.9462786652807921 0.3093407616549425
2.77261815 0.03825395807333683 0.08598846410081666 0.9462776453049926 0.3093561648478086
2.819230626 0.03825804275281003 0.08601266820111894 0.9462768363319187 0.30935140551693574
2.859222995 0.0382834148340682 0.08603063358598076 0.9462859740177065 0.30931531745259183
2.899237176 0.03830802011133652 0.08604765265008901 0.9462883935284236 0.309300134726699
2.939236398 0.038311493189029225 0.08606010361329582 0.9462860107817601 0.30930353029740565
2.979253224 0.03832140309293606 0.08606474164040921 0.9462706140822427 0.30934811335415263
3.019246735 0.03830968818580256 0.08607368763228053 0.9462811983491343 0.3093146969340666
3.052591707 0.03830112755540844 0.08605603841241954 0.9462641428330705 0.309372839578944
3.09262346 0.038334069502814275 0.08608403192694002 0.946244593157891 0.30942076284892794
3.132725606 0.038315789207653356 0.08607827477574886 0.9462219019099715 0.3094940116624254
3.166079524 0.038317012787106274 0.08607305512001448 0.9462179709573241 0.30950732972061323
3.1995598 0.03827406051728542 0.0860651274963073 0.9462165630661787 0.3095191527188449
3.239585852 0.03825065394892884 0.0860625483242326 0.9462030285845348 0.3095641354321786
3.285922822 0.03823452909298983 0.08605007945228921 0.9462250973623227 0.3095021320329712
3.325928456 0.038269856088750435 0.0860557942055744 0.9462266488244833 0.309491433569626
3.365934742 0.038244525034032 0.08606288922250477 0.9462345989424727 0.30946828459112574
3.405932802 0.038237488010448774 0.08607258253873867 0.9462395473517002 0.3094513274707546
3.445932044 0.038191954554087 0.08605362347858495 0.9462391221576459 0.30946352320083254
3.48602923 0.038204740352681496 0.0860535568375236 0.9462464953662588 0.3094394176204254
3.525943193 0.03822255924079168 0.08606478671953052 0.946262907062454 0.3093839025704465
3.559312019 0.03826017822464196 0.08607869797704798 0.9462641532275641 0.3093715708227176
3.599296965 0.03827050416681432 0.0860939963714317 0.946263430895089 0.30936824602772167
3.632637248 0.03832809216563345 0.08612026841974749 0.9462620794608068 0.30935793782084053
3.666054585 0.03828742772424085 0.08611452680230927 0.9462752452914853 0.3093242979470166
3.699499394 0.038322890142145453 0.08613488376267646 0.9462712735569551 0.30932638867584794
3.732902054 0.03832625761498491 0.08615006514113832 0.9462751297857923 0.3093099464975046
3.779284999 0.038262312441623876 0.08615363577569662 0.9462647228321537 0.3093487042362318
3.819296294 0.03827738454775654 0.0861447178990056 0.9462549792830461 0.3093791259802862
3.852691981 0.03824656899971691 0.08613115112064632 0.9462525126845563 0.30939425819582667
3.892799186 0.03824681874272362 0.08614706210018308 0.9462656086428853 0.3093497413079219
3.932858802 0.03817177962125697 0.08612053740076364 0.9462864792114314 0.3093025501672805
3.973040717 0.03816317239230772 0.0860908168134403 0.9463056324401063 0.3092532838071086
4.012672159 0.03817371564070841 0.08610576359769939 0.9463150641262442 0.30921895853453385
4.046254506 0.0381694047742895 0.08611493296606637 0.9463156397506551 0.30921517560225725
4.079724282 0.03814896576298079 0.08609107899030452 0.9463127870443017 0.30923307003932543
4.119338412 0.03815368894493325 0.08608924084381765 0.946324250276594 0.3091979171489854
4.15939927 0.03816028947359209 0.0860771600087216 0.9463091888291943 0.3092465585411689
4.205973114 0.03813954878821918 0.08609708542047445 0.9463139334056653 0.3092290512591414
4.239314639 0.038151520925028756 0.08609766326881628 0.9462988532670003 0.3092735587409909
4.279344218 0.03814365687019933 0.08612647584891214 0.9463194423865798 0.3092035002382217
4.319341747 0.038166163613684766 0.08610831988466135 0.94629854514227 0.3092697280098355
4.359331111 0.03818807998905062 0.08611204509776486 0.9463011833697391 0.3092579127344392
4.39937099 0.03823270079197727 0.08613280969030485 0.9463070614411702 0.3092286292560611
4.432743643 0.03823311258470099 0.08613001938122244 0.9463035033008687 0.30924024399159084
4.473142816 0.03822979344481205 0.08612516868402462 0.9462991805081734 0.3092552330711231
4.512730927 0.038223057372334834 0.08610996962544047 0.9463078691243864 0.30923371072617617
4.546086719 0.03828988864913335 0.0861528790345933 0.9463206867611601 0.309174261006918
4.586025578 0.03829346672316087 0.08615800814243384 0.9463311890913418 0.30914024097845527
4.626252147 0.03827048461709827 0.086123526008585 0.9463335266006982 0.30914553968399205
4.659754484 0.03825897244764464 0.08613555639432689 0.9463370179845704 0.3091329250402831
4.699430931 0.03827454401073194 0.086132288902968 0.9463281120682709 0.30915917000536863
4.733123905 0.038340844389538005 0.08615802570649404 0.9463448423920142 0.30909256467260793
4.779609894 0.03827368336940603 0.08614165785875506 0.9463508400996108 0.3090870870571018
4.819572678 0.038268221462035526 0.08612067653526885 0.946349068851302 0.30909903297084873
4.86607593 0.03825306642933954 0.08610946123527106 0.9463401415712053 0.30913136373638184
4.899417615 0.038269357003308295 0.08610767938805079 0.9463445986174307 0.3091161990782299
4.9460133 0.038242943250973674 0.0861094605231388 0.9463471743206154 0.3091110864322137
4.979418855 0.038230694948411095 0.08610094997897702 0.9463514197850137 0.3091019745122444
5.019389814 0.03821094722356507 0.08609688039681106 0.9463584365551132 0.30908406665368093
5.059368378 0.03823535619939642 0.08609576374499903 0.9463701046531813 0.30904563096765714
5.09291627 0.03822335506177998 0.08609919715993096 0.9463664839840824 0.30905724610149804
5.13275954 0.03824442562001356 0.08612311058881285 0.9463620098524981 0.3090616767563438
5.172921818 0.03828551014806403 0.08613399538498318 0.9463795456303176 0.30899985463471624
5.212713802 0.038227166545403285 0.08611197999180722 0.9463820197144346 0.3090056365198345
5.252716922 0.03822900112669673 0.08610358361995446 0.9463679386371305 0.3090508713470405
5.292701817 0.03819384804398504 0.0860933143768419 0.9463725214061307 0.30904404527284784
5.332739201 0.03818949576768244 0.0860801281966094 0.9463732482096908 0.3090460305774924
5.373034799 0.03822015847215905 0.08609614203243283 0.9463603849858196 0.30907716761835563
5.412783712 0.03819097219897071 0.08606996911754468 0.9463661673623275 0.309070359838244
5.452740335 0.03815867144002733 0.08603865805979558 0.9463537217639469 0.30912117109109116
5.486201234 0.038110653406184254 0.08602801395482973 0.9463547717842156 0.3091268426280489
5.526062066 0.03812645316016666 0.08601907601400433 0.9463472546738521 0.30915039334017663
5.56605682 0.038110705939084166 0.08601618328831462 0.9463318930084265 0.30920015941202855
5.606057486 0.03817913100798424 0.08603330327415594 0.9463292172215811 0.3091951443926662
5.646056157 0.03816624190929972 0.08602978006522315 0.9463120015525891 0.30925040119292135
5.679658131 0.038142688134427956 0.08602933486859367 0.9463127742824503 0.30925106647156386
5.719492394 0.03813497135601644 0.08605292052087979 0.9463123476456301 0.3092467615399055
5.759767133 0.038140521473235635 0.08605543104528758 0.9463132605075849 0.309242585031336
5.799581558 0.03811132186950379 0.08605209143546884 0.9463143141543263 0.30924389004726965
5.839623942 0.03809945951047859 0.0860304357897387 0.9463107059629126 0.30926241783121866
5.879595753 0.03813035310786385 0.08604096293672985 0.9463010442689308 0.3092852445305478
5.919407043 0.03813035310786385 0.08604096293672985 0.9463010442689308 0.3092852445305478
5.952766561 0.03813035310786385 0.08604096293672985 0.9463010442689308 0.3092852445305478
5.992749624 0.03813035310786385 0.08604096293672985 0.9463010442689308 0.3092852445305478
6.032906542 0.03813035310786385 0.08604096293672985 0.9463010442689308 0.3092852445305478
6.072968542 0.03813035310786385 0.08604096293672985 0.9463010442689308 0.3092852445305478
6.11278431 0.03813035310786385 0.08604096293672985 0.9463010442689308 0.3092852445305478
6.15284099 0.03813035310786385 0.08604096293672985 0.9463010442689308 0.3092852445305478
6.192852015 0.03813035310786385 0.08604096293672985 0.9463010442689308 0.3092852445305478
6.239504806 0.03813035310786385 0.08604096293672985 0.9463010442689308 0.3092852445305478
6.279493349 0.03813035310786385 0.08604096293672985 0.9463010442689308 0.3092852445305478
6.319483173 0.03813035310786385 0.08604096293672985 0.9463010442689309 0.3092852445305478
6.359460906 0.03813035310786386 0.08604096293672987 0.9463010442689309 0.30928524453054784
6.39945073 0.03813035310786385 0.08604096293672985 0.9463010442689308 0.3092852445305478
6.439439273 0.03813035310786385 0.08604096293672985 0.9463010442689308 0.3092852445305478
6.479449425 0.03813035310786385 0.08604096293672985 0.9463010442689308 0.30928524453054773
6.512893834 0.03813035310786385 0.08604096293672985 0.9463010442689308 0.3092852445305478
6.55949602 0.03813035310786385 0.08604096293672985 0.9463010442689308 0.30928524453054773
6.599508528 0.03813035310786385 0.08604096293672985 0.9463010442689308 0.3092852445305478
6.633029199 0.03813035310786385 0.08604096293672985 0.9463010442689308 0.3092852445305478
6.672874172 0.03813035310786386 0.08604096293672987 0.9463010442689309 0.30928524453054784
6.713191541 0.03813035310786385 0.08604096293672985 0.9463010442689308 0.3092852445305478
6.752873128 0.03813035310786385 0.08604096293672985 0.9463010442689308 0.3092852445305478
6.792886867 0.03813035310786386 0.08604096293672987 0.9463010442689309 0.30928524453054784
6.832834833 0.03813035310786385 0.08604096293672985 0.9463010442689308 0.3092852445305478
6.872817976 0.03813035310786385 0.08604096293672985 0.9463010442689308 0.3092852445305478
6.912833909 0.03813035310786385 0.08604096293672985 0.9463010442689308 0.3092852445305478
6.946387623 0.03813035310786385 0.08604096293672985 0.9463010442689308 0.3092852445305478
6.986148187 0.03813035310786385 0.08604096293672985 0.9463010442689308 0.3092852445305478
7.026149824 0.03813035310786385 0.08604096293672985 0.9463010442689308 0.3092852445305478
7.066169214 0.03813035310786385 0.08604096293672985 0.9463010442689308 0.3092852445305478
7.099522482 0.03813035310786386 0.08604096293672987 0.9463010442689309 0.30928524453054784
7.139545018 0.03813035310786385 0.08604096293672986 0.9463010442689308 0.3092852445305478
7.179486422 0.03813035310786385 0.08604096293672985 0.9463010442689309 0.3092852445305478
7.219482408 0.03813035310786385 0.08604096293672985 0.9463010442689308 0.3092852445305478
7.259495787 0.03813035310786385 0.08604096293672985 0.9463010442689308 0.3092852445305478
7.292857019 0.03813035310786385 0.08604096293672985 0.9463010442689308 0.3092852445305478
7.326210006 0.03813035310786385 0.08604096293672985 0.9463010442689308 0.3092852445305478
7.35982309 0.03813035310786385 0.08604096293672985 0.9463010442689308 0.3092852445305478
7.399585989 0.03813035310786385 0.08604096293672985 0.9463010442689308 0.3092852445305478
7.439534146 0.03813035310786385 0.08604096293672985 0.9463010442689308 0.3092852445305478
7.479510756 0.03813035310786385 0.08604096293672985 0.9463010442689308 0.3092852445305478
7.519515438 0.03813035310786385 0.08604096293672985 0.9463010442689308 0.3092852445305478
7.559560908 0.03813035310786385 0.08604096293672985 0.9463010442689308 0.3092852445305478
7.599524353 0.03813035310786385 0.08604096293672985 0.9463010442689308 0.3092852445305478
7.639512504 0.03813035310786385 0.08604096293672986 0.9463010442689308 0.3092852445305478
7.672964467 0.03813035310786385 0.08604096293672985 0.9463010442689308 0.3092852445305478
7.719748284 0.03813035310786385 0.08604096293672985 0.9463010442689308 0.3092852445305478
7.759722139 0.03813035310786385 0.08604096293672985 0.9463010442689308 0.3092852445305478
7.799565138 0.03813035310786385 0.08604096293672985 0.9463010442689309 0.3092852445305478
7.839536138 0.03813035310786385 0.08604096293672985 0.9463010442689308 0.3092852445305478
7.879536262 0.03813035310786385 0.08604096293672985 0.9463010442689308 0.3092852445305478
7.919521007 0.03813035310786385 0.08604096293672985 0.9463010442689308 0.3092852445305478
7.959560365 0.03813035310786385 0.08604096293672985 0.9463010442689308 0.30928524453054773
7.999588782 0.03813035310786385 0.08604096293672985 0.9463010442689308 0.3092852445305478
8.0395379 0.03813035310786385 0.08604096293672985 0.9463010442689308 0.3092852445305478
8.073097264 0.03813035310786385 0.08604096293672985 0.9463010442689308 0.3092852445305478
8.113065178 0.03813035310786385 0.08604096293672985 0.9463010442689308 0.3092852445305478
8.152858273 0.03813035310786385 0.08604096293672985 0.9463010442689308 0.3092852445305478
8.192890287 0.03813035310786385 0.08604096293672985 0.9463010442689308 0.3092852445305478
8.226308767 0.03813035310786385 0.08604096293672985 0.9463010442689308 0.3092852445305478
8.266304282 0.03813035310786385 0.08604096293672985 0.9463010442689308 0.3092852445305478
8.306254212 0.03813035310786385 0.08604096293672985 0.9463010442689308 0.3092852445305478
8.346215984 0.03813035310786385 0.08604096293672985 0.9463010442689308 0.3092852445305478
8.379911083 0.03813035310786385 0.08604096293672985 0.9463010442689308 0.3092852445305478
8.41972133 0.03813035310786385 0.08604096293672985 0.9463010442689308 0.3092852445305478
8.459560242 0.03813035310786385 0.08604096293672985 0.9463010442689309 0.3092852445305478
8.499579723 0.03813035310786385 0.08604096293672985 0.9463010442689308 0.3092852445305478
8.533078142 0.03813035310786385 0.08604096293672985 0.9463010442689308 0.3092852445305478
8.572976886 0.03813035310786385 0.08604096293672985 0.9463010442689308 0.3092852445305478
8.612888754 0.03813035310786385 0.08604096293672985 0.9463010442689308 0.3092852445305478
8.646472384 0.03813035310786385 0.08604096293672985 0.9463010442689308 0.3092852445305478
8.686272433 0.03813035310786385 0.08604096293672985 0.9463010442689308 0.3092852445305478
8.726295319 0.03813035310786385 0.08604096293672985 0.9463010442689308 0.3092852445305478
8.766255248 0.03813035310786385 0.08604096293672985 0.9463010442689308 0.3092852445305478
8.806247367 0.03813035310786385 0.08604096293672985 0.9463010442689308 0.3092852445305478
8.846255256 0.03813035310786385 0.08604096293672985 0.9463010442689308 0.3092852445305478
8.879696358 0.03813035310786385 0.08604096293672985 0.9463010442689308 0.3092852445305478
8.919621291 0.03813035310786385 0.08604096293672985 0.9463010442689308 0.3092852445305478
8.959640681 0.03813035310786385 0.08604096293672985 0.9463010442689308 0.3092852445305478
8.999603545 0.03813035310786385 0.08604096293672985 0.9463010442689308 0.3092852445305478
9.033061188 0.03813035310786385 0.08604096293672985 0.9463010442689308 0.3092852445305478
9.072943972 0.03813035310786385 0.08604096293672985 0.9463010442689308 0.3092852445305478
9.112949737 0.03813035310786385 0.08604096293672985 0.9463010442689308 0.3092852445305478
9.146343109 0.03813035310786385 0.08604096293672983 0.9463010442689308 0.3092852445305478
9.179836689 0.03813035310786385 0.08604096293672985 0.9463010442689308 0.3092852445305478
9.219784996 0.03813035310786385 0.08604096293672985 0.9463010442689308 0.3092852445305478
9.259647753 0.03813035310786385 0.08604096293672985 0.9463010442689308 0.3092852445305478
9.2996125 0.03813035310786385 0.08604096293672985 0.9463010442689308 0.3092852445305478
9.339613696 0.03813035310786385 0.08604096293672985 0.9463010442689308 0.3092852445305478
9.379657923 0.03813035310786385 0.08604096293672985 0.9463010442689308 0.3092852445305478
9.419615618 0.03813035310786385 0.08604096293672985 0.9463010442689308 0.3092852445305478
9.453206641 0.03813035310786385 0.08604096293672985 0.9463010442689308 0.3092852445305478
9.493018151 0.03813035310786385 0.08604096293672985 0.9463010442689308 0.3092852445305478
9.532962941 0.03813035310786385 0.08604096293672985 0.9463010442689308 0.3092852445305478
9.5730026 0.03813035310786385 0.08604096293672985 0.9463010442689308 0.3092852445305478
9.606429264 0.03813035310786385 0.08604096293672983 0.9463010442689308 0.3092852445305478
9.646397318 0.03813035310786385 0.08604096293672985 0.9463010442689308 0.3092852445305478
9.686442687 0.03813035310786386 0.08604096293672987 0.9463010442689309 0.30928524453054784
9.726362711 0.03813035310786384 0.08604096293672985 0.9463010442689308 0.3092852445305478
9.759739593 0.03813035310786385 0.08604096293672985 0.9463010442689308 0.3092852445305478
9.799651561 0.03813035310786385 0.08604096293672985 0.9463010442689308 0.3092852445305478
9.833043691 0.03813035310786385 0.08604096293672985 0.9463010442689308 0.3092852445305478
9.879689771 0.03813035310786386 0.08604096293672987 0.9463010442689309 0.30928524453054784
9.919823836 0.03813035310786385 0.08604096293672985 0.9463010442689308 0.3092852445305478
9.959692283 0.03813035310786385 0.08604096293672985 0.9463010442689308 0.3092852445305478
9.993067912 0.03813035310786385 0.08604096293672985 0.9463010442689308 0.3092852445305478
10.032983768 0.03813035310786385 0.08604096293672985 0.9463010442689308 0.3092852445305478
10.073002126 0.03813035310786385 0.08604096293672985 0.9463010442689308 0.3092852445305478
10.106485828 0.03813035310786385 0.08604096293672985 0.9463010442689308 0.3092852445305478
10.14637265 0.03813035310786386 0.08604096293672986 0.9463010442689309 0.30928524453054784
10.186354189 0.03813035310786385 0.08604096293672985 0.9463010442689308 0.3092852445305478
10.219780984 0.03813035310786385 0.08604096293672985 0.9463010442689308 0.3092852445305478
10.259795345 0.03813035310786385 0.08604096293672985 0.9463010442689308 0.3092852445305478
10.299685703 0.03813035310786385 0.08604096293672985 0.9463010442689309 0.3092852445305478
10.339721584 0.03813035310786385 0.08604096293672985 0.9463010442689308 0.3092852445305478
10.379702091 0.03813035310786385 0.08604096293672985 0.9463010442689308 0.3092852445305478
10.419698949 0.03813035310786385 0.08604096293672985 0.9463010442689308 0.3092852445305478
10.453302967 0.03813035310786385 0.08604096293672985 0.9463010442689308 0.3092852445305478
10.493037503 0.03813035310786385 0.08604096293672985 0.9463010442689308 0.3092852445305478
10.533058977 0.03813035310786385 0.08604096293672985 0.9463010442689308 0.3092852445305478
10.579694236 0.03813035310786385 0.08604096293672985 0.9463010442689308 0.3092852445305478
10.613049096 0.03813035310786385 0.08604096293672985 0.9463010442689308 0.3092852445305478
10.646420066 0.03813035310786385 0.08604096293672985 0.9463010442689308 0.3092852445305478
10.686358735 0.03813035310786385 0.08604096293672985 0.9463010442689308 0.3092852445305478
10.719843619 0.03813035310786385 0.08604096293672985 0.9463010442689308 0.3092852445305478
10.753336558 0.03813035310786385 0.08604096293672985 0.9463010442689308 0.3092852445305478
10.793054533 0.03813035310786385 0.08604096293672985 0.9463010442689308 0.3092852445305478
10.833037706 0.03813035310786385 0.08604096293672985 0.9463010442689308 0.3092852445305478
10.873034243 0.03813035310786385 0.08604096293672985 0.9463010442689308 0.3092852445305478
10.906586413 0.03813035310786385 0.08604096293672985 0.9463010442689308 0.3092852445305478
10.946555209 0.03813035310786385 0.08604096293672985 0.9463010442689308 0.3092852445305478
10.98641556 0.03813035310786385 0.08604096293672985 0.9463010442689309 0.3092852445305478
11.019760853 0.03813035310786385 0.08604096293672985 0.9463010442689308 0.3092852445305478
11.053137554 0.03813035310786385 0.08604096293672985 0.9463010442689308 0.3092852445305478
11.093212218 0.03813035310786385 0.08604096293672985 0.9463010442689308 0.3092852445305478
11.133093278 0.03813035310786385 0.08604096293672985 0.9463010442689308 0.3092852445305478
11.166776024 0.03813035310786385 0.08604096293672985 0.9463010442689308 0.3092852445305478
11.206618642 0.03813035310786385 0.08604096293672985 0.9463010442689309 0.3092852445305478
11.246427968 0.03813035310786385 0.08604096293672985 0.9463010442689308 0.3092852445305478
11.286423815 0.03813035310786385 0.08604096293672985 0.9463010442689308 0.3092852445305478
11.32641412 0.03813035310786385 0.08604096293672985 0.9463010442689308 0.3092852445305478
11.359821779 0.03813035310786385 0.08604096293672985 0.9463010442689308 0.3092852445305478
11.399762372 0.03813035310786385 0.08604096293672985 0.9463010442689308 0.3092852445305478
11.433213172 0.03813035310786385 0.08604096293672985 0.9463010442689308 0.3092852445305478
11.473297494 0.03813035310786385 0.08604096293672985 0.9463010442689308 0.3092852445305478
11.513321813 0.03813035310786385 0.08604096293672985 0.9463010442689308 0.30928524453054784
11.553340142 0.03813035310786385 0.08604096293672985 0.9463010442689308 0.3092852445305478
11.59310271 0.03813035310786385 0.08604096293672985 0.9463010442689308 0.3092852445305478
11.626535947 0.03813035310786385 0.08604096293672985 0.9463010442689308 0.3092852445305478
11.666792643 0.03813035310786385 0.08604096293672985 0.9463010442689308 0.3092852445305478
11.70645888 0.03813035310786385 0.08604096293672985 0.9463010442689308 0.3092852445305478
11.739795897 0.03813035310786385 0.08604096293672985 0.9463010442689308 0.3092852445305478
11.779803756 0.03813035310786385 0.08604096293672985 0.9463010442689308 0.3092852445305478
11.81980934 0.03813035310786385 0.08604096293672985 0.9463010442689308 0.3092852445305478
11.85980743 0.03813035310786385 0.08604096293672985 0.9463010442689308 0.3092852445305478
11.899907422 0.03813035310786385 0.08604096293672985 0.9463010442689308 0.3092852445305478
11.939838516 0.03813035310786385 0.08604096293672985 0.9463010442689308 0.3092852445305478
11.97980131 0.03813035310786385 0.08604096293672985 0.9463010442689308 0.3092852445305478
12.019809018 0.03813035310786385 0.08604096293672985 0.9463010442689308 0.3092852445305478
12.059847685 0.03813035310786385 0.08604096293672985 0.9463010442689308 0.3092852445305478
12.100033447 0.03813035310786385 0.08604096293672985 0.9463010442689308 0.3092852445305478
12.139839026 0.03813035310786385 0.08604096293672985 0.9463010442689308 0.3092852445305478
12.179826817 0.03813035310786385 0.08604096293672985 0.9463010442689308 0.3092852445305478
12.219806683 0.03813035310786385 0.08604096293672985 0.9463010442689308 0.3092852445305478
12.25979755 0.03813035310786385 0.08604096293672985 0.9463010442689308 0.3092852445305478
12.299821068 0.03813035310786385 0.08604096293672985 0.9463010442689308 0.3092852445305478
12.339813047 0.03813035310786385 0.08604096293672985 0.9463010442689308 0.3092852445305478
12.373201119 0.03813035310786384 0.08604096293672983 0.9463010442689308 0.30928524453054773
12.413153303 0.03813035310786385 0.08604096293672985 0.9463010442689308 0.3092852445305478
12.453163767 0.03813035310786385 0.08604096293672985 0.9463010442689308 0.3092852445305478
12.493186263 0.03813035310786385 0.08604096293672985 0.9463010442689308 0.3092852445305478
12.533139799 0.03813035310786385 0.08604096293672985 0.9463010442689308 0.3092852445305478
12.566479241 0.03813035310786386 0.08604096293672987 0.9463010442689309 0.30928524453054784
12.599877522 0.03813035310786385 0.08604096293672985 0.9463010442689308 0.3092852445305478
12.639819026 0.03813035310786385 0.08604096293672985 0.9463010442689308 0.3092852445305478
12.673341491 0.03813035310786385 0.08604096293672985 0.9463010442689308 0.3092852445305478
12.713434048 0.03813035310786385 0.08604096293672985 0.9463010442689309 0.3092852445305478
12.753393085 0.03813035310786386 0.08604096293672987 0.9463010442689309 0.30928524453054784
12.7932176 0.03813035310786385 0.08604096293672985 0.9463010442689308 0.3092852445305478
12.833450611 0.03813035310786385 0.08604096293672985 0.9463010442689308 0.3092852445305478
12.873231373 0.03813035310786386 0.08604096293672986 0.9463010442689309 0.30928524453054784
12.913165904 0.03813035310786385 0.08604096293672985 0.9463010442689308 0.3092852445305478
12.946626834 0.03813035310786385 0.08604096293672985 0.9463010442689308 0.3092852445305478
12.9866551 0.03813035310786385 0.08604096293672985 0.9463010442689308 0.3092852445305478
13.03316284 0.03813035310786384 0.08604096293672985 0.9463010442689308 0.3092852445305478
13.066685585 0.03813035310786385 0.08604096293672985 0.9463010442689308 0.3092852445305478
13.106556998 0.03813035310786385 0.08604096293672985 0.9463010442689308 0.3092852445305478
13.14656649 0.03813035310786385 0.08604096293672985 0.9463010442689308 0.3092852445305478
13.186534233 0.03813035310786385 0.08604096293672985 0.9463010442689308 0.3092852445305478
13.219869677 0.03813035310786385 0.08604096293672985 0.9463010442689308 0.3092852445305478
13.253251007 0.03813035310786385 0.08604096293672985 0.9463010442689308 0.3092852445305478
13.29320301 0.03813035310786385 0.08604096293672986 0.9463010442689308 0.3092852445305478
13.333171375 0.038130353107863856 0.08604096293672985 0.9463010442689308 0.3092852445305478
13.373191406 0.03813035310786384 0.08604096293672985 0.9463010442689308 0.3092852445305478
13.406722096 0.03813035310786385 0.08604096293672985 0.9463010442689308 0.3092852445305478
13.446602656 0.03813035310786385 0.08604096293672985 0.9463010442689309 0.3092852445305478
13.486535173 0.03813035310786385 0.08604096293672985 0.9463010442689308 0.3092852445305478
13.526529767 0.03813035310786385 0.08604096293672985 0.9463010442689308 0.3092852445305478
13.560333369 0.03813035310786385 0.08604096293672985 0.9463010442689309 0.30928524453054784
13.599938312 0.03813035310786385 0.08604096293672985 0.9463010442689308 0.3092852445305478
13.639883793 0.03813035310786385 0.08604096293672985 0.9463010442689308 0.3092852445305478
13.673224146 0.03813035310786385 0.08604096293672985 0.9463010442689308 0.3092852445305478
13.706617729 0.03813035310786385 0.08604096293672985 0.9463010442689308 0.3092852445305478
13.740062879 0.03813035310786385 0.08604096293672985 0.9463010442689308 0.3092852445305478
13.786558536 0.03813035310786385 0.08604096293672985 0.9463010442689308 0.3092852445305478
13.826561515 0.03813035310786385 0.08604096293672985 0.9463010442689309 0.3092852445305478
13.866537824 0.03813035310786385 0.08604096293672985 0.9463010442689308 0.3092852445305478
13.900290401 0.03813035310786385 0.08604096293672985 0.9463010442689308 0.3092852445305478
13.939911474 0.03813035310786385 0.08604096293672985 0.9463010442689308 0.3092852445305478
13.97990219 0.03813035310786385 0.08604096293672985 0.9463010442689308 0.3092852445305478
14.013239688 0.03574077903553695 0.07280873748740203 0.9387222839796168 0.3349954596998519
14.046788953 0.01709838411382875 0.035247876909557996 0.9611682917333487 0.2731679838496101
14.086739143 0.00021080192534879137 -0.024130896464965308 0.9917576060172895 0.1258352347524341
14.126763493 -0.0010034352252095004 -0.05476395109027483 0.9974965719321053 0.044726857283168546
14.166613725 -0.0009629374650907371 -0.06079644309193613 0.9973966830054777 0.03876495825456644
14.200029079 -0.0004041600493512831 -0.058818945636910695 0.9975416936342241 0.038088551431902415
14.233366176 0.00013748083342115313 -0.05599190732384482 0.9979759274667906 0.030148559004658137
14.27336622 0.00010174994312100236 -0.053266598374384855 0.9983285692718564 0.022421572651785484
14.313277668 -0.000539511516754085 -0.052225719718694684 0.9984655067952531 0.018406924438534145
14.353245722 -0.0008412361386715035 -0.051963533413265886 0.9984937564187379 0.01758698125789522
14.393257437 -0.0006356429274525435 -0.05226284765231967 0.9984754357848269 0.017748094197384105
14.426847078 -0.0004472252512490863 -0.05244059357446964 0.9984710077503306 0.017476579103787283
14.466594478 -0.00029808520086683745 -0.0527193950094177 0.9984555952760147 0.017521438213608336
14.506638003 -0.00038894171450555765 -0.05316182275183601 0.9984350810074858 0.017351032811349542
14.546659718 -0.00041892249497151913 -0.05283825996527614 0.9984562669032483 0.017117998405610832
14.586950177 -0.00040126194880080835 -0.05270890972564046 0.9984530516316711 0.017695013754912316
14.626783718 -0.0002774350415386758 -0.05283089563516596 0.9984512677079355 0.017432312198918002
14.666630885 -0.00025606284410528577 -0.05281302634547749 0.998451731135355 0.017460219725543347
14.706605592 -0.0002548023963632577 -0.052848438783396026 0.9984500810029908 0.01744744505701927
14.746820378 -0.00029884007333739294 -0.05278011126738665 0.9984585812784 0.017164848404146265
14.786767463 -0.0002169994436435707 -0.052841847568245046 0.9984526484305558 0.017320534022501475
14.826617786 -0.0001713136857821046 -0.05283819495605118 0.9984522646522738 0.01735427947663504
14.866625334 -0.00019631839001268807 -0.052815296399046946 0.9984550526228709 0.017263076702330207
14.900069923 -0.00022767376630049286 -0.0528183656877081 0.9984523113256649 0.017411215327289013
14.939952266 -0.00023001876813022264 -0.052820844384517625 0.9984533398534222 0.01734455607443982
14.979953712 -0.00017937843629328858 -0.05283909038435473 0.9984506595267983 0.017443590262100444
15.013294145 -0.000148539929932582 -0.05283901457064846 0.9984492531171364 0.01752442366882974
15.053408894 -0.00018654328400326376 -0.05271145234835842 0.9984574030199453 0.017443690767625784
15.093576643 -0.0001672763482177127 -0.05218319113869825 0.9984838521506576 0.017518092806834373
15.133309736 -0.00017436056027548977 -0.05195542789191487 0.9984974329158204 0.017420665069966146
15.173347921 -0.00022148465474060349 -0.05225981313151539 0.9984795054924976 0.017536818054144906
15.213304414 -0.0002427158884744014 -0.05219318671241169 0.998483589340979 0.017502404593538162
15.253322211 -0.0002739971156363032 -0.052209200355474474 0.9984828008643578 0.01749916289110859
15.286747373 -0.0002788352453590049 -0.05218582649089524 0.9984813467759607 0.017651116248886094
15.320293502 -0.0002818347257666418 -0.05219402694283837 0.9984834804122933 0.017505526682480826
15.359979687 -0.00027973951825402264 -0.05217732676200458 0.9984832051184239 0.017570925252029586
15.393514896 -0.00025362572480803667 -0.05219458517792419 0.9984839636528328 0.017476706790037558
15.433379115 -0.00021909260032745246 -0.05216361929328673 0.9984858466289114 0.017462041759300398
15.473359161 -0.00017058988112004375 -0.05219775901525419 0.9984830674821027 0.01751938367661622
15.513316034 -0.00010939457571330405 -0.05221501018554311 0.9984836511342102 0.017434998188908923
15.546834972 -7.847768224662495e-05 -0.05221676177975467 0.9984827249937669 0.017482892195268662
15.58675185 -6.144737161450918e-05 -0.05223563782866134 0.9984811935073644 0.017514010875946756
15.62012255 -7.333355447739806e-05 -0.05224182074746103 0.9984813314483457 0.01748763952963989
15.660016335 -3.31431172352579e-05 -0.0522811209056847 0.998478915667262 0.017508234242997082
15.700016308 -3.127019886857057e-05 -0.052265434330593656 0.9984797620117308 0.017506805802503633
15.740035318 6.238126819704367e-06 -0.0522679945320561 0.9984802565590214 0.01747094646874753
15.780207414 -1.7737219878073566e-05 -0.05227174103452942 0.9984792811173128 0.017515420464960102
15.826688624 -3.9702958387808486e-05 -0.05228747997087257 0.9984753812184756 0.017689854792806547
15.866729805 -4.62430109042584e-05 -0.052288103299152754 0.9984756443503119 0.017673136512531003
15.90703949 -7.114539289420098e-05 -0.05229477397419476 0.9984757197226596 0.017649041833423522
15.946662978 -4.616823350509684e-05 -0.052284817179809914 0.9984756068831084 0.01768497159670624
15.9800191 -3.782283477577941e-05 -0.0522871074754632 0.9984753995369852 0.017689925967632338
16.013361988 -3.592001859454752e-05 -0.05228036765030578 0.9984758019637802 0.017687135463020358
16.053405884 1.0276286323229111e-05 -0.05228280698481322 0.9984760264311408 0.017667275694531276
16.09341218 -0.00010339555526777041 -0.052304044078017364 0.9985320994029417 0.014068501853346703
16.133373752 -0.0008820595276417494 -0.05052519647155454 0.9986645169047984 0.0107521703765383
16.173345452 -0.001277298264038848 -0.04916506725146389 0.9986682399750089 0.015585606710101702
16.206719428 -0.0005464337887853813 -0.04814810237461063 0.9987360434837792 0.014414475162329764
16.246984079 -0.00021893302721155502 -0.04695768373356617 0.9987880009992535 0.014746425554114312
16.286739684 -0.0008528787177996991 -0.04586496437647123 0.9987228716622274 0.021173173106362728
16.326711495 5.120430206815235e-05 -0.0456790550596759 0.9987454934299774 0.02051488874660268
16.366735774 -0.0005246212347864878 -0.04730187958204383 0.9986666718787331 0.02066725524158002
16.400100954 -0.00039969425535435276 -0.04839012786350618 0.9986114531888183 0.020818293157041343
16.433550321 0.0005163741006308937 -0.04997083816731733 0.9985341528170256 0.020789284466491784
16.473636206 0.0001343527192913264 -0.05178045054807497 0.9984599369836094 0.019912838297740244
16.520159886 -0.00031186877384527944 -0.05266956354162531 0.9985160337938492 0.013840161516507785
16.553738917 -0.00021495673142411307 -0.05233404449833894 0.9985241960488384 0.014509703135167527
16.593706229 -0.00045709770348272553 -0.051477348656703 0.9985071102968304 0.018259910285631172
16.633478085 -0.0005498348472887244 -0.05091126334073833 0.998567270140605 0.016466570700374543
16.67339903 -0.00023289282443504192 -0.051464990899421456 0.9985048734381482 0.018420591546489635
16.706756816 6.904196060682818e-05 -0.05231834903864994 0.9984172335910146 0.020635243045407932
16.740354271 0.00010635089868569369 -0.05272539380274449 0.9983616102821196 0.022228734843105852
16.78010625 -0.00025679411147241476 -0.05252398616252034 0.9983539594216614 0.023033381025711022
16.820072991 -0.00024175298065903922 -0.05206678597833265 0.9984445765432652 0.01993536868790217
16.853486121 -0.00025557225917575933 -0.05190338915429948 0.9984626723853975 0.01944902902789688
16.893390295 -0.0005451699410457578 -0.05222233350465712 0.9984336313476885 0.020070238337690696
16.933409295 -0.001147529226785047 -0.05176390697446469 0.9984463291846492 0.020593903202454324
16.973406503 -0.0012909675615031682 -0.05202904399769724 0.998477183595594 0.018292780610156566
17.006910343 -0.001220452685011756 -0.053181832978340095 0.9984092150636965 0.018688028579839238
17.047048536 -0.0011987734766859706 -0.05452066746705193 0.9983379981526634 0.018636019039251
17.08695262 -0.0012617477890639979 -0.055126173401781595 0.9983167477585552 0.017977323031387063
17.126742439 -0.0012113436238687467 -0.05542143462241949 0.9982952644343168 0.018263686348466562
17.160098752 -0.0011623078529741787 -0.05534194277227389 0.9983049467840834 0.01797641891683408
17.200093707 -0.0010840565753037065 -0.05533357009681321 0.9983143291767006 0.017479159080374507
17.233512757 -0.0012556283330000236 -0.055478619735354194 0.9983300737171884 0.01605023556158467
17.273596077 -0.0016791055903354571 -0.05388446594047778 0.9984940732147614 0.010160250475302352
17.307125906 -0.0015195240474271858 -0.05065542315353783 0.9986248822025926 0.013418785252889065
17.346938919 -0.001721366287833927 -0.047838421528012404 0.9987544182853837 0.014076017875670999
17.387848198 -0.0017586654710442494 -0.045848902733812605 0.9988785096861305 0.011683668134680416
17.427003207 -0.0022358065312883856 -0.04481406558171816 0.9988922664684182 0.01417535483784808
17.466793938 -0.0015103784930978303 -0.04589822874250224 0.9988055732236307 0.01668826691190836
17.500136566 -0.0015069425427707535 -0.04824176757131757 0.9986964368752915 0.016609875326578254
17.540121501 -0.0018753322373344168 -0.05214696833230053 0.9984499375353185 0.019362310256478908
17.580110574 -0.002569904797858379 -0.0555694814098826 0.9982884581093598 0.01804391118365674
17.613711606 -0.0037693893327341503 -0.05742963034588808 0.9982001684902596 0.016853868648182915
17.653757005 -0.0040895323030049925 -0.0577730342384477 0.9981903799671279 0.016171505233174118
17.693556734 -0.0036225741009342518 -0.057885681429767355 0.9981972761785748 0.015437702936926444
17.733533464 -0.003791756926286598 -0.05833081927192292 0.9981709084484705 0.015426458752201024
17.77346527 -0.003727651468547066 -0.058208026531076096 0.9981860610913793 0.014917027343399718
17.813828034 -0.003596128611536048 -0.05805456931050128 0.9982033279177852 0.014382314662112036
17.853730946 -0.0036153950974009896 -0.05810743707739999 0.998202896670668 0.014192665460489728
17.893624149 -0.0034523811827518024 -0.05802160943385823 0.9982080489240409 0.014221988824820066
17.933702229 -0.0037021526600222875 -0.05826262231826026 0.9981943149273435 0.014137558240838786
17.973498842 -0.0035168898249445025 -0.05793026049933404 0.9982217665307562 0.013602250867228279
18.013495129 -0.003363831053677835 -0.057640631414257903 0.9982396331595188 0.01356012685623974
18.046854267 -0.00349396495937957 -0.0575549663013468 0.9982443638825206 0.01354282244198662
18.080417758 -0.0034245824888407177 -0.057518435013199795 0.998249055327485 0.013368822169253962
18.120241041 -0.0034609454443659607 -0.057472720728628496 0.9982481121128789 0.013624055627946434
18.160165222 -0.0032415969170765772 -0.05521920236235258 0.9983861254163328 0.01286375979467808
18.200169845 -0.0024300139283954833 -0.0392335320885613 0.9991954151845662 0.00795909959143148
18.233630564 -0.0017787521546066215 0.002709212764306776 0.999982263710566 0.004996846131537538
18.280167508 -0.0013055730602838666 0.10309869404464775 0.9946636172803912 0.0036391240649088236
18.320142345 -0.0014533470772841077 0.20071848190252312 0.9796419689876501 0.0034046149590505324
18.360157036 -0.0015054870890986612 0.27364254919823083 0.9618187835464024 0.004702807059320736
18.393640487 -0.0006329942150852375 0.31645083013320824 0.9485893126816548 0.006065252877884961
18.433556113 0.0009508199300561918 0.3509396914084531 0.9363642940101907 0.007895431488989592
18.473502827 0.0010021216201052618 0.3721337689906389 0.9281513874174421 0.00710322209686486
18.513530332 -0.0004430357565390145 0.38508852062225946 0.9228367027047654 0.008891296040211147
18.553513715 -0.0028514230999710905 0.39347466469879977 0.9193012530835531 0.007400250366104103
18.593563602 -0.00023283941548570084 0.39944298094044994 0.9167160801440033 0.008768076677776735
18.633503774 0.0009492664943168139 0.40281547613326835 0.9152655779521587 0.00526430399504327
18.666961126 0.0018707016714670627 0.40284430922080566 0.9152353484838794 0.007564382939813181
18.707085614 0.0041362486547947015 0.4008592478211809 0.9160628325639737 0.011119427960643758
18.746975441 0.00693133334142943 0.39489544526954906 0.9186112876772875 0.012761115756484873
18.786862783 0.006268447379461106 0.3839390747199652 0.9232395696235375 0.01342350743930405
18.820200652 0.005396242667511835 0.3765380094943539 0.926290728733079 0.013247408586020413
18.860195546 0.004670520109579164 0.3693643502318363 0.9291991413623765 0.011709769901311387
18.900215788 0.005745984243655541 0.3600484272301461 0.9327928426906419 0.01515342665146539
18.933733503 0.008061934227509485 0.3489402710373867 0.9368556211003461 0.021845770243935966
18.973709262 0.00853357722355969 0.33302285443232893 0.9425999885014164 0.022982997251079024
19.013541431 0.009285901393801739 0.3198474870187479 0.9470968911440181 0.024876411888221844
19.05361884 0.009970118134467234 0.31048828033676923 0.9501342636692475 0.027248954467968833
19.093550115 0.009800436818098947 0.3043736507531285 0.9520940077311767 0.027886064759535072
19.133524731 0.010621653826857569 0.29952625027125707 0.9535275179162783 0.030926985705758
19.173547828 0.014331910554419626 0.2945125954983122 0.9547356826733946 0.03920081201805462
19.213531902 0.020782543366825074 0.2920974234119834 0.9550348269809505 0.04642908981180173
19.247174913 0.023088308400896373 0.288985005361395 0.9560903210082707 0.04296387745259467
19.286891936 0.023356192059995524 0.2836815648889828 0.9578493450820937 0.03878002269724468
19.326926204 0.020464717542658377 0.2806713453263664 0.9588626581422977 0.037245054287439
19.366897273 0.01651946187673887 0.279795324443794 0.9591096260788567 0.03937523284465553
19.406894843 0.010800109382574488 0.28067590507568435 0.9589740938706572 0.038380740381365006
19.440248911 0.009290612472442622 0.28330775488898935 0.9582029102138575 0.0386986226801585
19.47366694 0.009298129665587237 0.28567268605845786 0.9574956016792339 0.03881795962939925
19.513733288 0.009260479020182526 0.287774641657193 0.9567554837200914 0.041460143739799074
19.553724235 0.008131918684636199 0.2903110715353128 0.9558616001989501 0.044519152144075876
19.593592492 0.00808306551529927 0.2923537625689582 0.9552511033428615 0.044263654682984176
19.633586855 0.010064052326075247 0.2927743792919725 0.955237231895819 0.04127600369454131
19.67360319 0.011990111609963435 0.2887838030069489 0.956316539058551 0.04380444575039124
19.713579369 0.012741078204090425 0.2818470184645501 0.9582776991314106 0.045866921155128734
19.753622503 0.012654004993846092 0.2723513727258572 0.9608979136447007 0.04837153589889574
19.787066571 0.012469245542105184 0.2620531809415849 0.9636674129129956 0.050177341137027535
19.827017252 0.01185538009238376 0.24535934461107778 0.9679218138191767 0.05277882442686876
19.873582299 0.010158005115372123 0.21449936272771156 0.9752089328344 0.05342635717950812
19.906961325 0.010151729309928848 0.17945662865434228 0.9821327275432069 0.05574554971095213
19.947033634 0.010468165134654775 0.12009944170303144 0.9907810709554412 0.061801383946659995
19.986931627 0.007922882030638118 0.04726272503322574 0.9969328704821521 0.06187337484717235
20.020273543 0.004940809832357375 -0.014383500786506603 0.9979811423118092 0.061663140475824336
20.053608426 0.0032337656445077046 -0.07237570793205692 0.9955236566040822 0.06069554186863813
20.08706139 0.002623713213476098 -0.1227543064513046 0.9905212600457745 0.0615802709799489
20.120527048 0.0015064874026360319 -0.1662703183006255 0.9842412448513573 0.06017544084894457
20.160272655 -0.0014273192087506054 -0.2164837618118179 0.9744275919481779 0.06019644243438179
20.200292876 -0.0042587347165762585 -0.2626026740215378 0.9629604948576285 0.061063770919450616
20.233739879 -0.003920424401683507 -0.2917839987287494 0.9545213915539229 0.06111989385081069
20.280281162 -0.0028090289164103507 -0.31967239404084297 0.9457312633159168 0.05825845373525335
20.320304159 -0.003194996631153117 -0.33308260014041496 0.9410610286824778 0.05873596662441372
20.360609916 -0.0059028390182522955 -0.3408759505692261 0.9381198223407106 0.060827146460153164
20.400307443 -0.01079688750354384 -0.34543932534891963 0.9365219708547661 0.059005913508935116
20.440313959 -0.014016976320813068 -0.34653729292406443 0.9360853989792368 0.05881798029145688
20.480296199 -0.015226937623375512 -0.34667047257858 0.9359533213614785 0.059825613621383195
20.520296554 -0.012894653044458639 -0.3470698795163402 0.9360088547065043 0.057128369190745265
20.560338065 -0.012114088045211352 -0.34705148387255025 0.9358114931040631 0.06054226446903016
20.600281974 -0.011087050767939654 -0.3466899718422268 0.9357349911653664 0.06389966383367747
20.640294191 -0.009836397020190613 -0.3447567422984829 0.9364707115510101 0.06378589452648156
20.673641908 -0.007768777559186879 -0.3422592738962018 0.9373873310663836 0.06405643670641349
20.713778818 -0.005737215226556938 -0.3395526720077515 0.9385091242722027 0.062222913397426034
20.760320742 -0.005343603909394227 -0.33762447132778955 0.9397487083188233 0.053418418836515796
20.793937503 -0.005788850350271257 -0.3345359901015072 0.9413494709572896 0.043741674257593656
20.833670386 -0.006820936808182919 -0.3301236164599562 0.9429046035052338 0.04362088221363945
20.873671753 -0.0010589258858409655 -0.3269124004607237 0.9436481850497 0.05152925337497849
20.907009551 0.01560885205072379 -0.3264449681212727 0.9444120018149624 0.03572138510493773
20.940549849 0.03192075949364848 -0.3237119183148877 0.9454551538850117 0.017498887007834793
20.980315964 0.04377662749470373 -0.3191562890920641 0.9466775314310011 0.004951919009691021
21.013908119 0.05094758314001308 -0.3147438102311253 0.9477774897503978 -0.007649027115867254
21.053769203 0.05635086607188429 -0.30898538005098003 0.9491657821654105 -0.02090293697126416
21.093734061 0.06273032081284641 -0.30497858421671664 0.9494142089898803 -0.04081212795241649
21.133969616 0.06836694158517838 -0.30177794472405894 0.9488499911899692 -0.06276724938378977
21.173792257 0.07253724674843184 -0.3002835354151077 0.9470589006457398 -0.08745047112762407
21.213690781 0.08520143713223784 -0.3004388295711694 0.9438735506014199 -0.10761015412857669
21.253684433 0.10526236558052131 -0.2992985153684436 0.9418760835561569 -0.11049740411228386
21.300373713 0.11097300345020843 -0.3056736152320367 0.9409883520495849 -0.09375262536709865
21.333828781 0.10142419083735563 -0.3098654098084415 0.9415500289883093 -0.08473549568715656
21.373793298 0.09196069581433682 -0.308249136817472 0.9421449746752637 -0.09427908978545253
21.413689437 0.08459366508113021 -0.3087808309953479 0.9438166698408702 -0.08190484703882696
21.453724256 0.07965610709271179 -0.30944585233718697 0.944928713403723 -0.07076648683756578
21.487418173 0.07554469744726124 -0.31079464174690147 0.9451217664761228 -0.06666735244533269
21.527220686 0.07635140624595206 -0.3109227497236895 0.9448254632945099 -0.06929899262500443
21.567032868 0.07739251958101116 -0.30892357647338936 0.9456269588917993 -0.06607780587186696
21.607038091 0.06891848518722249 -0.31030308642833504 0.9472248729095712 -0.04156052326420356
21.647046401 0.050250526565656393 -0.31218923150771066 0.9485597941026128 -0.015718947881712058
21.680447988 0.03346834195914122 -0.31476055299254824 0.9485504711053322 0.007593953659574121
21.720631306 0.027052335721626918 -0.31235862042804036 0.9495784178772014 0.0010448340188091627
21.760571097 0.0224742384941837 -0.3089341361140007 0.9507966188722352 0.006355917614957271
21.800413846 0.012158675632756865 -0.30627896851857056 0.9514698362373627 0.027395451821495435
21.84040851 0.0014106576895608716 -0.30351066255812115 0.9517181009364145 0.04595589307584099
21.880420256 -0.007060130383143108 -0.2998999957195115 0.9518916125169956 0.06255002115270542
21.913836351 -0.013270008758150001 -0.2974667932433082 0.951507416822864 0.0772725663879629
21.953890927 -0.017305605016802807 -0.29652976612654514 0.951155018404604 0.08411150218416247
21.993761688 -0.016189135937386603 -0.2966078622849019 0.9518458342106951 0.07583663892952669
22.033782772 -0.012248308252599604 -0.2929265464382274 0.9534732586339548 0.07023362732103088
22.073714738 -0.013156280709281777 -0.2918238401405496 0.9536973650893971 0.07160373192133969
22.113771698 -0.016110939775196224 -0.29071926455422964 0.9535788906468134 0.07687682452729364
22.153731727 -0.01591084370483604 -0.2894164083552776 0.9535276484084371 0.0822800786825548
22.193755967 -0.014320009125244585 -0.28964814012193785 0.9533992830795258 0.08323880877332035
22.233776759 -0.015746711881830456 -0.2909591003484262 0.9536200339695236 0.07552267077712518
22.267272744 -0.01616197495602518 -0.28769610109150123 0.9549796243161295 0.07059505027474527
22.300719607 -0.014786002543363508 -0.2780449319836435 0.9577723023607412 0.07172591412874305
22.340436861 -0.012110627475347996 -0.2574383042099288 0.9633571256263106 0.07430949288403474
22.380412719 -0.009703732571411935 -0.22424195290616836 0.9717025203331761 0.07359073385395776
22.420422962 -0.008427300759068486 -0.1846210170847912 0.9803013533421371 0.06966575405511667
22.46040931 -0.008658230599700814 -0.14523220892970806 0.9871036445620802 0.06677600934870496
22.493993681 -0.0072352654806858525 -0.1115279297084285 0.9916975653027018 0.06360118553194691
22.534043649 -0.0020610765149099157 -0.06321081270456128 0.9959848845264511 0.06335814798161633
22.580407428 0.01215195443023826 0.016943287170223014 0.9978944587670696 0.06141583008777194
22.620419234 0.018681775083673864 0.1003008883503088 0.9931879817782415 0.05628815085899735
22.653859204 0.01737102448267612 0.17753856083271638 0.9828406592048852 0.046931285296448924
22.693784528 0.013255969790793342 0.26808484634900526 0.9626716578779012 0.03490091032550501
22.733743915 0.008414112582916149 0.33605571064123274 0.9413108996762793 0.030488558599773855
22.773759559 0.007366177363461463 0.38123479966793095 0.9239787702275895 0.029478791052452612
22.813901879 0.00853814212769355 0.4133749297120361 0.9100533227906953 0.029175628394110614
22.860501682 0.007122345721836147 0.43595330007003535 0.8994910603994047 0.028457417504382746
22.900582878 0.006683643340795994 0.4474466928986763 0.8938094212611278 0.029180548154186612
22.93400801 0.00702223583483916 0.4535848281618705 0.8906689741504369 0.03033595805401321
22.980427163 0.0058102229743825125 0.4593407001215347 0.887686894015998 0.03137420458078156
23.020553825 0.007140191623793106 0.4629044165700941 0.8858105466700632 0.03175207381510868
23.060454583 0.009593037542266033 0.4652717347470686 0.884468262151517 0.03385379923792424
23.093886427 0.011552330366725858 0.46620632268137957 0.8839962085535888 0.03269421382880053
23.133927969 0.011312603663616456 0.4653010155592709 0.8844650242467338 0.032994102534936814
23.167294601 0.009976274402455281 0.4649473026633554 0.8846653530850902 0.03304077399138273
23.207133823 0.00903368201684663 0.46430827174187367 0.8850538322724792 0.03187374093342324
23.241122522 0.008154156015668984 0.46183320449717963 0.8863552750270701 0.031904974458932596
23.287192561 0.007409831035098381 0.45909622165472264 0.8877748799006284 0.03211722721241453
23.320548964 0.0073532449674773995 0.4579078975568791 0.8883930219491633 0.0320019639322398
23.360526596 0.007377234361025753 0.45714404838282674 0.888819804381048 0.031052387692057024
23.400611078 0.0071182105993183595 0.4576353446825847 0.8886142967294307 0.029729682527310782
23.440507829 0.007859132631131055 0.46003271025228787 0.8873973308993818 0.02888107762660368
23.48049033 0.006296037353600417 0.46872930932914325 0.8830267592211009 0.022736248348097985
23.520516673 0.0015920392337300591 0.48799342606308915 0.8728235262177227 0.0062428848417339445
23.56048104 0.0002656536711741163 0.5120803165081558 0.8589177516757183 -0.005828784552816114
23.594031627 -0.00027857252268524913 0.5318190857123628 0.8467987145439778 -0.01001596306317614
23.634023035 -0.0059927668724887055 0.5516984416098056 0.8338878865921624 -0.014963584643420843
23.673994455 -0.016109534701889437 0.5682734588932455 0.8223992890487405 -0.021567757911328325
23.713923666 -0.025878487756255977 0.582208162609543 0.8121237609543528 -0.028617410009059915
23.754050327 -0.029982109347684163 0.5951440370022235 0.802390617703992 -0.03277109946836912
23.794108721 -0.03409482925307334 0.6060233939460055 0.7938015865435448 -0.03810813311249048
23.833922115 -0.03160879911998943 0.6150482530742123 0.7866887799029996 -0.04286366507056751
23.873831939 -0.024259734439515377 0.6197070958115242 0.7831879109881089 -0.044623724271427447
23.913890884 -0.027266612651252648 0.6180213600897948 0.7843558239838889 -0.045739170191876594
23.953827739 -0.03639093735486993 0.6192146566428923 0.7826197056993921 -0.052490998543139517
23.993817323 -0.03799346058625497 0.6232007080456241 0.7791933186322624 -0.05509216498700034
24.027299522 -0.036027686543224774 0.6246187937983794 0.7783412503464434 -0.052328445852478936
24.060702303 -0.03934771213300443 0.6254306000340958 0.7773885573543353 -0.05436315834675708
24.100509164 -0.04530657722114117 0.627757763288678 0.7746834900849674 -0.06109823959064104
24.140497286 -0.05159921394043281 0.6291626087353633 0.7729073084815136 -0.0640798360321238
24.173963845 -0.056691162796530734 0.6303388281672004 0.7717337891033981 -0.06233805035200904
24.207466733 -0.061385386887485106 0.6324756693072934 0.7699032237389956 -0.058782549172922596
24.247177975 -0.06239995876684854 0.6340687364562461 0.768650091099214 -0.05692205238609326
24.28053 -0.06178182253805372 0.6342325155006028 0.7685464635790007 -0.05717041197915084
24.313947919 -0.060250457638519446 0.6327011581506521 0.7698632843178841 -0.0580486889468912
24.353904311 -0.058231568653944056 0.6302434079091408 0.7720978700602782 -0.057159515809312424
24.393880981 -0.059745778586247855 0.6276124896863229 0.7739145805182781 -0.05991015600109714
24.433944464 -0.06061621483101987 0.6247007200614435 0.7760145584537744 -0.06225825183915082
24.473868675 -0.05980190760838653 0.6227996470342844 0.7774356671332839 -0.06432818176658175
24.513888857 -0.05240993677293341 0.6222727203895053 0.7774233865926897 -0.07511816002309307
24.553862121 -0.04889299555181445 0.6151070132013898 0.7826152775769508 -0.08225669942070217
24.593878896 -0.054017551161342624 0.6082396134116735 0.787897312196476 -0.07965238400022062
24.633930407 -0.05836433448246752 0.6069640555955778 0.7883626712145094 -0.08168560651002398
24.667294234 -0.060645455387565224 0.6056412709757627 0.7887603011405151 -0.08589509285414171
24.707287916 -0.06443405614571215 0.6012354030770771 0.7921038606947776 -0.0832809484082896
24.740632176 -0.0730159415019089 0.5995824634579004 0.7926640314024777 -0.08278451015206398
24.787213714 -0.080395373261967 0.6001048953535183 0.7913131689294178 -0.08505390766857583
24.827255937 -0.0836896856050253 0.5997881476279555 0.7908003165261362 -0.08879793843620763
24.867534784 -0.08099601419558361 0.5992624254549237 0.791494641298699 -0.08865903178895407
24.907283997 -0.06806956262842671 0.6004060060597562 0.7910487631691192 -0.09550401467767332
24.947417932 -0.06100376119581205 0.5924279151334885 0.796824980973777 -0.10187078181054877
24.993883603 -0.06657495800058623 0.5838724944289849 0.8032482545057198 -0.09722616340270634
25.033914345 -0.07261909227336795 0.5843778469479471 0.8017213510512022 -0.10233217823592176
25.06725044 -0.06847077281363176 0.5855064708730194 0.8013544296278419 -0.10161202661084064
25.107272375 -0.06644792400780694 0.5832859475241734 0.8035258101770976 -0.09853146297056165
25.14725208 -0.07036434129675198 0.5816431998845868 0.8046853825308673 -0.09602855118684682
25.180733728 -0.07303710524000405 0.583088828404069 0.8037522493905783 -0.09303397792267284
25.220629276 -0.07532224425386441 0.5862177045328616 0.801542749583554 -0.09057915324631582
25.260588614 -0.08085103503925632 0.589951699110681 0.7982004214889307 -0.09108342321407735
25.294049072 -0.08799653828039702 0.5950375184366258 0.7932301869387656 -0.09472503065473281
25.33392869 -0.09442890439892573 0.6009401106153364 0.7875830041404719 -0.0983218035672419
25.373908145 -0.09490843667443855 0.6055046444239501 0.783993397431177 -0.09854373147674307
25.407530698 -0.0937419965526357 0.6077492621336622 0.7823035019523955 -0.09926985086788999
25.447275333 -0.09278268403033964 0.6085179471726572 0.7818036109725726 -0.09940017798348161
25.480710022 -0.09005004232795566 0.6089438361574927 0.782008943329129 -0.09767500619805007
25.520601052 -0.08939114633363396 0.6101307317569893 0.780993096317666 -0.09899240691580598
25.554143294 -0.08860944382258129 0.6116354819698063 0.7798187586682164 -0.09966497524294976
25.593930128 -0.08783266537067198 0.6126995572068474 0.7790450173243355 -0.09986759471691585
25.627264219 -0.08805665590597543 0.6129606075847963 0.7787936395779876 -0.10002892508072758
25.667259364 -0.08800572252471214 0.613167530996132 0.7786687101042465 -0.0997778113590382
25.707432662 -0.0879378148588731 0.6130306572090697 0.7787815084143034 -0.09979837770026732
25.747262036 -0.0881995094196813 0.6127921221214268 0.7789087140923642 -0.10003937582285084
25.780712636 -0.08775977570425589 0.6127117995104115 0.7790686791373609 -0.09967178987165773
25.820614345 -0.0878485820584814 0.6123180484983416 0.7793085762868568 -0.10013679163648535
25.854047853 -0.08816071978947305 0.6120951865282486 0.779407653068554 -0.10045337452430085
25.893955995 -0.08810184214954625 0.6122747415605319 0.7792812771156411 -0.10039122169719553
25.927613212 -0.0882229784696668 0.6122329690276995 0.7792708694474764 -0.10062012589955775
25.967309677 -0.08839026033782948 0.6121345637026923 0.7793304928425279 -0.10061024164441656
26.00086368 -0.0884190590524397 0.6122429643590737 0.7792404911997114 -0.10062246003715006
26.040639093 -0.08842105459751103 0.6122718132728567 0.7792192674435126 -0.10060952748238036
26.074004904 -0.08845909852902721 0.6121833203895672 0.779272937775518 -0.10069885091176455
26.113960725 -0.08844822986983289 0.6121817025758122 0.7792730414752116 -0.10071742894974145
26.147338057 -0.08842337060455913 0.6121676515031605 0.779298358854796 -0.10062873282644064
26.187770001 -0.08856488563964779 0.6121710319346246 0.7792726042357182 -0.10068315141777524
26.227332144 -0.08854653034712757 0.6121800091403277 0.7792696975438361 -0.10066720847610555
26.260804414 -0.08857974326547882 0.6121662635148225 0.7792727992592764 -0.10069756318766719
26.30066147 -0.08858531810222102 0.6121606373405175 0.7792666551842697 -0.10077437980707395
26.33421898 -0.08863682447121828 0.6121602626141485 0.7792666539486836 -0.10073136684994258
26.374008679 -0.08878774660896056 0.6121562984439768 0.7792527025096038 -0.10073047184914158
26.413976052 -0.08876710603855009 0.6121335964507894 0.7792677117273196 -0.10077050382443428
26.447357372 -0.08866670546111019 0.6121283129857678 0.7792858859049837 -0.10075044324049211
26.487503059 -0.08738665637905892 0.6126142393197818 0.7792560774908835 -0.09913289949888297
26.527321061 -0.08541940761288655 0.6141232214432308 0.778620520351819 -0.09646905708212804
26.560895924 -0.08417220769255872 0.6157873584001188 0.7776662347482093 -0.09463718095604702
26.600647242 -0.08330189764184681 0.6174128539721105 0.7766467615545222 -0.09317708605743122
26.633998756 -0.08246263924851911 0.6185141713538977 0.7760157435196195 -0.09186783317495781
26.667527251 -0.08238585900939137 0.6190660492639422 0.7756134142256627 -0.09161674823540693
26.707322341 -0.08213852236969994 0.6195273947295158 0.775319078417469 -0.0912107283408464
26.740683042 -0.08131182445927304 0.6198559753998318 0.7752502444914614 -0.0902995868216272
26.780657368 -0.08091112346580376 0.6206635072716358 0.7747197065165419 -0.08966368928220918
26.814012879 -0.0826065105643979 0.6209847804577556 0.7740900737253664 -0.09131606984569277
26.847448872 -0.08292145547198615 0.6213867229275569 0.7736772049285757 -0.09179409221548927
26.887376981 -0.08275309610930524 0.6219425506457306 0.7732881686873005 -0.09145926387659127
26.927397783 -0.08282674616197976 0.6217171971071748 0.773461379719678 -0.0914601061859717
26.967353755 -0.08245323494756124 0.6219150311764174 0.7733788495884393 -0.09114994817760672
27.000781191 -0.08173258516166523 0.6221368814156821 0.7733978656273809 -0.09011784922074267
27.040672491 -0.08147526471663002 0.6224621242787659 0.7732051165782072 -0.0897581905733526
27.080837103 -0.08165714615548109 0.6227226616390893 0.7729596345276377 -0.0898999474625621
27.120905476 -0.08165174573335378 0.6231279259202596 0.7726733543222486 -0.08955706492184672
27.160688783 -0.08144384106603425 0.6235728405596255 0.7723476627490635 -0.08945893535510721
27.200996123 -0.08166713947606505 0.6237115864386193 0.7721939404616385 -0.089615029913209
27.240718807 -0.08142405854565325 0.6241833102777137 0.7718655347230626 -0.08938072592785454
27.280905471 -0.08132663233307569 0.624630202348209 0.7715257277337078 -0.08928124457448487
27.320697144 -0.08165391929380969 0.6249389604370202 0.7712078387167624 -0.08956786641243955
27.360939602 -0.08158486987251269 0.6252505707014727 0.7710031777933024 -0.0892173339547707
27.400732628 -0.08129528634101485 0.6252684981471888 0.7710312178654617 -0.0891136505839274
27.440877263 -0.08144525014965068 0.6251592463349976 0.7710914211265759 -0.08922224058448698
27.480710484 -0.08124429431416466 0.6253309275985084 0.771000821703657 -0.0889849906583586
27.514290827 -0.08126494006584199 0.6253729124527984 0.7709502473825385 -0.08910917992666131
27.554030553 -0.08153096214322517 0.6253089905069056 0.7709471541760037 -0.08934122268670681
27.587481343 -0.08139926066649855 0.625555503067714 0.7707959401325699 -0.08903983164738327
27.627368936 -0.08138550868975045 0.6257830897451712 0.7706096816677376 -0.08906538095267841
27.660741459 -0.08156106186550868 0.6257743167682527 0.770585338518102 -0.08917697977358974
27.694244818 -0.08156307117387031 0.6258243223781812 0.7705540020663454 -0.08909496529049778
27.734055317 -0.08151044031595034 0.6258661212319645 0.770532753561653 -0.08903326402111045
27.774043669 -0.08156272345987751 0.6258125761738789 0.770567569252979 -0.08906044497966664
27.80739412 -0.08149924558922379 0.6256870981323183 0.7706718742638367 -0.08909764541114998
27.847544356 -0.08155179671071454 0.6256271550222774 0.770697514042147 -0.0892485809480487
27.887585848 -0.0815298559528451 0.6258401291929199 0.7705386898295927 -0.08914674843084558
27.927383412 -0.0812976755768437 0.625163870792278 0.771114907545286 -0.08912138892119782
27.960748792 -0.08110878656795009 0.6224888022214032 0.773268870867594 -0.0893549617961635
27.994281105 -0.08096038835537765 0.6182135784820257 0.7766274847594381 -0.09003964023708512
28.034101211 -0.08286172506091632 0.611521459906528 0.781246931683365 -0.09396100429989789
28.074205501 -0.08456586969270621 0.6043785236413396 0.7861848035601089 -0.09740979671154298
28.114118491 -0.08453125798896521 0.5994884530323744 0.7897690139414542 -0.09865579416130059
28.147516442 -0.08493235628772132 0.595842303672778 0.7922873324793459 -0.10019594204405197
28.187405829 -0.08532880829358278 0.5911284572672023 0.795594319466083 -0.10156682685500631
28.220806435 -0.08532957028375544 0.5882769337516321 0.7976112899475005 -0.1023002629481051
28.260868365 -0.08572619803532688 0.5858897327662432 0.7991088898656319 -0.10396740906277059
28.301100223 -0.08541829179978526 0.5840880389375307 0.8004697497510661 -0.10388964303327838
28.340761792 -0.08564383569158568 0.5829312020792881 0.8012880685396695 -0.10389310981193567
28.374207954 -0.08603618324086032 0.5824708571461635 0.8015352422817494 -0.10424361433246591
28.414099033 -0.08584750838426894 0.5824555321903135 0.8015761509439029 -0.10417020957581402
28.447525157 -0.08579905207835864 0.5823076374081448 0.801724054734632 -0.10389840296395504
28.487452104 -0.08423431387015567 0.5822700460154345 0.802191381463684 -0.10176031341045705
28.520930125 -0.08401723299932011 0.5817997600723811 0.802559313561179 -0.10172852085362878
28.560783654 -0.08418231626763273 0.5808915180497288 0.8031535676608039 -0.10209176577677646
28.594143073 -0.08466353084720998 0.5806862489741285 0.803162407403423 -0.1027896596491001
28.627574758 -0.08487273816018341 0.5806488861465705 0.8031413833060373 -0.1029922703662988
28.667459826 -0.08485017487775827 0.5804882998585073 0.8032489907415844 -0.1030768665764521
28.700843169 -0.08499452307067121 0.5801964289793184 0.8034059249677263 -0.10337772765150142
28.740791386 -0.08537079609300982 0.5799580542560234 0.8034933797855609 -0.10372497827808703
28.787601443 -0.08540522601575132 0.5797830423905901 0.8035919347266252 -0.10391137362112517
28.827780733 -0.08559848205888142 0.5795455778578098 0.8037000791980106 -0.10424013503341308
28.867461047 -0.08557029664868049 0.579312424504824 0.8039042317879578 -0.10398473570295247
28.901012737 -0.08542478028712111 0.579313173357498 0.8039108848053733 -0.10404875481621342
28.940866977 -0.08569964083470062 0.5793017786945396 0.8038304506305564 -0.10450659022866796
28.980944496 -0.08557993202812551 0.5789905898256332 0.8040854258289711 -0.10436761996361191
29.027483274 -0.08566215933608236 0.5785173379825143 0.8043754977855972 -0.1046887896275319
29.067662043 -0.08556715683046438 0.5782419635063984 0.8045879869495853 -0.10465497870923213
29.10747724 -0.08492998006301714 0.5789071898816168 0.8042932126743034 -0.10375833477804536
29.140886022 -0.08471518951270537 0.57964815052484 0.8038567490889805 -0.10317792982539783
29.180825292 -0.08498890815400453 0.5809114059614513 0.8029303661675458 -0.10306139432751148
29.214305537 -0.08460578245440188 0.5821954484001413 0.8021318460534005 -0.102346582670849
29.254137816 -0.08422070823149909 0.5831731846660101 0.801561197618086 -0.10156552301124673
29.287697591 -0.08424544273075983 0.5837456904239582 0.8011382858763958 -0.10159291901301445
29.327526534 -0.08421250722038406 0.584366631758979 0.8007221609389691 -0.10133071743331486
29.367786816 -0.08444083455909285 0.5848090390629863 0.80037190949119 -0.10135551187092427
29.407482198 -0.08423675263628369 0.5850602157039752 0.8002412002755126 -0.10110754119905546
29.440826168 -0.08429361068686936 0.5853254749188831 0.8000454243884226 -0.10107420305648414
29.474433602 -0.08440475448033107 0.5858636620508764 0.7996285732935168 -0.10116200710754236
29.514166094 -0.08433448747345412 0.5865346197916015 0.7991724456287023 -0.10093679287727665
29.554340074 -0.0844197574174987 0.5870755547715593 0.7987849618508992 -0.10078780813220546
29.594325922 -0.08438384766988938 0.5874972122982267 0.7984890754319702 -0.10070545273238424
29.634179992 -0.08444125120731351 0.5876673749565782 0.7983464080346139 -0.10079555686843336
29.680885082 -0.0844533857957999 0.5879039019313343 0.798181194235918 -0.10071449195454191
29.721040196 -0.08462071487279162 0.5883915990048483 0.797767417837258 -0.10100399928819341
29.760851526 -0.08459304903379962 0.5886124966267067 0.7976606869520977 -0.10058217218348287
29.794195536 -0.0845292897500443 0.5884603582523537 0.7977943118338021 -0.10046612337248284
29.827646436 -0.08454305172281613 0.5884111564960348 0.7978205904860802 -0.10053401768970754
29.867508471 -0.08462555752438279 0.5885740706230791 0.7976825664127014 -0.10060617100909974
29.907558138 -0.08472926648058214 0.5885641389644938 0.7976783263002205 -0.10061060320625105
29.947667598 -0.08468691509820024 0.5885964999996568 0.7976787240308154 -0.10045367005676893
29.987510206 -0.0847410848654488 0.5887820893118493 0.7975254254511775 -0.10053753329139746
30.02094718 -0.08477625210143333 0.5893006296495252 0.797133620729281 -0.10057706337597155
30.060854009 -0.08486782200165985 0.5900762884390618 0.7965852093283685 -0.10029671425303496
30.094193431 -0.08511189158908433 0.5908689131553505 0.7959645514772599 -0.10035101478483975
30.127623161 -0.0851413641508818 0.5914412852169851 0.7955471905591288 -0.10026376137411294
30.167558223 -0.08502295158418068 0.5918125789643854 0.7952749303686257 -0.10033321588892924
30.201099804 -0.08510757629357431 0.5919051442757473 0.7952157624963997 -0.10018428876131165
30.240905954 -0.08506400964368109 0.5924915727885682 0.7948165015723863 -0.09992286658268655
30.281018759 -0.08541522983695883 0.5927404288390578 0.7945347986487286 -0.100386633910166
30.320864033 -0.08498429635122894 0.5929740160681893 0.7944715142799809 -0.09987241180287558
30.360868034 -0.0853046233612818 0.5929496073131821 0.7944255385479038 -0.10010968046700641
30.394318243 -0.08542849532336241 0.5932159507482162 0.7942083999653458 -0.10014901591708869
30.434210084 -0.08513712917285692 0.5933368058982667 0.7941892681590179 -0.0998324112885709
30.474378153 -0.0854407698846 0.5933000921975441 0.7941496698805359 -0.10010583034243485
30.514217436 -0.08538793211722615 0.5933287863907674 0.7941401411281307 -0.10005642676907751
30.547590891 -0.08532803789418805 0.5933633877836946 0.7941353293062416 -0.09994045594578715
30.587553004 -0.08544016142068904 0.593327003729519 0.7941485882885291 -0.09995531592213708
30.620944022 -0.08543326464380113 0.5932966303136313 0.7941621913704987 -0.10003339216681668
30.660913088 -0.08548842092507397 0.5931695506796949 0.7942507008713204 -0.10003718408473215
30.694273087 -0.08537331203190211 0.5932024378852414 0.7942411409825644 -0.10001637491143173
30.734217267 -0.08536490073575856 0.5933819661393617 0.7940947274975291 -0.10012112536115654
30.767780568 -0.0856201204028444 0.5934273630902778 0.7940124292738236 -0.10028669840314375
30.807553516 -0.08554941316975397 0.593617692360826 0.793896017184246 -0.10014213459633227
30.840967607 -0.08543898911147617 0.5937367678288719 0.793825864872106 -0.10008659214792982
30.880907238 -0.08558616872933404 0.5936523218593789 0.7938628181204217 -0.10016863021477676
30.91437009 -0.08561164596358005 0.5936078800554884 0.7939011390279526 -0.10010650459163527
30.954257974 -0.08561975496273892 0.5935200022095438 0.7939603349214995 -0.10015114132472092
30.987741756 -0.08559466490255471 0.5933810498994851 0.7940710180188553 -0.10011843637863475
31.027578073 -0.08565943707007848 0.59329235684325 0.7941212075545916 -0.10019055775998228
31.061204021 -0.08566248795747522 0.593246971041153 0.7941462058074134 -0.10025853235072989
31.101072549 -0.08564506281042074 0.593203412239474 0.7941761436600847 -0.10029400662472392
31.141072392 -0.08562673561681595 0.5931694461428795 0.7941949901752486 -0.100361286812667
31.180924108 -0.0856480988837502 0.5931715652994429 0.794187543371799 -0.10038945776761225
31.214301881 -0.08566553996926841 0.593162396543319 0.7941939554183591 -0.10037802431658695
31.247739947 -0.08565871468805586 0.5931479321909612 0.7942090403564557 -0.10034996438292834
31.287605068 -0.085614257053707 0.5931467343708167 0.7942106706977433 -0.10038207531336603
31.321119247 -0.0856259052063476 0.5931475317274506 0.7942068986085044 -0.10039727170539749
31.360931439 -0.0855976563425 0.5931237397252483 0.7942280047906497 -0.10039495509870526
31.394268365 -0.08561028813709269 0.5931308575031389 0.7942198885532835 -0.10040633978532006
31.434266886 -0.08565580256180248 0.5930940606528838 0.794232709924141 -0.1004834374029977
31.467629571 -0.08566462353499553 0.5930922052908583 0.7942419964958132 -0.10041344183015824
31.501027713 -0.08569201908101183 0.5930923875639665 0.7942348793766016 -0.10044527893897388
31.54096041 -0.08572517810442572 0.5930721057527978 0.7942340029571504 -0.10054362119780579
31.574316222 -0.08572217376690158 0.5930673206425283 0.7942374991175274 -0.1005467906305594
31.614273907 -0.08571872556039717 0.5930856187472727 0.7942269553727931 -0.10052508285363057
31.647627555 -0.08572389777124695 0.5930755589800559 0.7942296153842732 -0.10055900127760109
31.687779193 -0.08569386559086664 0.5930551972911132 0.7942330743151604 -0.10067729649718375
31.727881589 -0.08569909072166708 0.5930564815523167 0.7942296350434608 -0.10069241459512858
31.767620353 -0.08564324288845987 0.5930406284096111 0.7942508786844061 -0.10066573256143532
31.800975924 -0.0856213012122139 0.5930465886660189 0.7942388224930595 -0.10074437599768742
31.834651245 -0.08568944383191036 0.5930176181711705 0.7942440045590233 -0.10081609482823674
31.874284531 -0.0856489948638966 0.5930245525617557 0.7942411356701837 -0.1008322773077677
31.907656514 -0.08563150564077951 0.5930024374588209 0.7942615519863492 -0.10081637488933166
31.954445561 -0.08563219732868403 0.5929854360063023 0.7942680391300778 -0.10086466914404718
31.994631764 -0.08568867141103483 0.5929878923387019 0.7942616701427297 -0.10085241927488596
32.034303442 -0.08570261657665065 0.592988643095875 0.7942636094793077 -0.10082087744177919
32.067660376 -0.08573018708647791 0.5929705900060526 0.7942661188336665 -0.10088382864907133
32.10764945 -0.08572074265375076 0.5929661132059103 0.7942792730260385 -0.10081457885441228
32.141200588 -0.08582045168729331 0.5929541094364086 0.7942672306909396 -0.10089519525334482
32.180995197 -0.08607141975401303 0.5929103105566613 0.7942312042285474 -0.10122187790593201
32.22114435 -0.08583143040863683 0.5929443457576977 0.7942773597333124 -0.10086349291523382
32.261212842 -0.08591753369246058 0.5929030266131649 0.7942803617499025 -0.10100933311133939
32.301030544 -0.08598120943532192 0.5929112815212216 0.7942606518445624 -0.10106166830382751
32.341166513 -0.0860149652398003 0.5928804981487754 0.7942775631337428 -0.10108062807471647
32.381031454 -0.085879902919847 0.5928749673951751 0.7943054152214022 -0.10100902266928143
32.414434023 -0.08587078403537078 0.5928888630891342 0.7943043436108254 -0.10094361889193543
32.454379605 -0.08591737546107159 0.5928530574014472 0.7943049382804354 -0.10110945527966876
32.487748492 -0.08587274143964747 0.5928609184580205 0.7943211278320994 -0.10097400419065054
32.527695466 -0.08594187675872561 0.5928510276767807 0.7943023969399833 -0.1011204975124735
32.56794619 -0.08588769872435213 0.5928478309802719 0.7943185143076472 -0.1010586480115077
32.607682089 -0.0859065413550868 0.5928519338990023 0.7943132220053744 -0.10106016016245305
32.641038912 -0.0858780714070659 0.5928298722035502 0.7943442115282191 -0.10097015938452984
32.681114899 -0.08590633133092816 0.5928195515488391 0.794345828986049 -0.10099398750005278
32.721013823 -0.08596344874823221 0.5927982896638956 0.7943595405307843 -0.10096233762444062
32.754430269 -0.08590301984459273 0.5927919225611227 0.7943670801349539 -0.10099182999498042
32.794372985 -0.08596463665263443 0.5927847062912424 0.7943677785866997 -0.10097626243636712
32.834361357 -0.08598668177207099 0.5927861448636323 0.7943624473896297 -0.1009909857002057
32.868012263 -0.08597917748370293 0.5927901733525 0.7943616413273056 -0.10098006834879979
32.907833521 -0.08599315433718052 0.5927814229996698 0.7943587993922061 -0.1010418714286357
32.947698311 -0.08598190392646564 0.5927757385183496 0.794364823419051 -0.1010374353179303
32.981047902 -0.0859427614880374 0.5927671371292411 0.7943847214172085 -0.10096473278485903
33.02133277 -0.08592576869252624 0.5927632250721814 0.7944003468391917 -0.10087918624967727
33.061060753 -0.08593334735033753 0.5927642563456866 0.7943940921933093 -0.10091591797372391
33.094643261 -0.08596100674409814 0.5927728343461708 0.794386218805346 -0.10090395211731337
33.134407883 -0.08596868664922089 0.5927765302395066 0.7943778415549564 -0.1009416413553296
33.167908877 -0.0859050108144738 0.5928076367771068 0.7944000481522402 -0.10063795701138503
33.207730186 -0.08593734780307041 0.5927391023110617 0.7944143961494501 -0.10090042633485431
33.241080928 -0.0857025469174272 0.592733389932705 0.7944592327998445 -0.10078059996761626
33.274457159 -0.08564614535139335 0.5927366645158171 0.7944651299498783 -0.10076279878424746
33.314374908 -0.0856882998810272 0.5927532750139871 0.7944628218572545 -0.10064737905330612
33.347754154 -0.0857146764522072 0.5927334488399139 0.7944801199448872 -0.10060512849448656
33.38121883 -0.08566325499080368 0.5927417675396769 0.7944897539776132 -0.1005238010767194
33.421079683 -0.0856857969700436 0.592785366035346 0.794430841854689 -0.1007129163613062
33.454414706 -0.08584063306930356 0.5927772940440349 0.7944154538772161 -0.10074994799576813
33.494391937 -0.08581146547096741 0.5927786721519908 0.794433849469287 -0.1006215536197785
33.527774991 -0.085884295480196 0.5928239152456316 0.7943835474888566 -0.100689983522345
33.561261237 -0.08596688425791679 0.5928502836622502 0.7943451877418234 -0.10076685310151719
33.601100139 -0.0860641252609249 0.5928927163285564 0.794299457251499 -0.10079466988681426
33.634504722 -0.08608008411450725 0.5929267568583192 0.7942725637170228 -0.10079273112036854
33.674567644 -0.08606503951380681 0.5929128047095079 0.7942846965765088 -0.10079204219260167
33.714910782 -0.08604821620546475 0.5928745836170657 0.7943142219322734 -0.10079855864483374
33.754428791 -0.08607051207259021 0.5928717018164761 0.7943131310207037 -0.10080506944040103
33.78780422 -0.08607395731923158 0.5929427696058053 0.7942728178564297 -0.1007017212266545
33.821195769 -0.08622271400463509 0.5930525461983 0.7941699560335869 -0.10073927720109396
33.861120402 -0.08631639526213836 0.5930950877757437 0.794105919028283 -0.1009132604243826
33.89453805 -0.08614518199347572 0.5930330550887855 0.7941805449226745 -0.10083682490884138
33.934465668 -0.08602643529410314 0.5929936773946187 0.794205745328696 -0.1009712092008755
33.967943148 -0.08603331036315762 0.5929305986430087 0.7942402536475668 -0.10106430718433078
34.007778252 -0.08610232543369888 0.5929671037028071 0.7942215611842526 -0.10093817529192066
34.048016062 -0.08612597221138299 0.5929885717403718 0.7941987437029844 -0.10097141276895807
34.087768592 -0.08611455183602057 0.5929981938837978 0.7941792388449636 -0.10107800255381715
34.121113463 -0.08616125400588948 0.5930287628746689 0.7941621463933384 -0.10099311831703338
34.154519239 -0.08621609206005541 0.5930808779163825 0.79412978841849 -0.10089468205128238
34.194456936 -0.08621693712058481 0.5930870471807763 0.7941202120171124 -0.10093306240191685
34.227946038 -0.08613364087657538 0.5931511841924174 0.7940989241160208 -0.10079467901757651
34.267789228 -0.08614360418165072 0.5931725538697666 0.7940870114382469 -0.10075425082490436
34.301128759 -0.08612745467079604 0.593137091732712 0.7941134858270211 -0.10076816754535087
34.341162917 -0.08606739378292425 0.5931488382969318 0.7941214980190127 -0.10068716769506714
34.381206192 -0.0860778748523929 0.5931066764809951 0.794144437441391 -0.10074563144603679
34.42111786 -0.0860560063306714 0.5931087552823225 0.7941426990504445 -0.10076577656498514
34.454715406 -0.08609125314609872 0.5931104195334546 0.7941415400948559 -0.10073500220059707
34.494458949 -0.08606323822285748 0.593073519135891 0.7941798590098557 -0.10067408539167985
34.527926149 -0.08609590058408498 0.5930742238588365 0.7941583436747112 -0.10081163657382845
34.567834491 -0.08609258189603237 0.5930914106919754 0.7941390255776241 -0.10086552414229258
34.601325016 -0.08614528735952748 0.5930923689919193 0.7941248839387874 -0.10092621076065891
34.641125636 -0.08607643659367464 0.5930980317633634 0.7941287586828875 -0.1009211891256524
34.674710788 -0.08612140375793602 0.5931070521143966 0.7941120962275046 -0.10096091903351252
35.721191653 -0.004384726210101101 0.6005322612552518 0.7995883840417454 -0.0004398559158545442
35.754628637 -0.00434277080298571 0.6005285018541243 0.799591413166586 -0.0004804090502707577
40.255517073 -0.0851471340972446 0.6308115546088428 0.7657033215491806 -0.09233185525891392
40.289075274 -0.08496478745859289 0.630855711456137 0.765720201188208 -0.09205775202326934
40.328727466 -0.08495857515574712 0.6308695924591163 0.765717077237743 -0.09199432289256769
40.362305334 -0.08499658489742569 0.6308490427952339 0.7657321261586023 -0.09197487009362004
40.402058675 -0.08495039474112892 0.6308496319174824 0.7657360201888562 -0.09198108353479498
40.435448862 -0.08499508321774243 0.6308442879199224 0.7657359675022413 -0.09197689003777794
40.475400305 -0.08495692730257595 0.6308560966853372 0.7657365591507965 -0.09192620822237882
40.508937337 -0.0849578991686138 0.6308389081402865 0.7657481991350739 -0.0919463042575272
40.54875576 -0.0849386260436265 0.6308344143326531 0.7657642931244957 -0.09186086693985214
40.582200298 -0.08493232728038314 0.6308413532499735 0.7657611285653456 -0.09184541790861588
40.622077251 -0.08488602967184421 0.6308489376886236 0.7657639095287013 -0.09181293289621545
40.655465664 -0.08487428175628776 0.6308428331425603 0.7657692144556613 -0.09182149182507109
40.695702502 -0.08493186003671274 0.6308408582101339 0.7657606124056281 -0.09185355328762859
40.735432991 -0.08494600322779501 0.6308484377897585 0.7657598098753367 -0.09179509057423976
40.775447923 -0.08490601292648749 0.6308376268007388 0.7657737170625273 -0.09179036898051605
40.80883852 -0.085034846363839 0.630843751974292 0.7657420080839054 -0.09189348483164927
40.848792888 -0.08501547274627379 0.6308118408298953 0.765778169571153 -0.09182911232708886
40.882146566 -0.08469911377772461 0.630855121697498 0.7658191063828695 -0.09148208487046099
40.915653461 -0.08487515780254543 0.6308131177650973 0.7658068827332787 -0.0917106122638421
40.955460133 -0.08481233966755075 0.6308356463738138 0.76580738802322 -0.09160949051982582
40.99561153 -0.0849105785724509 0.6308224219422172 0.7657911119507548 -0.09174550931066489
41.035600153 -0.08494755433751214 0.6308088822848328 0.7657803561011347 -0.09189403273474715
41.075431601 -0.08490956164950082 0.6308139327837541 0.7657866003464493 -0.0918424263410463
41.108795327 -0.08508176056080473 0.6308134070785483 0.7657410931884517 -0.09206583336060427
41.148839484 -0.08495577974366736 0.6308415031957672 0.7657706804849996 -0.09174300105943196
41.188793662 -0.08499263124461458 0.6308756740181609 0.7657363901654041 -0.09176010757788074
41.222159833 -0.08497371365589407 0.6309403034584188 0.7656770525109382 -0.09182838731833691
41.262112869 -0.08482347294812591 0.6312786240997528 0.7654359815806873 -0.09165170643993077
41.302136868 -0.08508882197284927 0.6315240499477276 0.7651819870226353 -0.09183568722988023
41.335800237 -0.08507378421161271 0.6316913425321323 0.7650455778111643 -0.0918355208045877
41.375449112 -0.0850914949366901 0.6318098597367615 0.7649462436275333 -0.09183127456906627
41.415538504 -0.08524244897314674 0.6315772285536827 0.7650921626719578 -0.09207557701940408
41.455672639 -0.08492825738437958 0.6317104516339146 0.765047779294049 -0.09182043231967672
41.495444926 -0.08500357741330809 0.6317309170437082 0.7650091881517023 -0.09193140008467597
41.528798193 -0.08507702122487845 0.6317366494950678 0.7649849902744411 -0.09202538127636664
41.562192557 -0.08499846437849105 0.631743776113984 0.7650092687552286 -0.09184705282769463
41.602131937 -0.08516752209182307 0.6317196152986133 0.7649913494363196 -0.09200573957807952
41.635565505 -0.08511310060654231 0.6317153432928022 0.7650030418034462 -0.091988212207177
41.675452587 -0.08502939737853313 0.6317319957004055 0.7650046997053676 -0.09193746036587495
41.70881426 -0.08513106869385893 0.6316960771262738 0.765006919542214 -0.09207160441119058
41.742283966 -0.08508449946177753 0.6317048186643357 0.7650088209671906 -0.09203887151625872
41.782132045 -0.08512075854714575 0.6316867499421561 0.765011991565616 -0.09210298134525594
41.815523995 -0.08518369054736509 0.6316794843363186 0.7650148091429816 -0.0920712209393399
41.849026782 -0.08511229870184882 0.63169203354126 0.7650064032724079 -0.09212097656022283
41.888835878 -0.08514068662328557 0.6316689136056488 0.7650184548124129 -0.09215319235926296
41.922436699 -0.08515797566146638 0.6316869266817697 0.7650082120970894 -0.09209875821419333
41.962335724 -0.08512888537141469 0.631693161250718 0.7649998384804553 -0.09215242823372714
42.002171039 -0.08246032396377377 0.6332628312721221 0.7643547288886079 -0.08910852892191781
42.035587765 -0.07194995713217303 0.6412340217428596 0.7601231594107758 -0.07651741994824894
42.075493382 -0.05022398325108117 0.656478408557734 0.7508243303869773 -0.05269227175637108
42.115736862 -0.030290975141603275 0.6739818115754375 0.7374962593868974 -0.030499866898013435
42.155497788 -0.024065284619205124 0.6878318295849567 0.7250893594082347 -0.023529920504833702
42.188838061 -0.02306201079151528 0.6956352509213166 0.7176774165685784 -0.022335332577327942
42.222332182 -0.02204290402706734 0.7028319226131298 0.7106993800821498 -0.021161051222301996
42.262206019 -0.01775550678292653 0.7094914178707346 0.704274608712979 -0.01743403191566635
42.295666688 -0.0124785374768735 0.713672124635689 0.7002584411127961 -0.012429813783674245
42.335493487 -0.007479470302064577 0.7172385952301237 0.6967501810438076 -0.007213892967080973
42.369010341 -0.006296552542901413 0.7192445408231231 0.6947007951750823 -0.00620073425635853
42.40903465 -0.005065596468874048 0.7211258899343661 0.6927615688868527 -0.005761880961041392
42.448991403 -0.004878431122752399 0.7233555781405062 0.6904354742084904 -0.005635994791677334
42.488853538 -0.005191757000170325 0.7256978289874848 0.6879673838561272 -0.00604858762512838
42.528998965 -0.0005159083102555885 0.729233748314977 0.6842605114686302 -0.0023295067703094415
42.56888748 0.012796114193757006 0.7355196681117876 0.6773280472971597 0.00859032169843307
42.602307953 0.019453063745365814 0.7417379531013011 0.670262538598842 0.01394692048613906
42.642184455 0.020847993939640257 0.7480374843713878 0.6631735234840643 0.014358303303301836
42.675519909 0.02170370738103813 0.7523544836927726 0.6582460983876743 0.0142742394089658
42.70901406 0.022527327793589142 0.7561830081452986 0.6538142543579858 0.014377012663224645
42.748917794 0.02328948817394287 0.7595574362084453 0.6498525152554833 0.014893262140009769
42.782460075 0.02410026795490452 0.7616409029104934 0.6473737200276984 0.015151855189686307
42.822217214 0.027870392375023603 0.7638356756991705 0.6445648823479174 0.017731728676850505
42.855561183 0.029900477566239744 0.7657448470176909 0.6421667688389764 0.019042891221469797
42.895579361 0.03057154715882137 0.7676737754298573 0.6398157451426366 0.01944652383224204
42.929082049 0.030896774537494582 0.7687551096181054 0.6384973450630709 0.019547662434255958
42.968949294 0.03125751894609796 0.7695401119726114 0.6375242872926433 0.019843555289367144
43.008880028 0.031261211706754805 0.7698901946432597 0.6371058878078525 0.019695495813949648
43.042226422 0.03168813671336586 0.7700457673975886 0.636885928771056 0.020042251323724305
43.075595559 0.03215953659133196 0.7702577143394271 0.6365969944927322 0.020324475630440597
43.115796299 0.032047751739731366 0.7704127295457252 0.6364231308711256 0.02006903720979265
43.155566993 0.032538209121294986 0.7711370201720735 0.6355105715684652 0.020378284815871613
43.195556778 0.0333317916266144 0.7764911649674751 0.6289366368854676 0.019727371279790722
43.229119327 0.03487034018896665 0.7959899069948503 0.6040610028213251 0.017159027010008963
43.268894179 0.03751770426682267 0.8375591926813516 0.5449260385574874 0.011942911016732113
43.302283824 0.03953195365154662 0.8824850215802529 0.4686425888449831 0.005615625313778286
43.335984613 0.03957589590037547 0.9274930243846748 0.3717346143185616 -0.0019531254138470083
43.375613531 0.037625871617840284 0.9613676868433867 0.27256115122999747 -0.008178222213438878
43.409172825 0.03922126339843267 0.9770507952849166 0.20904253871690745 -0.011604005228076005
43.448896861 0.04087475965959926 0.9867916239283001 0.15596469030876356 -0.015702240114388432
43.482474369 0.04020600770139689 0.9910211493063552 0.12627756748639984 -0.01773512114262982
43.52238248 0.03758962023337855 0.9936422637045867 0.10443453021886796 -0.018854737566442063
43.562308495 0.04264710927505329 0.9946935901937652 0.09150317750785679 -0.019825594666616934
43.602394961 0.04106427552205954 0.9953628785297457 0.08461169899429405 -0.02018231191231927
43.64249853 0.04024197205792308 0.9954213014285298 0.08425583038715986 -0.020444348681032017
43.682263773 0.041161587429449545 0.9934097280207906 0.10536720057307841 -0.01845505452007789
43.715629393 0.039872165840135275 0.9877218810575239 0.1502583470692499 -0.015431306082770912
43.749020592 0.03251390509833968 0.9742463397090589 0.22280421008330284 -0.012049875846362936
43.788936879 0.025818876791274505 0.9399889986922562 0.3401621631253704 -0.006615944122769032
43.82228152 0.01711444776530847 0.8875396236150854 0.46040437642589777 -0.002884849868097014
43.855815586 0.009812493765795731 0.8044289594564538 0.5939651014891523 0.0017950952298577485
43.895604644 0.0017175229730565869 0.6570454206209406 0.7538206659946172 0.006539791687805796
45.802439956 -0.10853812613437343 0.5959784465543294 0.7852324702491613 -0.12821518663686884
45.835943745 -0.10868266629273747 0.5957374672991501 0.7853679545678165 -0.128382724856033
45.875625542 -0.10870719062778295 0.5957850697913616 0.785330201761408 -0.12837200442816074
45.908987606 -0.10850115124902732 0.595804638388711 0.7853733281168802 -0.12819153066699993
45.949031322 -0.1085276629097642 0.5959001668984493 0.7852858814049378 -0.12826075759878683
45.989120403 -0.1085244312556554 0.5959488726171106 0.7852586001667601 -0.12820421175285862
46.028960326 -0.10847890163502844 0.5960143258623838 0.785219202703181 -0.12817977599078112
46.062369188 -0.1084216741165091 0.5960797238491511 0.785178726258988 -0.12817203762134186
46.095793588 -0.10843595216186364 0.5960801667598007 0.7851767415829707 -0.12817005715652594
46.135823138 -0.10853552509005852 0.5961036654335761 0.7851445362331586 -0.12817377685509113
46.175656018 -0.1085589523069096 0.5961092309105063 0.7851355521224718 -0.12818308582122817
46.2091771 -0.10853336881983658 0.5961223833802584 0.7851427442767773 -0.1280995042737815
46.248983541 -0.10854794894525298 0.5961376771668319 0.7851327875921786 -0.12807700218871418
46.282523108 -0.10863993479429045 0.5961338467636631 0.7851194850777155 -0.1280983819646165
46.32234086 -0.10870850717609448 0.5961366267118927 0.7850988847346699 -0.1281535171132184
46.356064191 -0.10904242491342965 0.5960402207227199 0.78505983801111 -0.12855681853476317
46.395710141 -0.10899524396503077 0.5960494532102574 0.7850797479639184 -0.1284323769836369
46.442300145 -0.10894101619662926 0.5960156848641148 0.785101003447768 -0.12850514686701653
46.47566312 -0.10438220537866445 0.5969004779534326 0.7844843052638609 -0.131903561035809
46.515648036 -0.1005576151144502 0.5950625228090904 0.7854069289181893 -0.137567132694816
46.549281548 -0.10344837381143308 0.5912314040891556 0.7873492480962712 -0.140801357581424
46.588989775 -0.10655123921275023 0.5906463986884516 0.7875986079281923 -0.13954245923074282
46.622429434 -0.10527257166696144 0.5932797454129255 0.7860826156498454 -0.13788020420095118
46.662322618 -0.10820678078237533 0.5950305835588596 0.7844714510945435 -0.13723862298908115
46.695714828 -0.11220645132764649 0.5975094807210237 0.782508119308194 -0.1344365126954067
46.72910251 -0.11507917491691322 0.6042632670009116 0.7781004375404657 -0.1272100497333574
46.769040537 -0.11578414520806074 0.617889591953515 0.7683076328171747 -0.12045690195595662
46.809022227 -0.105778639650072 0.6396217724250177 0.7540557791473999 -0.10533161713401691
46.842404649 -0.09179069360920407 0.6688317341497967 0.7327970802062145 -0.0851294261825137
46.882338759 -0.0753830811548061 0.7173515557877241 0.6897164395107425 -0.06336694369435546
46.915698278 -0.060777590439352304 0.763441544719436 0.6411563601409849 -0.048801784266063734
46.955685057 -0.03902299576604715 0.8156739863020226 0.5763310292085013 -0.03155469288521867
46.995902589 -0.02116065954339222 0.8563083282176341 0.5156342892844441 -0.02023742144976358
47.035723687 -0.010932425051068619 0.8826722676026266 0.46960208537038634 -0.015621507722502086
47.075719794 -0.007485652582752491 0.8992671474166739 0.43708753499085706 -0.014732594411868399
47.109114338 -0.005515838678259469 0.907628490703482 0.4195019120385409 -0.01407992127119909
47.14944909 -0.004158338508352492 0.9134561908874206 0.4066845128451143 -0.013718693896511206
47.189050807 -0.0009259309961964553 0.9157336120122712 0.4015704999963839 -0.013123567175263076
47.222648643 0.0014002157098080698 0.9144723352477853 0.40445966091151747 -0.012278850018160009
47.262393748 0.005707297517161365 0.9086583928284833 0.41738020950931226 -0.010055476486525512
47.302711618 0.009285196887481858 0.8978863389715827 0.440058106244866 -0.00792278582009344
47.342378167 0.014248190079479417 0.8835791859327203 0.4680411691494884 -0.004719665995619293
47.382576162 0.021697766943267364 0.8683009589623085 0.495562847630087 0.00034003466018808765
47.422389065 0.028722712788416836 0.8533260580414097 0.5205498911028401 0.006120074378965712
47.455746099 0.03437675400212956 0.8412997725457307 0.5393677623314226 0.010740039868300964
47.489161834 0.03512693906725125 0.830145754256619 0.5562974529452605 0.012540681324823154
47.529049587 0.03597492627111245 0.818909417861106 0.5726009232451118 0.014877927174779178
47.569057576 0.03590860844119342 0.8109695065713632 0.5837609317297158 0.016192771142419342
47.609104978 0.036137283362155076 0.8060039047785271 0.590561378016207 0.017001794863158295
47.649175154 0.03572555892289916 0.8030745572528462 0.5945645466312741 0.01696878964272481
47.689090809 0.03600586558559115 0.8011669298387887 0.5970904511170786 0.01783595696691067
47.729113025 0.03539004288299648 0.800164598345667 0.5984759454472546 0.01762677338799839
47.769196585 0.035345724978057914 0.7994731886630952 0.5993931592054067 0.01792040826544846
47.809068259 0.034991873490091245 0.7990913962214603 0.5999233132085819 0.017903283032127362
47.842596684 0.03467154867302298 0.7990303321647223 0.6000280558770548 0.017741030233612894
47.882388077 0.0350150643548609 0.7989437614970799 0.6001193240013426 0.01787758913539458
47.916060743 0.035290311083042175 0.7989083670876203 0.6001550490800014 0.017718126448230922
47.955763079 0.034973270396591004 0.7987248340123863 0.6004290887428335 0.017332607452528924
47.989294961 0.0348635187951399 0.7986127301578307 0.6005813832938057 0.017442600952141774
48.029101302 0.03482695358203408 0.7987008582516094 0.6004647506626384 0.01749587219868127
48.062498962 0.03470242592054851 0.798780539378624 0.6003756175075171 0.017161277565813038
48.102427852 0.034847658282739585 0.7987178043620583 0.6004483500412631 0.01724206020135426
48.135788764 0.0347162447242378 0.7987665928422806 0.6003939949935766 0.017139524119240825
48.175806231 0.034560428281390526 0.7988243118092608 0.6003350178880555 0.016827416819454464
48.216020967 0.03464011514408774 0.7987071504085035 0.6004811283915085 0.017010724699234914
48.262430683 0.03452877770527216 0.7985716043747983 0.6006662195795042 0.01706601454668014
48.295793749 0.03422695020694454 0.798490582705162 0.6007956853484818 0.01690708955882979
48.329200396 0.03428510322007103 0.7985370946141118 0.6007277893685069 0.0170048023472472
48.369097066 0.03435910406461489 0.7987188126110584 0.6004801069490991 0.01706902186583096
48.402695563 0.034067698741297094 0.79907981410447 0.6000254722663819 0.01674142242294283
48.44243075 0.03413621645448287 0.7991301599745326 0.5999494466101353 0.01692240105431694
48.475795559 0.03415439941558183 0.7991522430053524 0.5999199871541556 0.016887229288213384
48.509500626 0.03409107244448508 0.7993107114725683 0.5997173430040537 0.016712085595754857
48.549172775 0.033966571743886266 0.7994739585393219 0.5995066673876617 0.016715782338069418
48.582736808 0.03381742933783383 0.7995235801762324 0.5994539148829153 0.0165357233499766
48.622443221 0.029378273148251092 0.7996734472603898 0.5995677750143253 0.013333340837255092
48.655807489 0.029887398795350822 0.7996731923067685 0.5995325241870489 0.013794250289716689
48.689196673 0.030503802337719144 0.7996585798004271 0.5995116262413188 0.014194498793357891
48.729135412 0.03180385548442894 0.7996456385758821 0.5994380260673308 0.015146629572195683
48.762611119 0.030718536223645457 0.7999250682808974 0.5991443916591582 0.014221624782552381
48.802459128 0.0312271588936361 0.7999241212608887 0.5991080115944472 0.014692011971628753
48.835829557 0.031151309505822993 0.7999620050416472 0.5990637400540427 0.014595264926764313
48.869252515 0.031249726726710413 0.8000388238790842 0.5989550464472118 0.014635135841387722
48.9091359 0.03136660448653325 0.8002610424566914 0.5986498429625917 0.01472296063905551
48.942485871 0.0313368947467326 0.8004578750680095 0.5983858535751755 0.014817540630875625
48.976059793 0.031280030478829955 0.8006489870392125 0.5981358054312635 0.014707736311890453
49.015815999 0.03145520316603912 0.8009000307579789 0.597789108247515 0.014761198673972943
49.049157765 0.03151670483253037 0.801084639045455 0.5975355357366839 0.014878909025412468
49.089304333 0.03154914939120037 0.8013169667783229 0.5972232580909778 0.014837449951968913
49.129212976 0.03134660061149505 0.8015925590570808 0.5968662358272158 0.014746403760713846
49.169150663 0.03096103321036231 0.8017688314103181 0.5966549262579462 0.0145277105424312
49.202584141 0.03077645045250151 0.8011769397348555 0.5974606241502626 0.014461117682084957
49.242526977 0.02900078426883522 0.7988539696014847 0.6006738849073168 0.013497175782150359
49.276014306 0.027115148924190157 0.795903010570673 0.6046863193486028 0.012554746353375768
49.315976759 0.0270309591088221 0.7911022999613895 0.6109448436573813 0.013148241476138708
49.36263413 0.026581323092863977 0.7846217195732138 0.6192528459293449 0.013715073642274258
49.396056987 0.026257343883338394 0.779069680004643 0.6262272333183491 0.014157607146026157
49.435889457 0.026827911762090456 0.7718623634729249 0.6350389365723389 0.015306993223653635
49.469371606 0.027178610465694107 0.7655138447041705 0.6426402504868329 0.016229145190489132
49.509169651 0.027955057833422222 0.7583280518846118 0.6510341111053146 0.017654082919609515
49.542555299 0.03036162334933083 0.7517217592765564 0.6584546838009329 0.02073638923163551
49.582606358 0.0306965611642042 0.7435131503821456 0.6676453133787114 0.022263240216811562
49.622781541 0.03234118490222804 0.7355665010297167 0.6762297371119252 0.024684265586729842
49.662525474 0.03246633642715905 0.7299306019399174 0.6822733426014342 0.025501751431897292
49.702577877 0.032931439217573015 0.7260865162089664 0.6863018757876719 0.0265259605086905
49.73595026 0.03259906683589523 0.7239109407297499 0.6885855099336722 0.027207466669684096
49.775863932 0.030028630519832702 0.7229098573158802 0.6898087008973022 0.025759963334861618
49.816009869 0.029599410340614262 0.7231377151571271 0.6896189041323658 0.024929638747734163
49.855883195 0.031908475893261665 0.7233505482675268 0.6892240866129811 0.026758025333337723
49.895948902 0.031060673707431045 0.7240714450015905 0.6885109792178531 0.026615945946408127
49.935875198 0.03145091395562695 0.725657935228489 0.6868155166799937 0.026755319076310864
49.96920991 0.032518118691521436 0.7265834086706583 0.6857847704644241 0.026802440193913802
50.002656513 0.03208779074654244 0.7276991487011248 0.6846399280774433 0.02631523411975215
50.042581596 0.03299815235765463 0.7287441056289088 0.6834439215225872 0.02734148104859644
50.076191044 0.03351982496979839 0.7296101018897367 0.682500471644272 0.02717768863954664
50.11589358 0.03512563379078124 0.7308756692994736 0.6810612208832746 0.027249941024265537
50.149343668 0.03589344924895452 0.7318815528308036 0.6799339156790224 0.02740297860409524
50.182717123 0.036611500585606 0.7326657551643782 0.6790216572632704 0.028108329756913505
50.216084487 0.03665938874498143 0.7335587517860084 0.6780387604585643 0.028479575327089075
50.255901007 0.037198955613948995 0.7341267042847429 0.6773885739671424 0.02861712102944761
50.28955075 0.036657590965490865 0.7343074544696115 0.6772401786046806 0.028187298885602938
50.329233218 0.03487063352070697 0.7363256797495412 0.6752481069841156 0.02546617901470388
50.362617424 0.03552711084600103 0.7410205889173984 0.6702717072399128 0.01903023040166352
50.402553698 0.03715642576111252 0.7466124596375181 0.6640363053034293 0.015653126768953272
50.436113923 0.032399314788157836 0.7528388920309633 0.6572407407594051 0.014781601160838109
50.475940823 0.02278933294107745 0.7632326187707726 0.6456069911537825 0.012174930051912867
50.509296695 0.01986305307408512 0.7726820412568957 0.6343820185216812 0.011286133882352391
50.549254409 0.02242145855585904 0.7819126924265096 0.622873950603519 0.011741434244564055
50.58266822 0.02369084158641996 0.7874069266277154 0.6158655113405583 0.011779128357205987
50.622626265 0.019309596905588217 0.7928000160174943 0.6090413600611586 0.012802179691699816
50.656107312 0.021127038840757627 0.7953477124829591 0.6053376226117693 0.023281476084572605
50.695925565 0.024607065909844218 0.7973919234613025 0.6015719801869508 0.040887227344776934
50.736053118 0.024090101095748245 0.7998713886254342 0.597828718425403 0.0471831761696525
50.776030539 0.040577963718394186 0.803895587998407 0.5908612119098069 0.054665717937647705
50.815917241 0.07170026711540833 0.8028256612605233 0.5862263993082608 0.08166172953871403
50.8492663 0.08868145400389793 0.7960107565414128 0.5869815137594565 0.11813203498957954
50.88271675 0.08649723315686851 0.7877811479310095 0.5886294724817144 0.15948177245881714
50.922590416 0.08187465995171689 0.7745668859737488 0.5880321918844365 0.21808443437876465
50.95594182 0.11848862043594527 0.7682560519311225 0.582334878130824 0.23796885344672564
50.989303333 0.07002984402359892 0.7863556875989638 0.593639866825438 0.15598801890615707
51.02269411 0.023302138252219877 0.8028268432529404 0.593205225106078 0.05507840785861909
51.062694054 0.022358357696579886 0.8087443926344404 0.5866287086085078 0.036046767674461425
51.096077708 -0.005399282158643389 0.8010411293136378 0.5981033007095823 0.024008302322450555
51.135988144 -0.050241917392137285 0.802744880180561 0.5939404759304087 -0.017638541102321957
51.175928656 -0.05403421719630256 0.8116555489721329 0.5793351265746267 -0.05163704398481342
51.209384947 -0.023230059918473676 0.8190371583629683 0.5720567837414432 -0.03727644983489938
51.249324497 -0.015321855966975308 0.808943487655377 0.5873454948420459 -0.020023591047418243
51.282666884 -0.011567576698032475 0.8093574403116685 0.5870745268214873 -0.012256628362072738
51.316036212 -0.014754011199283533 0.8133726354536849 0.5812623383901361 -0.018476174330457878
51.355955193 -0.02256558859812936 0.8164956122341624 0.5763117239135541 -0.026277486435497446
51.389319531 -0.022651845447695124 0.8211274850077387 0.5696798272190241 -0.026484745088114155
51.422754722 -0.012611687080944484 0.8268216542592661 0.5619875847330672 -0.019412676343993168
51.462645662 0.004897898905269717 0.835170482397766 0.5498813034468357 -0.009840123851133524
51.496187973 0.009507760631736192 0.8402750083261038 0.5420294687430021 -0.007181078227863484
51.536002169 0.011258572440318268 0.8452713859394467 0.5342081226448511 -0.003348187401668743
51.576071563 0.008560547080587094 0.8493576000910886 0.5277479536890723 -0.0006939583447621424
51.616299183 0.012872057003788389 0.8556043845706867 0.5174605624523713 0.0031644207026446758
51.65601823 0.019804409180936684 0.8629661506927925 0.504842273850318 0.0056112983434136576
51.702637078 0.025090918576780485 0.8701227238658353 0.4920847241700927 0.010464963244869103
51.749333622 0.02656976232115263 0.8763424864087844 0.4808383663880803 0.010599983693808919
51.782669276 0.027827883169753268 0.879315368894663 0.47531850320573055 0.010119854455323027
51.82265867 0.02859697491368301 0.8819055376134305 0.470447038965952 0.0102185752783958
51.856030542 0.03132412154993303 0.8854974827451513 0.4634789324059156 0.010014323591650866
51.896302807 0.034567171712008855 0.8924897999540543 0.4496611163638349 0.008482219534661576
51.936011915 0.03652679126611168 0.8941820353651659 0.4461513557573598 0.00729718479145149
51.969394477 0.03622332406614428 0.8938840390463682 0.446792648041311 0.00596030099769086
52.009332896 0.03629710012918093 0.8989323015541747 0.43655824953681066 0.004486926128483026
52.042684329 0.03613594399078799 0.899409966343055 0.4355867712635687 0.004480032908195395
52.082733365 0.03619274343637933 0.9046867767923062 0.42452362474984956 0.0034078217302382146
52.122694396 0.036737141593052976 0.9049638542542913 0.4238794436062177 0.004125797968060871
52.156299686 0.03663520523081071 0.9045690087143443 0.4247314921745709 0.003991211145419054
52.196014324 0.03664360517273473 0.9038890053643057 0.4261804792878882 0.0034801229025332794
52.229505601 0.036464795935886925 0.9033817013694745 0.4272693434542208 0.0035676928604781895
52.269352948 0.03643942088022829 0.9029943857411066 0.4280879124596848 0.0037479503551440967
52.30292215 0.036125370489736616 0.902904238602207 0.42830438619286904 0.0037744256646054784
52.342671634 0.03640440174160512 0.9027837870707643 0.42853254268638996 0.0040016490028613036
52.376017357 0.03644292765760289 0.9027577492293298 0.42858478183711923 0.003929886482600115
52.416012923 0.03635941857395706 0.9027341701159566 0.428640221191294 0.0040708184800325765
52.449615578 0.03650710186073077 0.9027296797735582 0.4286378856158962 0.003989960450054359
52.48936923 0.03642593121954848 0.9026849032057959 0.4287403510136997 0.0038507754779124343
52.52276698 0.03636079447218761 0.9030666263571612 0.42794129970572065 0.0038477254872790693
52.562694127 0.03614386501657276 0.904068378608505 0.4258403904729484 0.0037349248586184547
52.59602894 0.03646225212087587 0.9039781825451981 0.4260028029685218 0.0039448086793896974
52.629697308 0.0364546433136589 0.9041617653411244 0.4256156087451826 0.0037302370652717402
52.669365199 0.03632647847504936 0.9042894129503696 0.4253556165926606 0.0036937813356324213
52.702801091 0.03626987019150727 0.9044867108028289 0.424940036389406 0.0037751782396807996
52.742715024 0.03729057080537224 0.9047057469636361 0.42438294669141274 0.004004909174022549
52.776089932 0.037249164651150815 0.904786124172073 0.4242152359019253 0.004000358376883695
52.816036465 0.03719540248188559 0.905379359853105 0.4229541004899872 0.003813877934317556
52.849406824 0.039280988542558834 0.9127583280794228 0.40659697083525026 0.002853378414169387
52.882783155 0.04178107053693353 0.9306566227833317 0.36350027464510604 -0.0003780836462469715
52.9227253 0.04205496756811759 0.9584835551491157 0.28195143652689053 -0.006636388474128342
52.956128752 0.040263033436038105 0.9757080383295957 0.21508501050878767 -0.010542785778683013
52.996070626 0.04010524020037044 0.9861280653536019 0.16053566910437853 -0.013088444355315696
53.036199422 0.041140728126803076 0.9912832745662877 0.12418868895552704 -0.015558907090211195
53.082722671 0.042323861153497504 0.9940799364760082 0.09864452040087728 -0.01682347371370729
53.116130159 0.04314833315294451 0.9954284993406288 0.08308486908311116 -0.018900491422931362
53.156053049 0.04340347842628524 0.9977688710781422 0.04488445195413466 -0.02363903425958083
53.18940872 0.043947606947633465 0.9986290707552401 -0.008434968042220665 -0.027155813378143347
53.22284829 0.04214832095207775 0.9956803871092823 -0.07693950258360817 -0.030403925881657856
53.262782019 0.03841855050720723 0.9856502655862163 -0.1609558496611788 -0.033328417103046695
53.296234422 0.037382680932908544 0.9743181445218423 -0.2192576205653237 -0.03511102741041796
53.336063445 0.03698901851026955 0.9615967466938002 -0.2694915505532358 -0.03657613208034929
53.369475002 0.03673404328493577 0.952094465570841 -0.30123618792897705 -0.037729269477861815
53.409581926 0.03247510590242911 0.9415085414687804 -0.33317984462671546 -0.03870691117195565
53.449517259 0.03194228937732531 0.9328712270483889 -0.3564825536535994 -0.04063437996546054
53.489400854 0.029917688258600104 0.9273835193448223 -0.3707489849919383 -0.04012393430759769
53.522813503 0.030114270866853577 0.9242480482849259 -0.3784706139471871 -0.040232701998526785
53.56276207 0.030873781995911856 0.9216565450201569 -0.38456931716788767 -0.04126091249355777
53.596172895 0.03170486698471942 0.9204025270144911 -0.3874176203016301 -0.04197114669201124
53.636102808 0.027759071519500172 0.919158095596845 -0.3908555634127388 -0.04012178705475308
53.669524684 0.026953762774395876 0.917351872930876 -0.3951652242352118 -0.03979298251765568
53.709437905 0.025596201196710012 0.9130930609028938 -0.4049492837907232 -0.04027374048511277
53.742831598 0.023875996538463975 0.9067069108958805 -0.4191711554561147 -0.04010058548862943
53.782915699 0.023318618928872884 0.8985950599284847 -0.4364047579849479 -0.0391669183300432
53.822974213 0.021338917347191427 0.8920307681095478 -0.44983457926009973 -0.03840065955460682
53.862789831 0.022111048494761875 0.8866465888948768 -0.46021245300020336 -0.03966643466556194
53.896326262 0.023232666866149904 0.8832989702659373 -0.46648942070361377 -0.04038307428896868
53.936115029 0.02361135185702969 0.8805145450226971 -0.4716615192937435 -0.04089072369711645
53.96945925 0.023413662459397033 0.8790373423673855 -0.4744167081201229 -0.040913789733871844
54.00944129 0.022704162328019174 0.8778107307917181 -0.47670639605706355 -0.04103478863329056
54.043024508 0.022532998230840484 0.8771440482725018 -0.4779042031090583 -0.04145063596076198
54.082775746 0.02202700631523743 0.8768154680859723 -0.47853732092911905 -0.04137001808009267
54.116144652 0.021228637929560465 0.8766549041594384 -0.4789165398517545 -0.04079793868915847
54.149586646 0.02122847051460642 0.8764836093934811 -0.4792219847451957 -0.04089161088856312
54.189449272 0.02120616790509652 0.8758168229623732 -0.4804314349465813 -0.04099789475137226
54.229557068 0.022292378782138834 0.8706497447896372 -0.4895983582557326 -0.04201808347919624
54.269688819 0.025615341141738964 0.8538430153451154 -0.5179550004288943 -0.04492857637692679
54.309476114 0.027102858144549765 0.8272663038129484 -0.5591927691636236 -0.04689717018304333
54.349766462 0.028433921880458225 0.7956463216459169 -0.6030825390028065 -0.049293955894682474
54.389456575 0.029197857007442696 0.7678900796179438 -0.6378532046109311 -0.051338096362123255
54.422816254 0.029722962435266752 0.7486862643637139 -0.6601704520692276 -0.05253948298080603
54.46288141 0.03003860304486257 0.727450368544874 -0.6833365789033702 -0.054449642456844576
54.503104482 0.030421619947958774 0.7081878934005991 -0.7031837507191524 -0.05547112226292727
54.542815875 0.0323711736472651 0.6876514363512561 -0.7228907146451375 -0.0593011288306988
54.576415374 0.03399336570124975 0.6689763582882344 -0.739845255204949 -0.06280192266512752
54.616170909 0.03553402752245756 0.648190745418324 -0.757742137171456 -0.06642999320265663
54.656201671 0.03525005069978441 0.6298931345299691 -0.7728807303239162 -0.0681722061520875
54.689650357 0.036107978654162945 0.6154399777054135 -0.7840581195277379 -0.0719910614041668
54.72952231 0.03716966048972591 0.6005492182014345 -0.7950289854802951 -0.07673307698051139
54.769588719 0.03697326040094043 0.5868633425245294 -0.805119940954638 -0.07750016705440853
54.802925595 0.03907573487800474 0.5734223320840578 -0.8142397421602176 -0.08169184964172839
54.842991743 0.04002834186027265 0.5577264706307015 -0.8246066913572215 -0.0858062956585019
54.882830294 0.04005463251837958 0.5441761034472155 -0.8335047038361487 -0.08682110074075933
54.916176648 0.03909367971582399 0.5355939933265743 -0.839426560863853 -0.08350932543766702
54.949647045 0.039788093418190666 0.5291280280834806 -0.8434503007724085 -0.08385718601030201
54.98951967 0.039672543214030076 0.5245278366936387 -0.8462076650162521 -0.08502485234427008
55.022968577 0.038435015108502855 0.5235744893322004 -0.8469130405309406 -0.08444409696818346
55.056344727 0.03819632065846694 0.5242774470294305 -0.8465363646386136 -0.08396655863436639
55.09636052 0.03851111689629875 0.5259490785797711 -0.8454703194831052 -0.08410944946690266
55.136192539 0.03818899022409196 0.5276782934133459 -0.844218364782618 -0.0859800689102144
55.169542099 0.03869405004115045 0.5300807211392865 -0.8424017481982431 -0.0887496152127476
55.209699669 0.039246420432306736 0.5357537228355693 -0.8387902688427263 -0.08864847345456926
55.249614082 0.040270166302464445 0.5414368760496465 -0.8350341844136907 -0.08911977232990478
55.289540247 0.041516904420996516 0.5487507037071524 -0.8300821682516805 -0.09007000487838321
55.329629419 0.04337201242582552 0.5581155525873099 -0.8236133726912586 -0.09103247125298489
55.369568077 0.04500409626621961 0.5684801441470536 -0.816369187570245 -0.0913581228775211
55.409689809 0.04725847598973771 0.5783370216463123 -0.8090122198233157 -0.0937664866407585
55.449690444 0.04877644713129116 0.5869563648078233 -0.8026021183559071 -0.09451414511830611
55.48955811 0.052590686559647465 0.5941984098266478 -0.7966823464544293 -0.09726103173693282
55.529626172 0.053733528313956405 0.6017248548390374 -0.7909539511909031 -0.09711721834654817
55.569732314 0.05381793189472754 0.6102502613012755 -0.784374087752072 -0.09723959713719767
55.609537874 0.055917745599067634 0.6192631879725199 -0.7768476911923301 -0.09946845951544528
55.642897623 0.05652299955039866 0.6254633652258361 -0.7718783611279656 -0.09901780094813252
55.676455554 0.05720681934442182 0.6313826880876141 -0.7671649634147745 -0.09767906588702115
55.716252377 0.05679538576261701 0.6368656378320997 -0.7628598347496447 -0.09602768366743666
55.756245448 0.057023245311204424 0.6418478988442716 -0.7587366031954369 -0.09538548744343639
55.790416639 0.05737045618167396 0.6478888156465564 -0.7536920453456837 -0.09432398475599421
55.836394715 0.05801631140492107 0.6581085131772341 -0.7448414221521428 -0.09348020293618882
55.876252833 0.05872547330703308 0.6670586632120743 -0.7368662094258178 -0.09280219838458591
55.90964863 0.05902328647940601 0.6729385878091244 -0.7315035457750987 -0.09258764069296505
55.949596796 0.05940758516795166 0.6790358952661 -0.7258426466240516 -0.09237664264559008
55.983048689 0.05926003877317827 0.6831924613653649 -0.7220410747139474 -0.0916132903244046
56.023068219 0.06008590197275611 0.6877031426233144 -0.7176682302569848 -0.09168633098747554
56.062900759 0.05987055935956414 0.6916178358154548 -0.714044860052216 -0.09066544621260562
56.096532408 0.05997615113305185 0.6951095764806702 -0.7106722369982906 -0.0903908708884588
56.13625918 0.06032949436636871 0.7002198465274654 -0.7055912963565399 -0.09051762891530334
56.169740587 0.06049809965026217 0.706002418569252 -0.6998799104585525 -0.08982580837154798
56.209632949 0.0598388812561574 0.7150183408554868 -0.6910291176087718 -0.08744620716257846
56.243203193 0.059644394174919194 0.7239449200961631 -0.6818318356131138 -0.08632292195540457
56.282908755 0.05925412996679913 0.7345322092305385 -0.6706726297020649 -0.08455533959070421
56.316363332 0.05997038206476962 0.7433741680464138 -0.660971082585724 -0.08316025217472407
56.356250615 0.05909911083470766 0.7537146195713854 -0.6496842613262146 -0.07957341219226313
56.389588543 0.0566565721614892 0.7622863684073401 -0.6402457371576138 -0.07612438126357729
56.423056315 0.05555334896570194 0.7704583765127289 -0.6306918626795106 -0.07440087250774997
56.462936254 0.056312442348215794 0.7786747208485114 -0.6204666963340315 -0.07426753455315747
56.496293258 0.05649096605602573 0.783594369914041 -0.6142969775557608 -0.07367399513350176
56.529816253 0.056892847831900704 0.7868382330715561 -0.6101115923730461 -0.0735706714284562
56.569606073 0.05586708454574822 0.7892539355590984 -0.6071310975209651 -0.0731363417995548
56.603411088 0.05609960563417128 0.7905218372744478 -0.6054193259949082 -0.07345405878365677
56.642942913 0.057028291123065296 0.7915400909363304 -0.6040070692628084 -0.07339971888666535
56.676317971 0.05670491524531446 0.7915194806632306 -0.6041146627714326 -0.07298587906019689
56.716335187 0.05636837674264759 0.7911944344841607 -0.6045703257888242 -0.07299790490338341
56.749853594 0.05661795518212641 0.7913264271861834 -0.6043620230471629 -0.07309882274076028
56.789703707 0.056352631547651126 0.7917034210721275 -0.6039019357762501 -0.07302414632189909
56.829649569 0.05613016099849288 0.7918057844440659 -0.6038115598754371 -0.07283271866401958
56.869639635 0.056255061943350344 0.7920591247412335 -0.6034711268097701 -0.07280322813479616
56.909661299 0.05601794904597645 0.7922223758033721 -0.6032882514523069 -0.0727253897944946
56.943383689 0.055983435359758416 0.7922714788873675 -0.6032233773408365 -0.07275517669869438
56.983005353 0.05614297120024092 0.7924992437379994 -0.6029050296824117 -0.07279038839818372
57.022986501 0.05400431520246684 0.793983380016319 -0.6013600692499451 -0.07099291027331896
57.062981866 0.053937250526613016 0.7972295310042706 -0.5970945435202407 -0.07066791350178342
57.096613556 0.05423812714934268 0.8005822059994082 -0.592591477657313 -0.07043931862514835
57.136296836 0.05380774366506996 0.8048055844535293 -0.5869874252670815 -0.06955904349838059
57.169856189 0.05424899889195773 0.8078372070582751 -0.5827576419431022 -0.06963924014821797
57.209685964 0.05448298273253094 0.8112167227157935 -0.5780585880180027 -0.0693347113461009
57.249652174 0.05434094395568246 0.8146714664633732 -0.5732635498828199 -0.06874857028455347
57.283138802 0.05440721401834349 0.8174060718538666 -0.5693872327389817 -0.06844960155499963
57.322978355 0.05437385022605433 0.8200838140794295 -0.565572636458732 -0.06807066317914906
57.356486432 0.05411978742763631 0.8218793260245468 -0.5630654054932034 -0.06740008307857387
57.396376179 0.0533451305843404 0.8233471871073835 -0.5610895537678937 -0.06657491402807085
57.430009522 0.05336031419870454 0.8240937727659099 -0.559969296201852 -0.06675715593303051
57.469680348 0.05131446665390487 0.8247068621381753 -0.5594006806302732 -0.06554613310193905
57.509745715 0.04847008093528792 0.8247784557695226 -0.5598627241970677 -0.06280828135848353
57.543398634 0.05041883616428997 0.8245251877541411 -0.5599068098844405 -0.06419127638445861
57.583026259 0.05107180422271243 0.8252311119156582 -0.5587420690710161 -0.06475015822469606
57.616496666 0.05282295972117286 0.8272054612750231 -0.5555730988308635 -0.0654170590789815
57.656387335 0.05364077486675792 0.831044854190705 -0.5498207633593405 -0.06468574629542521
57.696535366 0.05554104665599425 0.8372009275809857 -0.54016645749938 -0.06503842853624572
57.72992916 0.05758868696258563 0.8426260616295286 -0.5313240804933095 -0.06602715263112838
57.769696818 0.0586841827134869 0.8483048510552487 -0.5219635585268549 -0.06700067123070402
57.803251723 0.05972541384013222 0.8525554598841393 -0.5148113552911533 -0.06746355480298102
57.843053595 0.05963818881429926 0.85845540210921 -0.505100946999526 -0.06611083394305904
57.883023302 0.06215659386376654 0.8641235539254444 -0.4950285850525854 -0.06613426775394048
57.923033796 0.06283928141880651 0.8707243342842779 -0.4833739687583347 -0.06511501150107792
57.963023691 0.05729031049224591 0.878502992195112 -0.4706200863186438 -0.058881638745617595
57.996381647 0.052539346493103725 0.884370240836391 -0.4606470791357218 -0.05415868053036049
58.036410435 0.05504433577750581 0.8899410592662708 -0.4493352586714184 -0.055433360402657575
58.076367157 0.05456653606825785 0.894849903367922 -0.43957263310522177 -0.05515472607922438
58.11639838 0.0547379115897118 0.8988581975258799 -0.43134648588519503 -0.05475318154971726
58.149942855 0.055070550792176196 0.9023067142094662 -0.4239630220224476 -0.0553641028605749
58.189765827 0.05707136602292689 0.907831246789561 -0.4116159234285139 -0.056192687361260624
58.229736386 0.057946402697827186 0.9144140675836512 -0.39661947637456196 -0.05641026839035019
58.269716452 0.06331330225848956 0.9196212509851764 -0.3837119970122304 -0.05525652760054994
58.303056996 0.06279724721670145 0.9235430366603353 -0.3751394499456895 -0.04894035423509406
58.343193556 0.05504113008262537 0.9274419735758218 -0.36842713612737193 -0.032913599225774595
58.38347136 0.045301041941784845 0.9293398814260241 -0.3658172330899169 -0.021282677568611633
58.423078397 0.03308539830931311 0.9295232054400902 -0.3666383431023004 -0.021640063176752655
58.456579271 0.021665542027397306 0.9297515196172269 -0.367013730601179 -0.019840302626764277
58.49642707 0.01326074251516825 0.9302739945554294 -0.36623010076655294 -0.017028242843935337
58.52988854 3.731231117607229e-05 0.930018754022428 -0.3671765685210834 -0.015699786732444918
58.569756015 -0.013876718037381282 0.9298024838899048 -0.3675572561467217 -0.013283113436521573
58.609894829 -0.020314002654129793 0.9291241876875949 -0.36914071885090954 -0.007121434986641866
58.64986118 -0.029849404934426584 0.927863673642745 -0.37171901512459954 0.0017291483591157523
58.68977404 -0.03521164573233863 0.9273020605876745 -0.3725337159153935 0.009468840527853859
58.723262421 -0.03735140332194316 0.9273341636060586 -0.37209735859821697 0.014134263446081857
58.76311033 -0.03410703906379196 0.9269719427515484 -0.3730787875578753 0.019285888936384856
58.803075999 -0.02767416262057013 0.9266388874225268 -0.37421657619308063 0.023161760337244344
58.836540946 -0.020779519212011332 0.9263579013169887 -0.375190523678411 0.025716165943267335
58.876416095 -0.008760048338659817 0.9261277568749454 -0.3761164666077091 0.02733208820083756
58.909847649 0.0014323339531755446 0.9257123605339453 -0.3770928200102593 0.029250283260640497
58.949802489 0.015898331302954174 0.9251059322680373 -0.3781204895928721 0.030840760274574643
58.983197414 0.02564380248894321 0.9247475970203402 -0.3784013140698004 0.03157091555946705
59.023402102 0.032666266847405784 0.9240566137249083 -0.37995148342735635 0.026251854846099456
59.063090481 0.031374935735968175 0.9216600323727427 -0.38615451039631454 0.0210497561701133
59.103079254 0.022184773639003095 0.9175010556013992 -0.3968037012387095 0.01569940993048734
59.136595316 0.010043194222820235 0.9138155814149018 -0.4057979025190603 0.01297226750721627
59.176518767 -0.00758507376128299 0.909676604232064 -0.41515600353104265 0.008742717025604052
59.210136019 -0.026598808795038675 0.9064931144562284 -0.4213384010961628 0.006057109530235303
59.249788892 -0.04228859173642566 0.9032402816066691 -0.42677428696204006 0.015243906326705858
59.289774148 -0.03691958159172272 0.9028257948982137 -0.4279895907722197 0.019168691977507833
59.323245977 -0.03353620903843371 0.9020812147797181 -0.42998400749408433 0.015445320463034937
59.363134592 -0.02625552410720922 0.9025137475955953 -0.42982997175361226 0.005077227304211886
59.403133825 -0.019624042195677514 0.9025944375672165 -0.43003894108269647 -0.0021650388207660274
59.43651817 -0.027647962630471718 0.9010393078241039 -0.43284641457829165 0.002781601150645903
59.469954854 -0.030405958589769577 0.8972812140131805 -0.44038879111466045 0.004428693016941216
59.509813022 -0.037506009239370315 0.8889898473049554 -0.4563765245836753 0.0032891440488660604
59.549807375 -0.04059597381751795 0.8798350898595911 -0.47354078057490634 -0.0011448554846905847
59.583258355 -0.04572924643798553 0.872806023001589 -0.48591625504444264 -0.0019685822177080846
59.623225858 -0.04525575226760257 0.8646195750158764 -0.5003786293254251 -0.0024768327492215364
59.663147004 -0.043058089859060754 0.8576888272741018 -0.5123531413918077 0.0031835472057627633
59.70317451 -0.03061473511489933 0.8498191884586089 -0.5261670417995425 0.004281243430859633
59.73684914 -0.016126345391734485 0.8440867794813848 -0.5359606907503163 0.0018941117956472696
59.776493867 0.003353688491993367 0.8381439577572698 -0.545391660756083 -0.0071690463940699235
59.816464315 0.019300563750026787 0.8326705809547545 -0.552980430870526 -0.022356988295612085
59.849937077 0.026401669516060752 0.8302830101195532 -0.5558715820061031 -0.030657124320635283
59.889853013 0.022581017468612668 0.8285738852443827 -0.5585112800885557 -0.03194627294307959
59.929858016 0.01658929357702986 0.8268117732166825 -0.5611956789984499 -0.03415401707514028
59.969818636 0.013513751919541859 0.8253832875192475 -0.5637483066543741 -0.027343261277726558
60.00324464 0.020769670292163513 0.8249179148414012 -0.5641333195439743 -0.028855716070926622
60.043143925 0.02726348049573801 0.8227929338380481 -0.5664171058455206 -0.037949346015711385
60.083148437 0.03457971077387213 0.8223891509455777 -0.5659503225281686 -0.046696471387769826
60.116535458 0.029539129961935515 0.8230495863311212 -0.5657043925498701 -0.04117473122006501
60.150207683 0.024360745355273196 0.8231854171837493 -0.5661212022303903 -0.03576461109769852
60.196480492 0.023743339690508375 0.8224626001327215 -0.5671784035615589 -0.03605806063317258
60.236489653 0.01535183344207424 0.8219903571846784 -0.5684273086192307 -0.031409691518218145
60.276506488 0.015966083271579747 0.8207921320662332 -0.5700393638101651 -0.03317354111388608
60.31024059 0.017121212233434806 0.8196538531870065 -0.5714388977790237 -0.03649672796903192
60.350059895 0.010751857240080752 0.8190661416544383 -0.5725157264005748 -0.0352249369796839
60.389879911 0.0011214431924447257 0.8190749273638169 -0.5729597939501652 -0.028845801179866147
60.429843767 -0.008690655243451745 0.8183446256882627 -0.5742646444321601 -0.02136970457871484
60.469862606 -0.015479637170501019 0.816268496314703 -0.5772418923844331 -0.016059901420679697
60.50984101 -0.016817047338544854 0.814156014131333 -0.5801586810361925 -0.0168248741730647
60.543277583 -0.014930732999537632 0.8124333484818186 -0.5824998289283526 -0.02056883042752399
60.58319416 -0.008675921436279353 0.8115448322902001 -0.583689773827385 -0.02501922260260435
60.623194064 0.0010211945627430043 0.8102365958284566 -0.5852372633700685 -0.03182705618011765
60.656835432 0.012497046916875242 0.8091058702674606 -0.5860862510972247 -0.041163342817284676
60.696534842 0.030038672653310176 0.8075934630060566 -0.5864750459859137 -0.05419868163464005
60.736630385 0.05272683741554834 0.8054916114532326 -0.5861301042954844 -0.0696752849523659
60.77654052 0.07739934952390025 0.802830904619598 -0.5847521964431875 -0.08681444600884462
60.816601739 0.10745666931057805 0.7986101642486446 -0.5818641768952529 -0.11004067168751717
60.856521161 0.11501280914460472 0.7972621049009498 -0.5810945542550597 -0.11607889057312216
60.89005644 0.09084620455008216 0.7998539202406637 -0.5852896289804647 -0.09703980421660395
60.929879141 0.0804232206014807 0.799634676694118 -0.58845287784521 -0.08854208023346445
60.976544036 0.08196849307962176 0.7969559575951175 -0.5913031227904965 -0.09221163036251188
61.010113709 0.08466709954811405 0.7943880271648172 -0.5938856538068887 -0.09528365417879385
61.049896084 0.08443595680567803 0.7924574708922489 -0.5967679838782125 -0.0935398281124337
61.083409562 0.08394744414768615 0.790715723315496 -0.59929127716196 -0.09258205355418499
61.123207868 0.08272084705643043 0.7888545039932848 -0.6020573048936128 -0.09161241518492365
61.156545365 0.08214088228840886 0.7876062216234575 -0.6037537421144369 -0.09171005397292631
61.19002504 0.08154310034401338 0.7868981714597164 -0.6046860627487143 -0.09217785014361511
61.229951986 0.08121525889651841 0.7864369815207612 -0.6053067973913345 -0.09232895997860699
61.263419979 0.08062646414628367 0.7863134489042322 -0.605531311026366 -0.09242491394797078
61.303238202 0.0811299157297293 0.7867032738914703 -0.604921900321851 -0.0926573803489489
61.336762209 0.08021747927712339 0.7870750062056012 -0.6048106050451646 -0.09100671760798221
61.376546468 0.07903840951143484 0.7865214162009421 -0.6056668615292564 -0.09112982236605024
61.409917278 0.07950481438459565 0.786140706895593 -0.6059275611032459 -0.09226897716372794
61.443387756 0.08070958321340237 0.7861755623466525 -0.6056907644055619 -0.09248051827411778
61.483375767 0.08109549130641998 0.7862953327136989 -0.6056096430867521 -0.09165222988427726
61.523399034 0.0815188991743429 0.7868047278545494 -0.6048950872999969 -0.09162381057051246
61.563251361 0.08272753322433585 0.7879168488073991 -0.6032825125911672 -0.09161552605166283
61.603229203 0.08368542599278109 0.7897590254480821 -0.6006526143302785 -0.0921621836650136
61.636611094 0.08467798649500585 0.791033682351948 -0.5987735369049032 -0.09255054559677983
61.676731644 0.08483716204923812 0.7925497191092543 -0.5968048789870877 -0.09214952573117896
61.716627703 0.08536923977153921 0.7936464827404794 -0.5951634258860823 -0.09283237485940564
61.75007659 0.08577830904840904 0.7951529952339105 -0.5930511308664217 -0.09308142696260537
61.796584139 0.08577686355872047 0.7987592441713074 -0.5881460347497809 -0.09332867371295889
61.836804476 0.08574028650768607 0.8024716583783355 -0.5830438999562912 -0.09352888052822134
61.883259507 0.08562339097938959 0.8057155361364516 -0.5785384492461181 -0.09372498327253764
61.923273357 0.08603626543696377 0.8077982909079358 -0.5756254197541071 -0.09335447696166599
61.956702156 0.08578223021477685 0.8099774700203612 -0.5728139578621236 -0.09198954678181383
61.996970673 0.0860094823822421 0.812847523566997 -0.5685064763468329 -0.09317541909241446
62.036755363 0.08003955303786958 0.8155078930732533 -0.5654353772833839 -0.09393285048969026
62.07661831 0.06016491099007103 0.8175791115255646 -0.5664104370230185 -0.08440258712870254
62.116706699 0.0426976737269648 0.8193555247850155 -0.568114783165778 -0.06386725147584389
62.150065217 0.016983048259753487 0.8212405394554912 -0.5694502971662174 -0.03165298538791191
62.189945205 -0.016393180405897746 0.8190492722491544 -0.5734212808948559 -0.008808398334150225
62.223523004 -0.04574716086149727 0.8153278103293884 -0.5771857330543111 -0.0020948830885866633
62.263272999 -0.05886017635258282 0.8129415183236227 -0.5793376219608279 -0.005430212352968706
62.29662864 -0.05523977461232269 0.8111541817032828 -0.5822030529388827 -0.004131096065437491
62.336808031 -0.030565951676123488 0.8181303977007406 -0.5742033081238779 -0.00435153946963
62.376701314 -0.014327609793301313 0.8214561995604532 -0.5699932979258119 -0.010586412091192427
62.416661634 -0.015040151198697407 0.8205294206771508 -0.5710586444274639 -0.019932091706762533
62.449999712 -0.00870484192151288 0.81765339994962 -0.5750424207295302 -0.02633168508603602
62.483406189 0.0011406488033791809 0.8155782378652184 -0.5778686348489851 -0.029977953544940747
62.523280708 0.03257820145098975 0.8112417775595367 -0.5817747234574642 -0.04861697520674222
62.556883854 0.05899824525578044 0.8077671236159469 -0.5828161964325422 -0.06600577427666826
62.596654497 0.08908908017814042 0.8033169461705318 -0.5813882913477237 -0.09344877993873578
62.630273944 0.10730221960307362 0.7997311382058416 -0.5794413542173718 -0.11473472567179131
62.669978123 0.11415907603467627 0.7986876569497504 -0.5775786884614128 -0.12437278894605881
62.703320239 0.1251267013177496 0.7969746750816136 -0.5756537821499088 -0.13340689259704872
62.74335588 0.1404087794662499 0.7971393958452351 -0.5699707702295037 -0.14137708203339677
62.783568823 0.1385263891618141 0.8031800506590795 -0.563267571058115 -0.13580091724049348
62.823320691 0.13253857903234662 0.810086290826013 -0.5560432516365922 -0.13042096761350855
62.856789936 0.13437462531390676 0.815839128063844 -0.5472090316869664 -0.13004711773809727
62.896791122 0.13906756151441335 0.8242317980301654 -0.5334730275590799 -0.12926207996680428
62.936900672 0.140487788018144 0.8374859959074193 -0.5134368425210178 -0.12354350172621154
62.976693046 0.1411765098671038 0.8610484963151036 -0.4747826340449205 -0.11509183491720729
63.016864451 0.13513543655946497 0.9009652424042117 -0.4009305604025432 -0.09620151506450035
63.056695668 0.12353951427203388 0.9469487623575181 -0.2881765650383234 -0.07057122108698127
63.090047713 0.11610748400203494 0.9794770294760601 -0.1580202996776913 -0.0466195857686808
63.130042678 0.1130900502700503 0.9929594910671486 0.02885476250263651 -0.020235916349475688
63.163508386 0.11074427249482716 0.9790912325567707 0.17060222789436078 -0.003308213647244754
63.203332089 0.10624479973114304 0.9502572105429072 0.29262864045373765 0.009578889679876282
63.236776838 0.10619247906106036 0.9265043294608909 0.3605251083705514 0.018290191783941867
63.2768291 0.1056751050474219 0.9034956472356925 0.4145253555636923 0.02640297699442223
63.316975157 0.10197840460013427 0.8888443483408651 0.4456965151479932 0.030178565284797124
63.356714543 0.10157463546485401 0.8803126679300002 0.4622284998367797 0.03281789223560302
63.390129115 0.09990088467461805 0.8757821225900305 0.47086709448281244 0.036189312320678416
63.43003931 0.08565976078485177 0.8634319219978945 0.49592253961512583 0.0347642943116613
63.470029115 0.06515682621373037 0.8304565718020895 0.5523722880321593 0.03132611949463103
63.510033647 0.05170863171906238 0.7791799382451308 0.6238923133333574 0.03103582777385887
63.543482073 0.045193111308624204 0.7338872601195193 0.6770202797610312 0.03179013867233806
63.583362062 0.036406603987243394 0.6893412917265139 0.7228977769174894 0.030032429716713056
63.623363648 0.02601249506326666 0.655643275273584 0.7541844763576311 0.02571033469787605
63.656929514 0.015899742246607233 0.6355526410891682 0.771674729741842 0.018388857466666925
63.696709786 0.008044646881733394 0.6183297342377958 0.7857962933655869 0.01130525306526974
63.730113618 0.0009508105603942516 0.6063606834714843 0.7951759450261406 0.004586278562950896
63.770041396 -0.008116062193171366 0.594211973420795 0.8042551996283871 -0.00445354336951114
63.803730383 -0.015303322322106584 0.5842508742763938 0.8113271192887916 -0.01284639014377028
63.843392293 -0.02286238788424642 0.5744311436457338 0.8179644754452721 -0.020983072692660407
63.876833986 -0.03137447680871447 0.5679509076966955 0.8218230823308602 -0.03246890819973832
63.916763277 -0.04344744711216874 0.5621550756648247 0.8244604281997415 -0.04856946135597306
63.950252039 -0.05011646882490118 0.5599401897076927 0.825022949252642 -0.05737993298278052
63.990061345 -0.057885598280626054 0.5610372287322788 0.8229502556621164 -0.06811286364377533
64.023645235 -0.06446845686410653 0.564547364333531 0.8192923939587431 -0.07674675690200837
64.063386543 -0.07103354159394792 0.5684830840394687 0.8152970365037859 -0.08409495465091579
64.096759057 -0.0787654796821572 0.5707930159866568 0.811972961931554 -0.09322682662943663
64.13675367 -0.08585060021508133 0.5742564309669185 0.8077684962729981 -0.1018296733015799
64.176753784 -0.09010001854610548 0.5815099093573438 0.8015624279435489 -0.10595228212005703
64.21017046 -0.09346566093112693 0.5905995207095744 0.7942314526325811 -0.10794802459271276
64.250093951 -0.09717548529914789 0.6013946331002823 0.7854082502689116 -0.10961432727786485
64.283450274 -0.09891572154668091 0.6086708467463924 0.7795643852011928 -0.1096122697411904
64.316875636 -0.09994143025637614 0.6146951365857181 0.774764432470171 -0.10909479252168355
64.356741218 -0.10088300836028576 0.621037286482627 0.7695900151569764 -0.10893353934009087
64.390089095 -0.10141971233199623 0.6248655164087217 0.766380456347848 -0.10917016296507577
64.430315243 -0.10326070809906848 0.6273483633610032 0.763858999872941 -0.1108633639407529
64.470078102 -0.10366483499713018 0.6291614745993059 0.7622942768209615 -0.1109814236304978
64.503422813 -0.10550132030990847 0.6295644530218377 0.7614131139632154 -0.11299619811754787
64.543450389 -0.10661843230011661 0.6293782432803846 0.7612208584208965 -0.11427310043976169
64.583616675 -0.1077420303256416 0.6276185139695803 0.762306606798867 -0.11565160204131159
64.623413998 -0.11043578596401031 0.6242186090493176 0.7641430950883636 -0.11933312835848461
64.656782684 -0.11190207150155243 0.6206680901791223 0.7664329400214674 -0.12177683144634682
64.690201364 -0.11199153250637732 0.6172130498542658 0.7689907148350272 -0.12312281768211204
64.730093566 -0.10680783642177638 0.6154047572142083 0.7719572741251763 -0.11811451139571244
64.763653691 -0.10666573960753593 0.6156364942358967 0.7718028604715722 -0.11804436253718754
64.803466564 -0.10728810397912471 0.6153840309392548 0.7718242629312652 -0.11865523317632566
64.843446851 -0.10863682264306443 0.6147768867164627 0.7718673116618563 -0.12028413658139535
64.876795319 -0.10903278034239962 0.6143523893438557 0.7720689162598926 -0.12079976433576509
64.916929735 -0.10938188333286022 0.6142815052791054 0.7719639295093582 -0.12151348652336245
64.956988319 -0.11025998216996666 0.6140427395888057 0.7718696187408821 -0.12252159791219788
64.990364028 -0.11110767275267229 0.6140759524577136 0.7715812689847598 -0.12340241091852676
65.030103583 -0.1112638760804236 0.6141372592808442 0.7714667659133891 -0.12367217040914778
65.063440951 -0.11120966326467004 0.6140191753820265 0.7715758959697957 -0.12362645274431242
65.103625621 -0.11111707864413192 0.6141341673538878 0.7715107635835752 -0.12354497560333873
65.143651082 -0.1110998924592031 0.6141888928092076 0.7714422578572702 -0.12371604842311477
65.183445421 -0.11134989100928434 0.6140350184952347 0.7715047541386892 -0.1238652985108342
65.216925145 -0.11138751149771793 0.614238369000121 0.7713539159124682 -0.12376261445573182
65.256802198 -0.11129917740034836 0.6145471203788774 0.7711193033918762 -0.12377136130972684
65.290140477 -0.11140276415072477 0.6143300676254947 0.7712503102826725 -0.12393930385359829
65.32364568 -0.11141259993383555 0.6141493334302702 0.7713876383995699 -0.12397152958430581
65.363531659 -0.11151478167243466 0.6143096327717953 0.771207439838902 -0.1242063335319803
65.403546691 -0.11149415135575907 0.614281858222726 0.7712414085280914 -0.1241512893348248
65.443510097 -0.11133917672761948 0.6143265367806255 0.7712293482307606 -0.12414421597599597
65.483466839 -0.11141478076805274 0.6142696808639835 0.7712412808592982 -0.12428351659080021
65.516834624 -0.11145108568788029 0.6143033950772101 0.7711933639740536 -0.12438162910168293
65.550292808 -0.11133453750669665 0.6143184950414242 0.7711852699655458 -0.12446158763400726
65.583629274 -0.11131330762973435 0.6142950570393353 0.7712030458013818 -0.12448611403783051
65.623557172 -0.11119613878592514 0.6143496628436752 0.7711929219141808 -0.12438403302848954
65.663524655 -0.11115522900540879 0.6143407209850318 0.7711893175486176 -0.12448706801609578
65.703507607 -0.11106988717154753 0.6143633931751823 0.7711909662389453 -0.12444113018378601
65.73701346 -0.11095076771777673 0.6143811822466241 0.7712074289048843 -0.12435751543832946
65.776840389 -0.11084837120269896 0.6143892647013157 0.7712046278742302 -0.12442625111629604
65.816938898 -0.11083225071937286 0.6144284587444896 0.7711828087358655 -0.12438230097409582
65.856818867 -0.11076890068244162 0.6144243104977392 0.7711968117332696 -0.12437240402686287
65.890245602 -0.11076938984178125 0.6144538040902748 0.7711749665424209 -0.12436171392902949
65.930265974 -0.11077317705639282 0.6144623038706513 0.7711490988044443 -0.12447669573015718
65.970244678 -0.11065401165243711 0.6144970439732657 0.7711599046523467 -0.12434417601932186
66.010301328 -0.11064099269899039 0.6144904951181046 0.7711685721289162 -0.12433436976450744
66.050178742 -0.11064983738743975 0.6144537833750398 0.7711825255360013 -0.12442135624621456
66.083537148 -0.1106214931707723 0.6144549776191346 0.7711806441995727 -0.12445231914138694
66.12349355 -0.11055114958189254 0.6144510611464247 0.771194389445822 -0.12444898741830206
66.157088872 -0.11055779148518682 0.6144624022293853 0.7711902934693582 -0.1244124682138249
66.19694719 -0.11083512929748605 0.6143691392074379 0.7711635682659331 -0.12479136942302935
66.236924231 -0.11073998138690806 0.6137846598710086 0.7716335599694806 -0.12484669382199695
66.276853151 -0.1104820990249479 0.6120913752220181 0.7729707738764379 -0.12511609371588034
66.310336653 -0.11011747130643114 0.6094727209892876 0.7750293657137601 -0.12548556556161336
66.343680983 -0.10969240961190149 0.6065081681110256 0.7773458104240811 -0.1258924473678681
66.383775865 -0.10952538083293019 0.6038141342965443 0.7793322747530846 -0.12670393721309214
66.423719333 -0.109671484174923 0.6015470204607714 0.7809199324141207 -0.12758294122633737
66.463539619 -0.10965884272696041 0.599010152493953 0.7828110619158355 -0.12793989511937634
66.497047066 -0.10912682172210449 0.5971657113702276 0.7842734988100847 -0.12806064582341534
66.536891528 -0.10872410674531628 0.5956782392499398 0.78543112141951 -0.12823594426764917
66.570749361 -0.1089671771682802 0.5950525402902932 0.7858370245559466 -0.1284476524935428
66.610211416 -0.10881401247065868 0.5948915100742465 0.7859859750908958 -0.12841202783241026
66.6435786 -0.10868370088170212 0.5949126458137831 0.7859846513427837 -0.12843256933918146
66.676990367 -0.10880222293500946 0.594840329906442 0.7860144897428633 -0.12848455204989442
66.716887417 -0.10865731756977663 0.5948603564810115 0.7860553339075025 -0.12826439748187946
66.750270611 -0.10890874166035283 0.5948460236245732 0.7860229597117449 -0.12831601994287742
66.790234196 -0.10914042617606921 0.5951112332922195 0.7857544380906988 -0.1285338492549333
66.823703561 -0.10916829627495687 0.5950976270330705 0.785767968102288 -0.12849045759290342
66.863574814 -0.10905132675853807 0.5949920515647192 0.7858860242019979 -0.12835662690716682
66.897033328 -0.1089947811354628 0.5949702985360792 0.7859166680968388 -0.12831785671793575
66.936940538 -0.10912216104425096 0.5949793683204667 0.7858814679839513 -0.12838311229052157
66.970417006 -0.10919950213011896 0.5950813323760513 0.78580063981622 -0.12833951478986108
67.010232484 -0.10915555537289506 0.595218703455569 0.7856988714186148 -0.1283629356139115
67.043801105 -0.10913898033338894 0.5952056447114552 0.7857049631368335 -0.12840028963190206
67.083602116 -0.1091325716904428 0.5952484129421364 0.7856786811877337 -0.12836829286549803
67.117155268 -0.10913054857881455 0.5952536043514437 0.7856556255317979 -0.12848699523197432
67.156970325 -0.10913994572567379 0.5952209567369428 0.7856760221725171 -0.12850553720103194
67.196914073 -0.10903430114460094 0.5952254232971328 0.7856934465695834 -0.12846799076916732
67.230542376 -0.10902854758376289 0.5951167403487406 0.7857715869818895 -0.1284984601480799
67.270276171 -0.10902389484001955 0.5950463195878203 0.7858205149353892 -0.1285293204120444
67.310531433 -0.10893930911385459 0.5949314957844373 0.7859269025429441 -0.12848208479294604
67.350241173 -0.1088594917901868 0.5947966436931897 0.7860444600879894 -0.12845493553569656
67.390400756 -0.10891279761826991 0.5947650771277777 0.7860393060643273 -0.12858738221949095
67.430594824 -0.10890780498825488 0.5947260475737929 0.786066419636951 -0.1286063850243823
67.470255321 -0.10883314263879826 0.5946903473088976 0.7861211431007689 -0.1285001410541105
67.50378024 -0.10880193272203816 0.5945730702805321 0.7862114366719533 -0.12851684862053528
67.543589436 -0.10892586118987026 0.594530054616613 0.7862120961371597 -0.12860680700968266
67.577179617 -0.10884338601992534 0.5945394956498322 0.7862356402809801 -0.12848900102389219
67.617061319 -0.10888574462335825 0.5945586339321446 0.7862117836836999 -0.1285105312083563
67.657138378 -0.10910010563311318 0.5945411280958355 0.786144653170829 -0.12882002268394377
67.696986006 -0.10914767598958418 0.5945079020942668 0.7861684536532259 -0.12878781640373424
67.730346707 -0.10916070861224897 0.5945165277755277 0.7861658493993539 -0.12875284515378455
67.770277531 -0.1090164132678053 0.5945271160313333 0.7862185520310985 -0.12850415706821156
67.803979542 -0.10900578008983293 0.5944860039449498 0.7862240152656106 -0.12866984433111375
67.843627356 -0.10892905799088647 0.5944705256886211 0.7862461748020635 -0.12867092531662064
67.877161993 -0.10894289789835239 0.594489192914625 0.7862525176708814 -0.12853413150376605
67.916958134 -0.10895239131662547 0.5944815431001734 0.7862671193566901 -0.1284721306671528
67.950453458 -0.1089698490180949 0.594468337120513 0.7862725615071912 -0.12848512438047446
67.990297459 -0.10886996122823554 0.5944576199761067 0.7862974321075903 -0.12846718590953418
68.023644204 -0.1088612134963151 0.5944264833329691 0.7863225144546859 -0.1284651523572424
68.063659487 -0.10889512381879093 0.5944363708608192 0.7863205788127321 -0.1284024935190851
68.103715175 -0.10887511404218829 0.5944200934157138 0.7863353728933251 -0.12840421886632125
68.143634638 -0.10881886462329686 0.5944001070186999 0.7863639991471614 -0.12836910969363952
68.177192238 -0.10884815261760183 0.594402556642591 0.7863564348324387 -0.12837927296142196
68.216968182 -0.10896258130141091 0.5943701608154883 0.7863548426234888 -0.12844192964484866
68.250354651 -0.10896291777781107 0.5943697011109713 0.7863664708733998 -0.12837256107406722
68.290307767 -0.10899734192718366 0.594330730437423 0.7863803940875208 -0.12843846038194104
68.330308923 -0.10897171188062914 0.59427462321669 0.7864200249631045 -0.12847716741700135
68.363692137 -0.10894253735643306 0.5942687925910167 0.7864302910281475 -0.12846603854770466
68.397064189 -0.10895695433712008 0.5942799392905803 0.7864220755844162 -0.12845253945275562
68.437001185 -0.10893937868338412 0.5942789116323893 0.786436339389566 -0.1283848552152494
68.476987653 -0.10901604773091327 0.5942786759607845 0.7864162670398854 -0.1284438070538222
68.510327135 -0.10898138988587919 0.594267330844417 0.7864322955245994 -0.1284275698808613
68.543923047 -0.1089680784358184 0.5942486082588796 0.7864500295291775 -0.12841690121610067
68.583657813 -0.10896738909133298 0.594226871975787 0.7864600091941107 -0.12845694482934228
68.623658027 -0.10891090230491286 0.5942147507517654 0.7864687426446584 -0.12850744021681043
68.657044928 -0.10898307195976256 0.5942101979999452 0.7864517158733305 -0.1285714945817047
68.690509584 -0.10897284293968287 0.5941438288991147 0.7864915751290061 -0.12864304230636653
68.730344358 -0.10888164525877217 0.5941762536936651 0.7865020120136765 -0.12850662228361265
68.763697725 -0.10888485215781676 0.5941675307069578 0.7864989833522551 -0.12856276136594053
68.797233906 -0.1088135529013841 0.5941708188180005 0.7865071304115023 -0.12855809030157778
68.837026661 -0.10882649189494348 0.5941539408893712 0.7865080722868217 -0.128619366407772
68.870393293 -0.10887979068006957 0.5941214614393484 0.786513693187271 -0.12868990118714216
68.910367278 -0.10887739449837364 0.5941385658041289 0.7865054377729015 -0.1286634133898001
68.943857222 -0.1074794102893115 0.5944229241731267 0.7867741825590582 -0.12686981216923476
68.983720339 -0.10150846702364241 0.5956560094986946 0.7877983851865319 -0.1194305395118602
69.017345546 -0.09592354435178714 0.5970545975136553 0.7884632242572737 -0.1124732200153532
69.057048162 -0.09312791932043736 0.5979148089746401 0.7886471772997844 -0.1089068482187782
69.097123718 -0.09210049366786223 0.598352790980945 0.7886027006667636 -0.10769037604417947
69.137045755 -0.09069699270732878 0.5988713862279352 0.78862119557643 -0.10584766487211744
69.170390106 -0.09032839575722541 0.5991320737814092 0.7885377982849526 -0.1053075484579983
69.210357599 -0.0903178007266818 0.5994041669343128 0.7883255434926911 -0.10535737758045788
69.243711918 -0.0930623371727147 0.5990615939486116 0.7877989034647181 -0.1088002562289649
69.290526132 -0.0927865197935954 0.5991065721213717 0.7878484793930141 -0.10842855022404395
69.330839263 -0.09233430882386992 0.5992312731132942 0.7878742515426663 -0.10793711360381196
69.370452021 -0.09129698900633004 0.5993186962895262 0.7881079771878582 -0.10661977475620163
69.403916366 -0.09113597403158852 0.599350936959098 0.788122504043998 -0.10646880868584543
69.443731984 -0.09096557446410286 0.5994099141318858 0.7881135816234226 -0.10634849112009898
69.477258216 -0.0907577573416919 0.5993970220349348 0.7881838138399493 -0.10607787261569043
69.51704488 -0.09055556201609329 0.5994681472531318 0.7881836121575357 -0.10585000776167361
69.550390893 -0.09046355268153539 0.5994218242484115 0.7882325382823615 -0.10582668776772265
69.583885396 -0.09045611285769675 0.599442966666184 0.7882206951326484 -0.10580149869318703
69.623792786 -0.09039832006633984 0.5994758724068959 0.7882039635071181 -0.10578910172056619
69.657238807 -0.09030683696252163 0.5994666693840454 0.7882248837255409 -0.10576351058508654
69.697100451 -0.09021946037818863 0.5994509234727735 0.7882544529919245 -0.10570693759214383
69.730468967 -0.09019551370363164 0.5994685582659439 0.7882465641039292 -0.10568619179740908
69.770412495 -0.09197734306812773 0.5991595846723693 0.7879803060482465 -0.10786564669751669
69.803759981 -0.09558380700554452 0.5985903464582574 0.7873609299876431 -0.11232140888674787
69.843913804 -0.09825757697881483 0.5981643678438706 0.7868745768435785 -0.115642716698607
69.88396847 -0.09956759531718326 0.5980158042757577 0.7865945351468152 -0.11718544737439843
69.923766786 -0.10078027177573716 0.597787354035478 0.786394122430209 -0.11865032820558198
69.957220842 -0.10131362283642473 0.597714687224282 0.7862825791151224 -0.11929965751924228
69.997076645 -0.10185751752393525 0.5976119644093671 0.7861785636122016 -0.12003437938896554
70.030419182 -0.10213779255373823 0.5975704680977728 0.7861220828919381 -0.12037224671534283
70.070411822 -0.10251725574817257 0.5975039466796213 0.7860479415365748 -0.1208630612811608
70.103779426 -0.10199504147429624 0.5976082129921717 0.7861400711664734 -0.12018828472580695
70.137186505 -0.09969194300130105 0.5979750302737602 0.786589185109685 -0.11732362736551676
70.177092111 -0.10045590137299315 0.5979678508175836 0.7863439255200929 -0.11834818150521005
70.21052084 -0.10070933269488308 0.5979295780501909 0.7862937115731956 -0.1186593828625456
70.250435574 -0.10096419774777263 0.5979974512609325 0.7861718197426977 -0.1189081532151291
70.283859654 -0.10120818523666444 0.5980819477483691 0.7860389778650093 -0.11915373387162304
70.323802921 -0.10174528728391921 0.5980097184160744 0.7858988215816058 -0.11998047937928655
70.357289288 -0.10192048830686232 0.5980050594297326 0.7858405203453609 -0.12023659818485108
70.39711747 -0.10198972373348754 0.5980455891843235 0.7857915543425495 -0.12029631180490269
70.437194638 -0.1022051755072733 0.5979587636186547 0.7857855417509106 -0.12058400178466895
70.477106928 -0.10229895676716114 0.5979541501688311 0.7857461581075067 -0.12078382656429834
70.51053769 -0.10239853652313209 0.5979218726313819 0.7857325094996682 -0.12094791218642859
70.550446393 -0.10239882331168526 0.5979426917096439 0.785728733266667 -0.12086925222970009
70.583793288 -0.10046633892782769 0.5990679597879152 0.7854985436395747 -0.1183897471831528
70.61717571 -0.09766788022241377 0.6017195577474813 0.7844059008915475 -0.11446371321757606
70.650608406 -0.09487336548434998 0.6048661686389154 0.7829203283262889 -0.11032552764980673
70.690661179 -0.09261039463333462 0.6084718289882205 0.7808391741711683 -0.10712391055817394
70.730463662 -0.0917571648468909 0.6109630835760329 0.7792390821010805 -0.10531470045910729
70.763826598 -0.09016300567738288 0.6132642182839987 0.7779388736599511 -0.102901602652354
70.803833655 -0.08944857704808291 0.6162069925185111 0.775858388307889 -0.10164475258295438
70.843891537 -0.08979081897178466 0.6185420010610743 0.7739873943194152 -0.10142443091474675
70.883801342 -0.08950399015852052 0.6204878357286946 0.7725479641206459 -0.10076469913352264
70.917140483 -0.08943335730671116 0.6214877492543487 0.7717846678251414 -0.10051407183897235
70.950592395 -0.0908527756528177 0.6219755106039169 0.7710231573503632 -0.10205649511252352
70.990514122 -0.09214434685054941 0.6229749249191897 0.7698876134455552 -0.10336694311298493
71.023906382 -0.09222270717606627 0.6238449926434183 0.7692152998960075 -0.10305445085364408
71.063837938 -0.09211847630495304 0.6248585468499778 0.7684469542790696 -0.10273880090311306
71.097195202 -0.09128350076689366 0.6254073563169874 0.7682464939068845 -0.10163801332236146
71.137288822 -0.09110037018256545 0.6254384405662562 0.7682413765287365 -0.10164972702315203
71.177386329 -0.0903443891229891 0.6255725439360028 0.7682691587996556 -0.10128861369720228
71.217142535 -0.08998462986787963 0.625489037212329 0.7684887315052049 -0.10045546408362067
71.250498387 -0.09008250052177365 0.6255482342147474 0.7684051898887054 -0.10063803417525088
71.283887993 -0.08996159298541091 0.6255995511101121 0.7683959915771148 -0.10049733114155833
71.323823005 -0.08981848589070125 0.6257983579459582 0.7682755617477534 -0.10030810538345578
71.357172735 -0.09010984604589069 0.625872748451118 0.7681317725120896 -0.1006831587171589
71.397344261 -0.09001521439271813 0.6259356509811832 0.7681130487908118 -0.10051948212102643
71.443870064 -0.0898074198172167 0.6260190006473126 0.7680899361163861 -0.10036278299768343
71.477219214 -0.08995126775132327 0.6259156008863119 0.7681505141368441 -0.10041522607831314
71.510709458 -0.0897517382265487 0.6258482169863376 0.7682431803353711 -0.1003047887617022
71.550512472 -0.08972611362714727 0.6258267063293579 0.7682472443331705 -0.10043072116043802
71.583851964 -0.09172653227297495 0.6250165666931619 0.7683610737663144 -0.10277059383376036
71.617331347 -0.09846419372061972 0.6218293358035967 0.7689811192715832 -0.11091040479968164
71.657188864 -0.1093364066913477 0.6156410915147121 0.7703999078206601 -0.12456154559219375
71.690547842 -0.11017866889719102 0.6173596576522516 0.7687229364091749 -0.1256692526515272
71.737316441 -0.097383747242905 0.6456668257440992 0.7499350598020154 -0.10596302178692729
71.777423526 -0.07361008090964595 0.6903177372317189 0.7159470187562041 -0.0739110545578824
71.817238633 -0.05152011255916202 0.740437423410555 0.6684605994692084 -0.04752396208541891
71.857193923 -0.041372108732428955 0.7828044281765273 0.6198098106422938 -0.03662477955996555
71.897197543 -0.03899689072361162 0.8129466133327558 0.5800624617640411 -0.033534860025563336
71.930621433 -0.03628621283341737 0.8303609337870257 0.555205170354766 -0.030516376093532416
71.970742043 -0.03298273959561201 0.8448741702112676 0.5332499519643821 -0.027281204676006966
72.010564594 -0.02810650441958476 0.8542004986695123 0.5185750575839683 -0.02512851236846917
72.050544119 -0.02270055140472048 0.8603340488077955 0.5087530643937991 -0.02191640704646651
72.090552268 -0.021094160490250913 0.864134565457972 0.5023767079459519 -0.021074451057173833
72.130535881 -0.020090240543538963 0.8664795385776672 0.4983502184947823 -0.02136939838503601
72.1705542 -0.01642223556135928 0.866814250391884 0.497971573376395 -0.019689530359086552
72.210545106 -0.0056349300902377225 0.8636550346545713 0.503873087183561 -0.01342165007728214
72.244231799 0.002795516752095359 0.859254230866536 0.5114644350804582 -0.008859089788122434
72.290661412 0.009668036277689912 0.8518390490181403 0.5236949199020952 -0.004516028248522927
72.324079611 0.01455535059106204 0.8462208829866488 0.5326321105831273 -0.0011805686049959256
72.363872016 0.021948644546776717 0.8395769231381446 0.5427851266511369 0.0036267647779586977
72.397256071 0.027651183067114837 0.8336052069982567 0.5516139466978821 0.0077346460014973435
72.437224906 0.03226563885483463 0.8264621454096899 0.5619395178045122 0.011967835382150509
72.477236722 0.033973359753183184 0.8203393655621601 0.5706897097240328 0.014226431430708338
72.517340781 0.0330786277527763 0.8152474646676423 0.5779943807712008 0.014137593002024716
72.56389637 0.03385769298311033 0.8112986911498574 0.5834648176837057 0.01472741965551903
72.603889882 0.033766033043434264 0.8088815638220244 0.5867882083914776 0.015813576890322558
72.643988391 0.032806038358547014 0.8077369209708019 0.5884224683137294 0.015615029023497318
72.690567634 0.03391872583275964 0.8071108214207992 0.5892141237594031 0.015759389130409678
72.730622611 0.03396572146044167 0.8064038139249605 0.5901682792076971 0.016143756377461665
72.764161156 0.0334845240439469 0.8062426282981107 0.5904199200706391 0.01599777947981904
72.804093894 0.033631235728468704 0.8061907080390832 0.5904823068119371 0.016003986905494132
72.843921685 0.033471691818203544 0.8060982694459646 0.5906163359603684 0.01604897316956562
72.877268159 0.03331684992130701 0.8061799823767567 0.5905201303764933 0.01580503547806015
72.923935408 0.03367305104088017 0.806203467684307 0.590463506754766 0.015966888183408467
72.96393421 0.03313052701650595 0.8061246987242526 0.590612419946133 0.015566235630819715
72.997296243 0.03291288272152023 0.805920035407478 0.5909065987319461 0.015460603313318945
73.030657085 0.033261562561563075 0.8056251364367358 0.5912815892218375 0.015744530623417515
73.070623946 0.03303299918523051 0.8055641591316516 0.5913820160624408 0.01557297547891394
73.110626996 0.032977172994276355 0.8057746347490611 0.5911016737799334 0.015445235863655054
73.15058437 0.03305921189490047 0.8059389002096327 0.5908705715779441 0.015541727089654171
73.183952204 0.03300735664930495 0.8059967918442624 0.5907968242427825 0.015453103520818058
73.224080589 0.032823078632134656 0.8060399089762068 0.5907530912640915 0.015267475516828203
73.264055436 0.03270266142304503 0.806022481971214 0.5907867514399425 0.0151429460757582
73.303952837 0.0318171829419836 0.8060470731115206 0.5908165390731258 0.01454647571204351
73.33733063 0.03148153175623316 0.8060758073272579 0.5908002982828654 0.014342717624907781
73.370804373 0.030919333569474548 0.8060848131046092 0.5908258074789087 0.014004788846042943
73.4106191 0.030639752665143138 0.8060933365121481 0.5908327150688032 0.01383622751178743
73.44396308 0.030595628576328856 0.806085289358245 0.5908470159918869 0.01379193553264698
73.483974775 0.03058216567062279 0.8060555648856743 0.5908882320871032 0.013793282448668015
73.52396481 0.03042749111199527 0.8060511693668102 0.590903827845417 0.013723934736848244
73.564013996 0.03035463585497349 0.806035898287733 0.590930092603143 0.01365109554724591
73.603998641 0.030362116341879183 0.8060117205631389 0.5909634990493703 0.013615836273091417
73.644000599 0.030258799413393406 0.8060235398882541 0.5909548851856207 0.013519684882342056
73.683970015 0.03018292702957617 0.8060176454397189 0.5909678081927396 0.013475749908939466
73.717355433 0.03016347461995243 0.8058583898682471 0.5911853591264689 0.013501534443009267
73.750986922 0.029783921459445105 0.8042500050342198 0.5933901172560992 0.01352834682241197
73.790650114 0.02924533123077323 0.798290458278182 0.6013994899482789 0.013989578734276954
73.823998833 0.02920485091595711 0.7904704094060193 0.6116270195940449 0.014696851328193832
73.86397384 0.028129130529988253 0.7803755224019436 0.6244962430469336 0.0150744310601006
73.903980035 0.025973976338473852 0.7701106185534622 0.6372065432777322 0.014926786272195963
73.937314507 0.024841961737000103 0.7587660326878641 0.6506964287168453 0.015847467662691787
73.970683223 0.023933686704213163 0.7443210644950247 0.6671822791413236 0.016767169991584962
74.010654223 0.022722913887068565 0.7235795991086172 0.6896268660684058 0.01819391477836895
74.043988925 0.021912066536503003 0.7078105281762539 0.705807991411688 0.01895248802534527
74.077336301 0.02118969657762256 0.6948941168211421 0.7185298592240373 0.019697831601432104
74.117377412 0.021883508826443396 0.6858787152141022 0.7270773837687514 0.02121268652677761
74.150895769 0.02293635834175595 0.6915344551322304 0.7216766892253909 0.02089921193887984
74.190666192 0.023822434131110633 0.7064996586256623 0.707027554654857 0.020068905118732522
74.224097466 0.02538816785324929 0.7222314518899497 0.6908969970983438 0.019962721119156982
74.270721233 0.02681378790391326 0.7468860540582378 0.6641594231386446 0.01828944197349455
74.31732855 0.02848802855803862 0.7730186517440829 0.6335301942685994 0.016434391824074416
74.357356847 0.0296797713440761 0.7955312087625197 0.6050099100062362 0.014567630282702792
74.390876546 0.030793962251961546 0.8101170603267495 0.5853028174213826 0.013516374327544215
74.430741657 0.03079561561751899 0.8192110549438321 0.5725118487126268 0.01323104682940985
74.470697909 0.029972643457318992 0.82075860821262 0.5703412117908172 0.012955686861196431
74.510688284 0.030450312684922074 0.8179038131131948 0.5743945947489845 0.013303400897378505
74.550711291 0.030200721858773073 0.8141155684840459 0.5797710388056407 0.01301153770067971
74.584138127 0.029853483919768217 0.8116444092235082 0.5832424910610097 0.013050635809128163
74.624040076 0.029731748283642927 0.8101263549125294 0.5853501490973196 0.01328590124464391
74.664055119 0.029619708281868665 0.8088314939359827 0.587139993584861 0.013450473291027278
74.704047218 0.029315575815387674 0.8076806542504227 0.5887338864665141 0.013600319490921685
74.744045167 0.0287811401491946 0.8072401043569049 0.5893718537318029 0.013261897236218262
74.777380481 0.028791620125889067 0.8071844763140845 0.5894559161119597 0.01288358524223617
74.817392137 0.028976721198973696 0.8071314555973725 0.5895135899011682 0.013148776964463505
74.864059606 0.02913770561083606 0.8073532367082179 0.5891964279222455 0.013390840607176714
74.904026147 0.028895416694778152 0.8073760793633113 0.5891808974911366 0.01322086977100546
74.944075053 0.029154057725268502 0.8072682391884106 0.5893108082845384 0.013446269178426262
74.977487431 0.02917160335773249 0.8069635468779751 0.5897278919808899 0.013411375299837198
75.017592482 0.028751445232989732 0.8069643254715729 0.5897518466528856 0.013217079205895816
75.057492287 0.028963640779256408 0.8066972773156224 0.5901022481581865 0.01341443263899649
75.097449661 0.02865197146003688 0.8064649130419768 0.5904423613032802 0.013085356023312584
75.137440758 0.0286305727933975 0.8063049101547466 0.5906606595806435 0.013140296253402494
75.177410956 0.028910069804293365 0.8060607595493866 0.5909757224390307 0.013339987490344402
75.217404318 0.028702263023555778 0.805891937642441 0.5912200856837506 0.013159605781981288
75.250763867 0.028687793558230697 0.8058829411475416 0.5912336183027587 0.013134087588269444
75.290751658 0.028497242186358705 0.8057331048380026 0.5914500342285892 0.012997229200291028
75.330740881 0.02417605080616959 0.804299254054544 0.5936435242958733 0.01027592118967417
75.370749782 0.00946741846592803 0.793788325265905 0.6081188740584512 0.0013775605330754634
75.404354481 -0.013017903768396752 0.772251169252319 0.6350298467198602 -0.01399140968072096
75.444073918 -0.04089607873594752 0.7329598360846253 0.6780307011358601 -0.03703724811641017
75.477599218 -0.05904433419479916 0.6938972690602941 0.715423245078851 -0.056479438656955636
75.517435735 -0.07001396230500666 0.6518029219514182 0.751571415911606 -0.07342617246302657
75.557431702 -0.07356608630847632 0.6189407620949469 0.7775775973546317 -0.08290623652523663
75.590780009 -0.07476842616232499 0.5978271024762529 0.7933046383931652 -0.08763668579964816
75.624243093 -0.07628447946705845 0.583255510110428 0.8034147170985497 -0.09229561456386691
75.664084639 -0.07652595879973635 0.5714846274587674 0.8115642506411369 -0.0944063837321649
75.697600932 -0.07719952532221451 0.5654202094722423 0.8155250272838758 -0.09622447653286592
75.737409327 -0.07740195616908312 0.5614178018446875 0.8181043030820888 -0.09759271607885599
75.770780868 -0.0768364170131894 0.5594038618236374 0.8195038263765165 -0.09786195865413784
75.810780842 -0.0777998943846631 0.5580732555979193 0.8201171180814878 -0.09954561994276594
75.850933853 -0.07832684272723948 0.5581125369853973 0.8199765053780086 -0.10006913808050112
75.890793022 -0.07999885896532949 0.5587387440119136 0.8191789072121072 -0.10176991934266569
75.930845084 -0.08224373273414316 0.5601839727668942 0.8176353748057095 -0.10441397869720906
75.970777952 -0.0830868492301716 0.5616816428780665 0.8164243260802796 -0.10517427120337063
76.004141158 -0.08336826682427087 0.562658826372318 0.8157222080989472 -0.10517631105063723
76.044245467 -0.08423719234693278 0.5635959900803554 0.8148368640058297 -0.10632281245337238
76.084120256 -0.08479825158332492 0.5645821028764849 0.8140034913528551 -0.10702626642716986
76.124120601 -0.0856623741150441 0.5653845392902316 0.8132515488926675 -0.10781557687191595
76.157706755 -0.08585934537392467 0.5660430427306701 0.812774725478173 -0.10779931452493763
76.197485704 -0.08616807454000869 0.5665232142838194 0.8123689321575812 -0.10808898497417961
76.237447937 -0.08630408568105039 0.5670052422798426 0.8120044573237548 -0.10819159536807577
76.270815982 -0.08617324128658176 0.5673363538011849 0.8118016190713339 -0.10808221599737002
76.304263726 -0.08632455062151638 0.5677287211232607 0.8114899588915253 -0.1082414790640385
76.344147893 -0.08634797605614618 0.5682729600228814 0.811115377731897 -0.1081744606858839
76.384226835 -0.08620560085580248 0.5689407064609763 0.810672778666086 -0.10809585025606934
76.424134345 -0.08643483905604842 0.5697157840597568 0.810105721342283 -0.10808174794585289
76.457469719 -0.08649313870165269 0.570277355418995 0.8097192168525683 -0.10796973980480466
76.497502003 -0.08629977297896704 0.5710527135747331 0.8092218750979217 -0.10775483453523771
76.530948946 -0.0864073039218524 0.5717853368134638 0.8087069600049943 -0.10764924186240683
76.570837551 -0.08671044274173403 0.5724629137022418 0.8081836479239246 -0.10773440853993699
76.604255459 -0.08629062133078666 0.5728906985130776 0.8079821125223271 -0.10730835042764611
76.644166266 -0.0864698097990265 0.5730146118988833 0.8078837889487985 -0.10724276244775492
76.677535954 -0.08661284442489477 0.5733751257245348 0.8076012766934071 -0.10732827336811876
76.711215964 -0.08642553491258229 0.5732825167057362 0.8077010296584222 -0.10722327006455362
76.750836496 -0.08640708831441299 0.573408036770147 0.807620015451502 -0.10717718553193467
76.784314097 -0.08636998101970504 0.5737554877965746 0.8073996933402625 -0.10700748476634914
76.824165161 -0.08638605235128893 0.5740219969193299 0.8072002422150959 -0.1070699116455954
76.857638423 -0.08650795449398023 0.5743930493650644 0.8069370959839426 -0.10696504931692283
76.897494357 -0.08669129196559625 0.5747440578366966 0.8066576293094181 -0.1070390440710918
76.930857643 -0.08660906522946324 0.5750539221553682 0.8064541402856344 -0.10697465143651773
76.964327359 -0.0864713667662665 0.5754416997877277 0.8061908011070793 -0.10698572374532045
76.99766133 -0.08662933087374083 0.5754299744044703 0.80616420285795 -0.10712134063595675
77.037628311 -0.0866336477551411 0.575428812323476 0.8062275807377137 -0.10664605516588703
77.07752933 -0.08633929542183251 0.5755714212177353 0.8061674285001881 -0.10656989428939186
77.110934855 -0.08665494889934017 0.5751446931452091 0.8063421617053471 -0.10729314998872837
77.150858746 -0.0865443321028409 0.5750042905333742 0.8065025868474212 -0.1069285829771534
77.184225418 -0.08631575022784853 0.57509911423939 0.8064999802687995 -0.10662261434657598
77.22418713 -0.08658736902657296 0.574974245171119 0.806496112669688 -0.10710399228618821
77.257593818 -0.08653962217566256 0.5749018526205604 0.8065676917431995 -0.10699211318217915
77.291006356 -0.08636893837611483 0.5750206438146677 0.8065398118224584 -0.10670144149045743
77.330929696 -0.08655240250916263 0.5748484263147894 0.8066111546785064 -0.10694116855312791
77.370973031 -0.0864463355530449 0.5747426228243019 0.8067077499452292 -0.10686699563849399
77.410913083 -0.08559469769921506 0.5748832350749511 0.806840202333227 -0.10579083918003501
77.450996473 -0.08543698122877112 0.5749637969110738 0.8068474883001368 -0.10542430983353356
77.490977431 -0.08533371452444967 0.5749641010231971 0.8068780738522321 -0.1052720933417705
77.530867719 -0.08544187341978988 0.574948804147764 0.8068554844768114 -0.10544091257791063
77.564203373 -0.08537221771855664 0.5749216711616025 0.8068816431732424 -0.10544510600598689
77.597634106 -0.08532978072139376 0.5749228746865874 0.8068975420963672 -0.10535119004069371
77.637582964 -0.08535723276987883 0.574931087039865 0.8069009567483634 -0.10525794016416998
77.677724633 -0.0853512778076238 0.5749301108202004 0.8069117375957544 -0.10518543045060112
77.717546132 -0.08531439858631888 0.5749007240916654 0.8069313096735363 -0.10522581575490403
77.751123289 -0.08526121958938646 0.5749111861911199 0.8069412835065712 -0.10513523386200016
77.790894344 -0.08523338420669073 0.5748968496734777 0.8069534222236592 -0.1051430302669181
77.824363248 -0.08518534703461027 0.5749703559129821 0.8069286705194496 -0.10496983931399155
77.864235723 -0.08491404871254488 0.5762905827799991 0.8060921673831473 -0.10437521838958132
77.897633002 -0.0837443000989953 0.5789714297075838 0.8045671361922695 -0.10222866106261891
77.937556883 -0.07921249090081169 0.5837433644500032 0.8024030748879144 -0.09549016261531604
77.970897286 -0.0708295855096774 0.5884978778564269 0.800989526343679 -0.08407851249123104
78.004313191 -0.06164908530956326 0.5928773573899611 0.7996881865594222 -0.07207380697655122
78.044246801 -0.05744939777589598 0.5967778280708862 0.7975820354075758 -0.06647320823678657
78.077708471 -0.057222392026327326 0.6000744269532755 0.7951771641984507 -0.06579937313374343
78.117577629 -0.056402087827663865 0.6036801404133103 0.792627462461534 -0.06427128683195822
78.151128257 -0.05567104733596049 0.6062537803370179 0.790809464723237 -0.06306725632005371
78.190912256 -0.055706193140641284 0.60823380275957 0.7893026986312324 -0.06284672751913349
78.224421075 -0.05598144302898891 0.6093232380635524 0.7884541802904266 -0.06269988177573463
78.264257632 -0.05635280225915204 0.6102621355481969 0.7876933341935007 -0.06279887627036966
78.297661534 -0.057294758696419354 0.6113420795065053 0.7866963067481179 -0.0639303793157229
78.33106742 -0.057386124446995534 0.6124290817273932 0.7858560504006108 -0.06377868471714306
78.371111927 -0.057382770533525876 0.6133878896666716 0.785114833676811 -0.06369625104193655
78.410972289 -0.056944110083690866 0.6138598786653747 0.7848278762801659 -0.06307632127250841
78.44466875 -0.0570004713964712 0.6140161586389812 0.7846921334239565 -0.06319302915171368
78.484257172 -0.05653689911872566 0.614368236803965 0.7844768745661135 -0.06285922299399291
78.517608195 -0.05650057505055396 0.6144505397569953 0.7844338741836729 -0.06262360772494291
78.551169152 -0.05661613082865284 0.6144960097151612 0.7843879843777585 -0.06264788693910404
78.590930047 -0.05656930416490342 0.6147693780857233 0.7841568082658356 -0.06290171416367835
78.624472529 -0.05631924451194258 0.6148047057332326 0.7841883994302611 -0.06238485958053397
78.664264934 -0.05655083788277784 0.6151988441214841 0.7838606900793923 -0.06240836061461996
78.697858912 -0.05656240773828745 0.6153727248515619 0.7837080291557744 -0.06260054773229608
78.737624236 -0.055398175337568925 0.6153951476929885 0.783886397201867 -0.061171649046510936
78.770969448 -0.05201049034268463 0.6155722578128129 0.7842827331361827 -0.057151542498767
78.811049452 -0.042606646234774115 0.6164028323736067 0.7849288933268599 -0.046031015186403214
78.850984334 -0.022056517125689463 0.6191096101021355 0.7846985209466983 -0.021564599591227956
78.890950224 0.004362811379867626 0.6243970795051398 0.7810412473714485 0.00915548397232743
78.92429242 0.02197301249471246 0.6317708393771928 0.7743197327283565 0.02849113444619356
78.957700841 0.03264157996222788 0.6448999938994925 0.7626214377045987 0.03804034541608357
78.99106047 0.03912175236111493 0.6673265336273527 0.7426050501583537 0.04101859929844705
79.031194245 0.04589260267224294 0.710881811513611 0.7007044370282624 0.03942348295116205
79.070962915 0.04872914207522152 0.768871776926291 0.6367831985065794 0.031125864783984176
79.11099576 0.046002814343821516 0.8288395355334395 0.5572629113671563 0.01915236339883814
79.151067709 0.03919535950201389 0.8768985797633293 0.47901713190708295 0.007429127948574973
79.18448692 0.03759613284759525 0.9031487570676859 0.42767147677228545 0.0024415891162825024
79.224301436 0.03784398759554828 0.9236526156461548 0.381357549615573 -0.0003123525099311866
79.257658821 0.03590031867514412 0.9344459203998153 0.3542744003916158 -0.0034114797853854618
79.291195903 0.04054332105285042 0.9410980831408686 0.33567392439234417 -0.003695065578703013
79.330986995 0.04164276215923888 0.9455334522961942 0.3228183336100937 -0.004549113517139383
79.364393572 0.039967100900969756 0.947749291291191 0.3164527526176329 -0.0056184573808371035
79.404325708 0.039359723626924505 0.9492607690647582 0.3119536273085433 -0.006303878142724925
79.43779315 0.03992384333501379 0.9499353847019835 0.30980634952125 -0.006991238858249487
79.477654774 0.03996086894432302 0.9503546425573121 0.30851149781125703 -0.007059606308649862
79.511021216 0.03969136195512563 0.9506089361813952 0.30775904858217684 -0.0071843060915137286
79.544385554 0.04009863322953542 0.9507695237207039 0.3072070648228594 -0.0072960057533216
79.584341735 0.03968897304371325 0.9507954706369789 0.3071651388806833 -0.00789530818601003
79.617846537 0.03971218136782888 0.950837181181708 0.3070365934661654 -0.00775421215373382
79.657666583 0.04039059200083415 0.9509255589155006 0.3066810379525109 -0.007478130744751417
79.691000785 0.04023014390419544 0.9510241673248302 0.30639011456483617 -0.007724401757276166
79.731011599 0.040061783902596015 0.9510393605742158 0.3063680895840782 -0.007601433662860263
79.764373743 0.04045891637242844 0.9511235089164639 0.30605511506418137 -0.007577164077198058
79.797873214 0.04046526936991809 0.9511769445013918 0.30588466028934647 -0.007717306750885893
79.83771453 0.040064175087739747 0.9511646724729887 0.30597576808929366 -0.007710840165492433
79.871156674 0.04019808884435024 0.9512284074657437 0.30575699490429364 -0.007828828171754764
79.911065046 0.040460686446236724 0.9511827069546741 0.30586459715319064 -0.007825538383663956
79.944672901 0.040202719549556495 0.9512271430083824 0.3057613675796145 -0.007787800766202439
79.984344298 0.04009666449181748 0.9513602568373681 0.3053595997353424 -0.007837988035148555
80.017695672 0.04065013080091051 0.9515075158658903 0.3048273454820204 -0.007829659186484744
80.057850757 0.040391360899281074 0.9515091515560627 0.30485479116094055 -0.007901188264114496
80.097867512 0.04002357436187628 0.9515818742378643 0.3046725217557184 -0.008043917221358778
80.137703278 0.03991594783079037 0.9516336309854913 0.30452461919620244 -0.008056412945436195
80.177804111 0.03609379624930525 0.9533437150951444 0.2995641720900305 -0.009711105030642956
80.21769496 0.021448249069771965 0.9604675802245629 0.27714213822509276 -0.015304743363990908
80.25774655 0.006346786103424889 0.9740476161230044 0.2252620504228841 -0.021165265661638306
80.291092764 -0.002853447541774088 0.9864348249087397 0.16237187547439305 -0.023949281812167825
80.331042274 -0.008467933962158005 0.9957635247209058 0.08824992787142434 -0.024397687605567535
80.371254075 -0.009842611411141185 0.9991711179955459 0.03102263376605141 -0.024449870313712846
80.411044125 -0.011527970385334096 0.9995629534429934 -0.009611842337372905 -0.02546802878112863
80.444420585 -0.01206016770017174 0.999025505409843 -0.03375486982202206 -0.02575268255832488
80.477816463 -0.012048353841067679 0.9982300732148605 -0.052376424770000915 -0.025461112063051915
80.511251112 -0.011972949487564475 0.9972383445604311 -0.06843964873668106 -0.026236369789635606
80.544614479 -0.011458233326598621 0.9961119176067645 -0.08317562231601433 -0.026675313365570417
80.584387907 -0.009624454551483029 0.9944291999015785 -0.10147161831222973 -0.02685976423556472
80.617734953 -0.009334180582098736 0.9925966345778632 -0.11803881922673444 -0.02704868302004783
80.651264571 -0.008309553268795473 0.9905815591173832 -0.13385502819226414 -0.027603577461904023
80.691076823 -0.008657332669640154 0.9884988252090775 -0.1484228847019503 -0.027672557671316517
80.724575473 -0.009766727408799126 0.9868224096490319 -0.15910257843623782 -0.027794107021835816
80.76439052 -0.015377740882631498 0.9836673128360293 -0.17729886141021986 -0.026967693374325325
80.797790234 -0.0255090174072736 0.9791617111797984 -0.19995877788669983 -0.024660100089451544
80.837741677 -0.036575918800930605 0.9714891954422227 -0.23336202069932074 -0.020325171537290666
80.871101326 -0.04113557054344581 0.9644382874709713 -0.26057319975778587 -0.016378707644816824
80.911062687 -0.04147241677569155 0.9576278950616712 -0.2846258821762714 -0.01472957711258516
80.951164742 -0.04188095191136208 0.9520983208211419 -0.3025797152475742 -0.014152359423683942
80.991289711 -0.04160406977249394 0.9483748705841182 -0.31411046861967823 -0.013741169035007
81.031086293 -0.042111435973007066 0.9458955363941074 -0.3214438704987288 -0.013494417689979473
81.064709086 -0.04207134061447091 0.9446218196245902 -0.3251609657810625 -0.013782834264263103
81.104408285 -0.04195465237372059 0.9438198346162808 -0.3275109402195018 -0.01343543693500741
81.144413659 -0.042106226585961304 0.943186380430712 -0.32931448555471526 -0.01335990481017925
81.177802814 -0.04194926507491702 0.942835363396706 -0.33033225184723114 -0.0135033358031704
81.217782229 -0.04210744426888334 0.9425929191490522 -0.3310046793000316 -0.013470493260993161
81.257969855 -0.04187095357570492 0.942528109704409 -0.3312068698297048 -0.013769351520812713
81.297774773 -0.04200885625585594 0.9424951481932999 -0.3312872492723039 -0.01367150678435648
81.331419857 -0.04215701677901712 0.9424552217818304 -0.33138954602153814 -0.013487388927932773
81.371102536 -0.042031037002544736 0.9423870096773874 -0.3315884050636606 -0.013756654649308449
81.404444121 -0.0421314510478474 0.9423547335654497 -0.3316697182319373 -0.013700181288599683
81.444433275 -0.042067451297578495 0.9422601792161941 -0.3319550271022087 -0.013488668813618774
81.47781195 -0.04187112990349004 0.9422128427649942 -0.3321109073966908 -0.01356880972894349
81.511509673 -0.042043180971770074 0.9422091865028804 -0.33209632150696455 -0.013647455619932775
81.551108113 -0.042185054220222375 0.9422674400407612 -0.33191496913443846 -0.013599481753070042
81.591272305 -0.04203282297966101 0.9422229053304294 -0.3320628413095372 -0.013546508202567543
81.631227605 -0.042041722483122546 0.9421919539009673 -0.3321469708221368 -0.013609017180091276
81.66456334 -0.0421731162670991 0.942171527785129 -0.33218778958556583 -0.01362031371200847
81.704474016 -0.042043245193005285 0.9422063291829303 -0.33210692996411084 -0.013586237561642466
81.738143807 -0.041172362439890475 0.9427544776430686 -0.33064208134216 -0.01395154116172906
81.77781851 -0.03385862706421159 0.9468930955029589 -0.3193045554969816 -0.017078053197779094
81.811244885 -0.015259110122481885 0.958180238290755 -0.28474718523330855 -0.02401730644867952
81.851160681 0.015281448916246764 0.9771208663491125 -0.20967867756669242 -0.03218916025718896
81.88469639 0.03339650822790495 0.9920492320775638 -0.11695311556849662 -0.03232588949002586
81.924459139 0.04110890075692663 0.9987610855538268 0.00586341304979615 -0.0274221197084806
81.957816324 0.04323033093678541 0.9946124470212836 0.0913223745798713 -0.0231828086849681
81.991282773 0.044563222426399464 0.9863784257840302 0.15713289291880939 -0.019518563414338448
82.031137544 0.04627923856985354 0.9763832898344698 0.21046040120106876 -0.015502352585908699
82.064481284 0.04743220805052885 0.969487459945267 0.24015754270402248 -0.012984811538539595
82.104472952 0.045993586842974554 0.9640370580531518 0.26151678504431863 -0.011229951452503804
82.138008161 0.045842891131898746 0.9612013376790293 0.27179105123015834 -0.010956379325270502
82.177820853 0.04667844954054701 0.9591289503379755 0.2789194932362742 -0.009833375050498437
82.217956652 0.04694919903545145 0.9578657996467161 0.2832070915613894 -0.009089877140277982
82.257815531 0.045936223052414314 0.9571379825046529 0.28582692766821866 -0.008928229295233753
82.291170361 0.04554487137964696 0.9566312680531697 0.2875814214469391 -0.008899871490876399
82.331152201 0.04616335579998357 0.9560534120469848 0.28941343319826124 -0.008407293202817055
82.364521698 0.04579532053183484 0.955806414282259 0.29029245944524706 -0.008196037061084347
82.398153217 0.04503071853142176 0.9556210284186502 0.2910148970314693 -0.008426988690447402
82.43789682 0.043753781922943 0.9552079089937208 0.2925592003865664 -0.008518886808506305
82.477953861 0.04368960174565744 0.9545657222278334 0.29467046861832413 -0.008050811835952708
82.517846253 0.043497277214666556 0.9541483067013214 0.2960426964425551 -0.008229069019814888
82.551204099 0.043328508262862254 0.9535245344002233 0.29807565126489566 -0.008031736522110727
82.591204604 0.04578730496603242 0.9497686692194176 0.3095229886172752 -0.00620622192274543
82.624554795 0.04969669625560313 0.942792616471956 0.32963804970304666 -0.003328196991337858
82.658064265 0.05454591808667042 0.9323212941237055 0.3574931155575613 0.00064782137153328
82.69785653 0.06161795661634732 0.9144769762778888 0.3998387121425537 0.008005719971346853
82.731384174 0.0680221761490093 0.8934883582164124 0.44360909333738974 0.016202147761093678
82.771181357 0.07130678676755445 0.8628850789445438 0.4997119632946725 0.025152265026017955
82.811246613 0.07171845420954208 0.8260322529689555 0.5579776172471856 0.03446968279486253
82.857876442 0.07297951731949262 0.7756074485677122 0.6251054648549765 0.04847920777551258
82.897914437 0.07050521875873637 0.7284544452048957 0.6790387308112257 0.057354489338585384
82.931316827 0.0680943005012417 0.6892337273463618 0.7184702206116336 0.0641917239350859
82.971201194 0.06470966631463604 0.6493538759849297 0.7544273802345312 0.07065076631756713
83.00469262 0.06318240481659576 0.6238904223467657 0.7753537290126727 0.07480186850412879
83.044540879 0.060904608028382455 0.6032830869715193 0.7914276639789424 0.0773459655305795
83.07794429 0.05941592967947662 0.5922282237031895 0.7996264077923554 0.0795806905648737
83.111384962 0.0577748726756317 0.5848615279652299 0.8050994428597525 0.08008710445762836
83.151439397 0.05580673538709273 0.5799180447897115 0.8088804136559637 0.07932935154449497
83.191222995 0.05683149355897393 0.5769067800322487 0.810779340114051 0.08115177223513383
83.224560493 0.05627625236020935 0.5754434206356466 0.8118639149262514 0.08108536679362383
83.257971088 0.05589613155527161 0.5747631569129269 0.8124004521445254 0.08079877033725619
83.297936807 0.05613553821049505 0.5747721420436813 0.8123589926588166 0.08098551183198685
83.331306265 0.05583886872571966 0.5752713540516425 0.8120496321098402 0.08074828132718845
83.37121108 0.05577762574622795 0.5762153633687696 0.811395493514087 0.08063538050348722
83.404570289 0.05600328219169875 0.5769622113497442 0.8108639947392139 0.08048491221175622
83.444752103 0.05603762223996677 0.5775055944420198 0.8105057787342752 0.08017141585506732
83.48460971 0.05609876094493906 0.577808810321553 0.810294636435685 0.08007814869735332
83.524775705 0.055999095205863 0.5778541342014076 0.8102721141629626 0.08004874722535592
83.564581695 0.0558929444831353 0.577920074275173 0.8102483321674351 0.07988746288794824
83.60466222 0.05590933945503302 0.5778908476266539 0.8102671664957413 0.07989638846664002
83.644617871 0.05582679994222209 0.5778909781644781 0.810292145529272 0.07969959007349574
83.67800975 0.05575664652465254 0.5778914672932559 0.8103127804881759 0.07953518828477125
83.711393004 0.055789672303383886 0.5778972310097743 0.8103027191397271 0.07957264737509466
83.757928195 0.05577208190359021 0.5779780113349803 0.8102613638710722 0.07941923892351557
83.79130165 0.05575331155572154 0.5779851910986936 0.810266349014892 0.07932925548153412
83.831267901 0.05578792644454532 0.5779918791221131 0.8102578071446732 0.0793434363574713
83.864619886 0.05581605805928715 0.5780046130319687 0.8102479322287766 0.07933172943708067
83.898100662 0.055857542571419526 0.5780115141134129 0.8102419482555524 0.07931336443027012
83.937914426 0.055931293723662276 0.5780333430294202 0.8102171607362544 0.07935551132159842
83.971286429 0.05593085714116122 0.5780516706183574 0.8102071901063419 0.07932410992105121
84.004762266 0.055977396659120764 0.5780615380565757 0.810192854878636 0.07936578095463644
84.044599064 0.05607355289748689 0.578090459137444 0.8101675749545696 0.0793453099555599
84.078082104 0.05611866388931071 0.5780991020838779 0.8101540857062721 0.07938816754735517
84.117946995 0.05622295053465361 0.5781048438349157 0.8101288377682913 0.0795300923172055
84.151298258 0.0562561588821376 0.5781153694036375 0.8101197240426772 0.07952293357352816
84.191361661 0.05636115410922212 0.5781245225639309 0.8101022117399062 0.07956043773016577
84.231591446 0.056417816171672026 0.5781345447814413 0.8100926392655471 0.07954491785497858
84.277948954 0.05653954909045115 0.5781442147970944 0.8100634530526226 0.07968530801698068
84.311361732 0.056605357339626405 0.5781332685307561 0.8100607618174127 0.07974534157046893
84.344823143 0.056663611633149744 0.5781476495937337 0.8100389596748478 0.07982113877175273
84.38461706 0.05678323127404094 0.5781630988995778 0.8100115173890651 0.07990267463596014
84.418041721 0.05684760080708727 0.5781630483587534 0.8100051414667477 0.07992190308310833
84.457973737 0.05691744508324464 0.5782790212431778 0.8099158826104146 0.07993773283388368
84.491307768 0.056977117867898504 0.5784372920472527 0.8097966043695226 0.07995853150289822
84.531295008 0.057040781106602705 0.5786010219500782 0.8096759230776003 0.07995064901243455
84.564696015 0.05705266165350378 0.5786806753791124 0.8096206673448451 0.07992524475478882
84.604671202 0.05708797918503218 0.5787447990006847 0.8095673677589137 0.07997560454370024
84.644858788 0.05723124634899022 0.5787132554938099 0.8095653777266498 0.08012147991271715
84.684685517 0.058088775265378166 0.5770205877572542 0.810557269689371 0.08166913766015646
84.718330171 0.058333647770457145 0.5662859439439785 0.8177294246250824 0.0850647008552979
84.757974087 0.057534655174152724 0.5348494175467923 0.8378519171790915 0.09289794875652348
84.791313147 0.054575354460838416 0.4948155596613764 0.8615589244512648 0.09947518434691309
84.824698865 0.04930091366913022 0.44690090803392685 0.8871321980028825 0.10414154587106608
84.864655177 0.04392560579737537 0.3928058289186353 0.9118629698293615 0.11081536976816066
84.898152004 0.041003081477051506 0.35812501628221266 0.9256261377535729 0.11524527378445822
84.937987078 0.03793514413299744 0.3269700578317273 0.9368855466110658 0.11788544724608781
84.971552954 0.03654289620259141 0.308627190045199 0.9427798760920992 0.12074758605329303
85.011353133 0.03323242994568508 0.29624064051427845 0.9470015219075621 0.11968795266172899
85.044993729 0.03200041433383574 0.29139281844162795 0.9486714571398587 0.11869568337241566
85.084661079 0.03200374040154648 0.28870155605508624 0.9494641165442049 0.11893302117837017
85.11801106 0.030834372509649377 0.28792254778826065 0.9499674650788444 0.11709681139436398
85.15145616 0.030953695317426918 0.28744497263616287 0.9499024540072961 0.11875430233599114
85.191346688 0.03047949251412429 0.28760415751017115 0.9500505860423374 0.11729762606104802
85.224687813 0.030733818731949 0.2880142158103929 0.9499311873578828 0.11719207806895078
85.258092136 0.03053068570134874 0.2884921628762965 0.9497739996093466 0.11734350793983869
85.291484636 0.030573624592791584 0.2890832374547171 0.9496205286116696 0.11711954124420046
85.331687481 0.03085407380276194 0.28965804782554716 0.9495165238678602 0.11646721582300332
85.371394295 0.030839713989968355 0.2895831181613823 0.949498083420332 0.11680718855474645
85.404819066 0.03079359291858689 0.2896743173774279 0.9494820417473434 0.11672359181580043
85.444727298 0.03104695312534724 0.2899803824096492 0.9494123481205471 0.11646311757554466
85.478244072 0.03098082794252122 0.289987699465738 0.9493825774752096 0.11670494439008149
85.518015346 0.03075178467381883 0.2894263137852709 0.9495512356522058 0.11678693205754694
85.551396746 0.030029300885846506 0.28684487055195074 0.9505338188978385 0.11534175504921498
85.584842928 0.028810777773148617 0.28228946269669225 0.9521640599508804 0.11342927872632919
85.618261247 0.028440725959045867 0.2773034593217702 0.9534070785048475 0.11536402910766068
85.664858024 0.028237533773649206 0.27169093798994237 0.9549578681580455 0.11594026886103158
85.704797063 0.027888246235333626 0.26847642395579663 0.9558865464783749 0.11586011290979452
85.7447026 0.0282911335876541 0.26660473870367674 0.956284872653326 0.11679369587217345
85.778049535 0.028544402393551833 0.26560288378217195 0.9564375434059844 0.11776056547976758
85.811464979 0.027424660041930397 0.26469358632396295 0.9567726308060277 0.1173512945009802
85.844822094 0.0266753401209793 0.2635968246443735 0.9570058775798963 0.11808848607872796
85.884767665 0.027127644182366007 0.26285670513999726 0.9571245895310742 0.11867166299935511
85.924742462 0.027504909067804163 0.26244292183135653 0.9571849402523905 0.11901337282767853
85.958082835 0.02745078414517995 0.26194699497129237 0.9573269304972429 0.11897636076150342
85.991492738 0.027612043093710903 0.2615423877440678 0.9574799927489076 0.11859687169092817
86.031400299 0.027400554026450783 0.26059001882336064 0.9577911069661528 0.11822963733868078
86.064746443 0.028238030833190778 0.2575549888210574 0.9583473852787459 0.12015960418310262
86.104719927 0.02924077376275999 0.2534958514032749 0.959181952432178 0.12188032080479172
86.138145099 0.02900284018294243 0.2504691518333866 0.9597879413114566 0.12341453299471093
86.178076654 0.02789807734640026 0.24743796594122924 0.9607507127198082 0.12228744129967727
86.211470949 0.027455565021623544 0.24585266799319438 0.961086944012728 0.12294122025686478
86.244856957 0.027416534942944427 0.24498517834577313 0.9611226340845537 0.12439404428259818
86.284774436 0.02634323518522827 0.2447037894747702 0.9616855606380293 0.12077653678170429
86.324741829 0.02418160052181612 0.24621008466751668 0.9622525678347708 0.11342768665368873
86.358085518 0.02466155880715201 0.24783608616346797 0.9617186915785852 0.11430765582737322
86.398091694 0.025639808834200042 0.2489290659637113 0.9611225771833061 0.1167060921713165
86.438236589 0.025476015207869032 0.24912184913488564 0.9612184225887991 0.11553536691699476
86.478081783 0.025859495706498568 0.2495719796383834 0.9611144355644665 0.1153436396633161
86.511415423 0.030038328707410872 0.25174163240592634 0.9600028352094854 0.11882089762249165
86.551599382 0.040149694644983726 0.2548660539060257 0.9572361939838256 0.13088225820807423
86.591539403 0.04535036351021381 0.25612272253444157 0.9557993782591381 0.13708407657522428
86.631417949 0.04886188217636688 0.2573226514499138 0.9546094394180816 0.14183930236314962
86.664825138 0.05337145135122459 0.2587107461584737 0.9539383710081302 0.14220345397051629
86.70478174 0.06238543830216037 0.25925443587835084 0.9532624162677313 0.14207730394630885
86.744933579 0.07600866869812943 0.25926671640845567 0.9517764696777277 0.14534443165569502
86.784818106 0.09845219574328205 0.2587178746807191 0.9493645695454604 0.14859051304097734
86.83148837 0.12941030517549243 0.25986327459056036 0.9440177597759715 0.15669882150486397
86.871577461 0.16069009783553878 0.2567891459915087 0.9350328377622066 0.18425965175510237
86.911437232 0.1944201838837551 0.2548329882734176 0.919657505885111 0.2269163106861736
86.944967612 0.2100066757928 0.25148721538814894 0.9093720554735933 0.25630809847233493
86.984794501 0.2046614196943736 0.2620920718673682 0.9119244998519511 0.24044782328547393
87.018433514 0.19453043849737808 0.2713983113264894 0.9134551298006757 0.2325953373306923
87.058162209 0.18681195615696825 0.2758780538618222 0.91483276780952 0.22819640526571247
87.091776415 0.1794385394987789 0.2752014023773166 0.9174042665318403 0.22457829463525583
87.13146204 0.16269578232382143 0.2760913702769917 0.9234430899342307 0.2110841001244126
87.164960599 0.1543438136894153 0.27465272941173235 0.926232904336504 0.20696973770785276
87.204830619 0.14781112993092976 0.27553560767405794 0.9297432150283366 0.19444678675926125
87.244788204 0.1385595647832272 0.2754130360187559 0.934786974271572 0.17641490676871308
87.278320046 0.1226430189107962 0.27587355228926086 0.9409301342590288 0.15330673665249234
87.318273573 0.09820564060095835 0.2756248653767234 0.948636202903687 0.12031600176490691
87.358235765 0.06832371966246821 0.27514018782394206 0.954568267588242 0.09181050533175737
87.398190254 0.031366736820830875 0.27707000133924337 0.9565456888774924 0.08525659663021949
87.438284164 0.021994415755556645 0.28586917065604545 0.9499799267986795 0.123827305646097
87.478153252 0.031144734719494117 0.28160375812385746 0.9492261472390608 0.13674447084785885
87.511610384 0.03492879391992908 0.27889614468941587 0.9527188082493616 0.11542873230091162
87.551477629 0.03681930793208223 0.27410399121597284 0.9541642390099121 0.11437633303053456
87.584856314 0.030885072900281592 0.26901709918205724 0.9558258282120673 0.114336777732849
87.624809119 0.028229156050988958 0.2649324145517463 0.9569287732353788 0.11533106009511648
87.658154482 0.030545869876328208 0.2639790305799863 0.9568072123424162 0.11790665654272395
87.698286894 0.030222297060414207 0.2625057230247107 0.9570987855980695 0.11890867397446847
87.738367028 0.02839333373445739 0.2624450666276187 0.9575304544332494 0.1159820435891844
87.778148071 0.02670566965013477 0.26465593805788407 0.9574539849591902 0.11191920454062416
87.811585947 0.026175759518762793 0.2664902080061687 0.9569945938152872 0.11162054496712666
87.844988386 0.027153053283722726 0.26780137607626653 0.9565255836681905 0.11226728133012086
87.884826236 0.029290832890440467 0.2691020696153263 0.9559365612538011 0.11362840355998195
87.918465199 0.029848818003009855 0.27071803062063143 0.9551538199350049 0.1161980043902565
87.958173736 0.0303393985126117 0.2724419790724767 0.9544974996156353 0.1174283277768404
87.991509881 0.030117838644423228 0.2738797024729776 0.9541200092717954 0.11720849916235117
88.025058806 0.029776302250211353 0.2747843313466386 0.954036685421103 0.11584880638746566
88.06484569 0.029906923412089278 0.2755669822266004 0.9538208395170974 0.11573340201276132
88.098272946 0.029449441821394782 0.2761006688693342 0.95380216105966 0.11472832511736897
88.138164847 0.027398115814230937 0.2766059437638296 0.9543073190212336 0.10970886922604114
88.171690087 0.026415882636054464 0.2768331660412741 0.9547202909450858 0.10571076284775077
88.211522616 0.026096739780974463 0.2759024000591973 0.9552578065652962 0.10334093482467543
88.244873389 0.025229658960418348 0.2759292819223008 0.9554687043972963 0.101518720460496
88.284865468 0.02979797176428246 0.2764882069965756 0.9556513595386967 0.09693725435762322
88.318375579 0.035077828612270684 0.27673576036929903 0.9557805537135106 0.09311497202796688
88.358197319 0.03205204402744506 0.2750176603317982 0.9571918668450379 0.08439006472919486
88.391752024 0.028779228481087746 0.2747864737439865 0.9573314997385856 0.08473812284709546
88.431686084 0.02414995362421726 0.27709784029695084 0.9572554468068901 0.07934466712549013
88.471801705 0.01833244930261093 0.2793570984172774 0.9571183138025856 0.07448534251879285
88.511543564 0.01455594671483054 0.2836447615435243 0.9560992580487511 0.07216635242812304
88.551718246 0.014372354016884862 0.2885296499266985 0.954689019942475 0.07150490720549695
88.591535056 0.01344857496441136 0.2914962544254793 0.9537096698822514 0.07271131315297337
88.625078039 0.012978229079061798 0.2930153176492558 0.9530577820436563 0.07519609882768989
88.664873138 0.0129188405908342 0.29373768946002593 0.9526796656843151 0.07715392368568019
88.69821283 0.013747659267413783 0.29392528796762335 0.952595827523361 0.07733121195804359
88.731704036 0.022777342141609248 0.29485493184550327 0.9526314253449719 0.07095864497406217
88.771609563 0.03045645879203555 0.29286404537374305 0.9534668519733345 0.06483839320367833
88.805061495 0.025422621278496736 0.2878297874840742 0.9553169829640263 0.06226689188254851
88.844915655 0.020115490014522074 0.2860841610545203 0.9560677535501477 0.0607097230827226
88.878308507 0.017690893905186987 0.28705190561106236 0.9560493043804982 0.057078571736323004
88.911746613 0.014765339357793946 0.2875439381819918 0.9558904745952652 0.05808501481861529
88.951710459 0.010317747745200683 0.29035845960678525 0.9550501426734145 0.05886199109554338
88.991559269 0.008099200724175514 0.292956987450965 0.954270236751754 0.058982384667254174
89.025098866 0.0076878041702774695 0.2946401312433616 0.9537184109315794 0.059575862377954966
89.064909916 0.007755630576132357 0.2959383996099508 0.9531160502713664 0.06269057780702032
89.10498489 0.015059344164506603 0.29629771490562196 0.953026938947495 0.06099617967880624
89.144917978 0.025163710479254846 0.29499369487310506 0.9534605988346883 0.057082345167547933
89.178296904 0.021116887860877044 0.29087065083763514 0.9552015279134503 0.050382363979591144
89.211637477 0.014247350717142797 0.28935616014940163 0.95570776841274 0.05189110691320064
89.251717281 0.004218797736483136 0.2912379770443353 0.9554727325335806 0.04727049669291613
89.291581019 0.0043300946884716855 0.29416908923871876 0.9545088179758203 0.048566589574046144
89.324924277 0.005615060125870489 0.2951426266280791 0.9541153361357334 0.05023172700054704
89.358722199 0.004413318725157359 0.2952214715229319 0.9539246122097399 0.053410107565537046
89.398289912 0.00354880921475699 0.29580054178028203 0.953647766044394 0.05518499573421855
89.431656624 0.004293439556976972 0.29551899966323275 0.953821508345509 0.05361545889303656
89.471622103 0.00661279565460814 0.29436141191680476 0.9540942851575889 0.05487918674329171
89.505017319 0.00867035344530178 0.29352984393139514 0.9542332250654374 0.056603956345459165
89.544924389 0.008877196108989262 0.29372932712142685 0.9542296866650914 0.05558761431360071
89.578435943 0.008523252126377924 0.2942398608289673 0.9541454878064219 0.05437505467753812
89.61829911 0.008263300799898938 0.29445055175644747 0.9540833488285402 0.05436500637663945
89.658434758 0.00798658289465754 0.293743105440339 0.9543170793286734 0.05413053298761237
89.698285893 0.007805837539386623 0.29186124165554467 0.9549245044171392 0.053621594374591935
89.731653377 0.0078041945128155335 0.2912487481263355 0.9551103258982842 0.05364258220222111
89.765295636 0.007961066201788575 0.2923105569727963 0.9547866893527632 0.05360538724768868
89.804983464 0.007828140660429651 0.2955856930280978 0.9538247024721342 0.052784990715583846
89.838375664 0.007858053483379241 0.2985471927779887 0.9529442499302709 0.05201039515970034
89.878282944 0.008000103862449655 0.30107939963972785 0.9522022122101265 0.05097195810357233
89.911711733 0.008280866387922838 0.3026993338829923 0.9517005038655676 0.05070198675281678
89.951797007 0.008251986928965636 0.30409204119369 0.9512891320773941 0.050089144390951204
89.991817088 0.008527653837786867 0.3058415226152857 0.9507309669392869 0.04998870539506821
90.031626515 0.008410666635304096 0.30772230720341653 0.9501810352096344 0.04891055779792095
90.065001773 0.0076200472052320375 0.30963446451111176 0.9496893184735322 0.04646107666407368
90.098378294 0.007227487416588426 0.3111256785931438 0.9492704723475889 0.04510150634496102
90.138324297 0.007413702834466429 0.31262383136805805 0.948778301572368 0.045067854802407395
90.171858062 0.0072276757582139485 0.31348785964514053 0.9485269744759859 0.04438131644820158
90.211648974 -0.0024822700575158176 0.3137372759785589 0.949309628985025 0.019338777449197726
90.244991191 -0.027270387892861105 0.3127793375658336 0.9481369269040794 -0.049616325709788654
90.278371769 -0.0384083327025207 0.31181344601114547 0.945992346987756 -0.07997283480197408
90.311839561 -0.0412330627859255 0.3119066496890565 0.945229477349837 -0.08692129521581016
90.358346099 -0.0429707644797428 0.31241361113707816 0.9444756810427862 -0.09228725207243982
90.398308251 -0.045501356963778106 0.3123762237313324 0.9437931197353993 -0.09800647173493172
90.438320258 -0.047828691956935586 0.31223814826457896 0.9432650531250276 -0.1023269004076358
90.478430739 -0.047698038702753014 0.31199992539680665 0.9433804550936599 -0.10205028468150944
90.518572869 -0.04711390683409093 0.3105734357095646 0.9438902037852269 -0.10195932528547
90.558319919 -0.046917266445481935 0.3091287807040806 0.9443509605001098 -0.10217353107440429
90.591714193 -0.046750032030630995 0.3085711042273922 0.9445009768406075 -0.10254858793840566
90.63166814 -0.04634268529013888 0.30831339221283827 0.9446152492363754 -0.10245603258184643
90.665160118 -0.046304332085575224 0.30801080413858034 0.9447154021316884 -0.10246005240666527
90.705066496 -0.045964454131910096 0.3078360262070892 0.9447924821161868 -0.10242761181497234
90.745222652 -0.045647688247703044 0.30761060144075464 0.9448746450596883 -0.10248859235166403
90.785152094 -0.045392417804424774 0.3075131271853422 0.944932489654425 -0.10236110105919123
90.8251961 -0.04528775966071526 0.3075319470885786 0.9449098485729329 -0.10255973096053822
90.865028369 -0.04497251542684465 0.307564667809991 0.9449090115879469 -0.10260802985634974
90.905023855 -0.04463826122806536 0.30760610123638094 0.9449132090999649 -0.10259112722401731
90.938552922 -0.044416191596486035 0.3076344040822643 0.9449149088837038 -0.10258698903036524
90.978340016 -0.044187237505634795 0.3076333449226432 0.9449002255984323 -0.10282400885667922
91.011713311 -0.04382515121939815 0.3076580813333513 0.9449015104995706 -0.10289313177519527
91.051704088 -0.0435366898025116 0.3076811829461445 0.944898405660141 -0.10297499348300362
91.085176238 -0.04336097788566537 0.3076849843825175 0.9448920979962846 -0.1030955824781475
91.125048442 -0.04363683799399575 0.30652348892813297 0.9454350072227151 -0.10144862849243043
91.165228964 -0.044046196883185854 0.30425574828132673 0.9461066883323804 -0.1018356836802972
91.205157705 -0.04337212251576786 0.304424987683899 0.94603683341782 -0.10226727569911709
91.245051529 -0.04280628313322635 0.3049950434613122 0.9459398412490868 -0.10170281375656647
91.278581758 -0.04243359690876965 0.30741420778117684 0.9449036793320162 -0.10417740394382015
91.318366368 -0.04225300495776897 0.30925949126090757 0.9444301764672718 -0.10307711877560952
91.35201016 -0.044370571339727695 0.3086351959835233 0.9445206008942979 -0.10322985365422592
91.391728957 -0.04513098021759014 0.3085247063467576 0.9446120296964393 -0.10239049541348974
91.431777632 -0.04841044777505489 0.3083558361613878 0.9446590964735211 -0.10095691309296684
91.471760373 -0.05072276338683164 0.3083803597930485 0.9468529590676024 -0.07614610215394396
91.511717857 -0.032588495096864185 0.31044767403616114 0.9495364894544749 -0.030670618959042974
91.545138852 -0.023520544391315856 0.31018692545131243 0.9503673403934012 -0.005724821758914156
91.585060298 -0.022543174641068794 0.30981870791787997 0.950522937942818 -0.0032121559351215158
91.618400511 -0.02239498406522604 0.31003215886796537 0.950457309359017 -0.003070544317386321
91.651862442 -0.02222945093465092 0.309925849200776 0.950497062093612 -0.0026747821844660164
91.691760575 -0.022226391785247452 0.30970097874239794 0.9505705998588289 -0.0026126534856228045
91.725272049 -0.022142466829751743 0.3095704373445287 0.9506152764379023 -0.0025400173032709846
91.765072228 -0.022131677861482527 0.3094776851467225 0.9506455925975565 -0.0025900783969277346
91.798409926 -0.022118272042735868 0.30941693420238037 0.9506658692898106 -0.0025194916336732814
91.83183631 -0.022129233201796147 0.3094295504634373 0.9506615276124812 -0.0025120221733650966
91.871764108 -0.022115485138047397 0.30942067133807133 0.9506646359341869 -0.0025501862531736893
91.905188279 -0.02238851533376984 0.30941488020475455 0.9506589684858979 -0.002951597254925476
91.945061986 -0.021745910351631516 0.31007393458246124 0.9504609478304239 -0.0022928420841087107
91.978444878 -0.022101772185268532 0.31111564157070043 0.9501129656499293 -0.0019803384100209715
92.018611675 -0.02217273353322728 0.31277050710208404 0.949565146152099 -0.0030021638717400282
92.058522141 -0.02180041988371582 0.3143983535833685 0.9490381345312403 -0.002244139573224202
92.098418921 -0.0222433325723911 0.31581147492149275 0.9485571776142796 -0.00276174952107557
92.131777578 -0.021632570070430283 0.3176534297340979 0.947956236941313 -0.0027024682010737466
92.165174037 -0.02217214121074737 0.3194487628268566 0.9473402111532931 -0.0027218402883473487
92.205097557 -0.022065657277021596 0.32177455980764863 0.9465543265137937 -0.0030242995131793487
92.238685054 -0.02184483358557667 0.3237443491672713 0.9458873053837569 -0.0030992163096255554
92.278443905 -0.021465994931995434 0.3258941549661356 0.9451560008488811 -0.0035135281182755882
92.311852496 -0.02178333776722915 0.3277099745855322 0.9445170637129973 -0.0043789391233867644
92.351766038 -0.021373348513080197 0.32979597250257536 0.9438012555170084 -0.0041214777613997455
92.385119896 -0.021582274535969136 0.3314148913855764 0.9432277201728134 -0.004454558489614865
92.418572359 -0.021493915655349295 0.3328223298300869 0.9427324535731724 -0.004778005460453467
92.458454202 -0.02234507172106548 0.3330474505214156 0.9426288631132969 -0.005560566221102734
92.498437514 -0.02287466753778755 0.3300166922747271 0.9436789461134121 -0.005981560612732677
92.531793567 -0.021099631806586423 0.32370749231275037 0.945912078573938 -0.004313301073352275
92.571791707 -0.020380935665575587 0.3136418202822052 0.9493191237307764 -0.002574364094542335
92.605150044 -0.020056274092872976 0.30658713980557933 0.9516294188217286 -0.0018763817214944504
92.638511246 -0.02018551626304082 0.3009886034038213 0.9534128799058367 -0.0015119470461148652
92.678472196 -0.020608115172739902 0.296004284310122 0.954963231235715 -0.0014128860257781655
92.712057128 -0.02010346056276326 0.29306977246729565 0.9558796620279887 0.00017624025405065725
92.751825548 -0.019608990088201408 0.28922716037706897 0.9570582299110643 0.0016376102828949601
92.785307707 -0.01929481978808345 0.2861349167371546 0.9579891960161095 0.0033495775218929068
92.82513706 -0.018554755716221144 0.28375252008309587 0.9587022895675291 0.005490752660721127
92.858559197 -0.01808241338220372 0.28287272890361 0.9589714566240445 0.005458108578825977
92.891977466 -0.020036524742955877 0.2827106166084412 0.9589895452071691 0.003506724461223732
92.931979744 -0.020078024939969533 0.2846293802333646 0.9584266848310304 0.001130763583369987
92.971795382 -0.019808926519777347 0.2901733817157646 0.9567688607246212 0.0006017653044343421
93.005230363 -0.019105873556118144 0.29607915374825894 0.9549704493384374 0.0018818080973553582
93.045142832 -0.019622040584603543 0.3030615377629846 0.9527689080017889 -0.00029630577083296513
93.078477134 -0.020253489741617448 0.3086355217489937 0.9509644117741843 0.0007735677037370114
93.111998647 -0.019708387266061857 0.31299192628779493 0.949547950464322 0.002514621051315474
93.151853218 -0.01992185985623546 0.31661620852238714 0.9483438695919625 0.0010959051599994298
93.185267169 -0.0199840393244337 0.31886288342597896 0.9475896716439697 0.0009560016862181691
93.22514344 -0.02009731052708462 0.32096262074929616 0.9468759395401005 0.002247067282773158
93.258909682 -0.01994517963152979 0.3202410572173624 0.9471125407057764 0.005068561888827687
93.298491672 -0.01856876999449027 0.31921855713797614 0.9474922763649621 0.0036193629802209397
93.331978059 -0.01866229570184503 0.31893257993545154 0.947586148791819 0.0037707814498691935
93.371878516 -0.017075232406261326 0.318342478969674 0.9478072492262308 0.005284017025009445
93.405335899 -0.01773647808297701 0.31765520764298744 0.9480315806699221 0.004087597704214266
93.445172726 -0.017199250946938378 0.31736139411018777 0.9481288485303038 0.006133341658724313
93.478601585 -0.018308945998491255 0.3170123844695775 0.9482409506427097 0.0026514361292135956
93.518512162 -0.02007514964495044 0.31724565848813335 0.9481294037039234 0.001677608180128464
93.558521603 -0.018745784601298356 0.31749151481159654 0.9480690461599434 0.0035801250948466062
93.591892123 -0.018474596014598985 0.31708029466988014 0.9482184123931099 0.0007864050162696133
93.625250369 -0.020247388505842893 0.31508311679303647 0.9488477413734878 -0.0007977851278047969
93.665163831 -0.01744107465745055 0.3133625534945991 0.9494724104582569 0.00136409703643802
93.698912379 -0.018478327170137608 0.3120815552624308 0.9498745782381546 -0.0013928053933473959
93.738525778 -0.0187756789842066 0.3118301587654415 0.949949458854586 -0.0023348629254246285
93.772092656 -0.01959979170872769 0.3119841027651007 0.9498838420650901 -0.0015666430648283763
93.811855906 -0.020190429737665137 0.31231240947074596 0.9497644065172715 -0.000936776643841365
93.845246182 -0.018386494053584054 0.31188106182284214 0.9499401057795869 0.0024362972194616295
93.878817659 -0.0177814265428341 0.31110863850199094 0.9502073212556493 0.0011324979922163272
93.918527779 -0.017050316559565765 0.3115549982010263 0.9500638843851805 0.0046244338160970145
93.952240831 -0.01988277487554924 0.31135550037104415 0.9500754302371832 -0.004370870802949663
93.991875119 -0.03232464633229848 0.3104854528710517 0.9493914469886378 -0.03478190879998286
94.025373007 -0.03962466564966154 0.3104718034397424 0.9480808018009107 -0.05639094251357098
94.065212019 -0.04590420250256264 0.31069172767761627 0.9462548306128331 -0.07723503147652695
94.098626852 -0.0524892926034454 0.3107671041566186 0.9440563899950632 -0.09708868958631722
94.138563327 -0.051251387687477494 0.3110036991153564 0.9440260958052246 -0.09728681737736933
94.171945097 -0.048290160641098825 0.3117499217583611 0.944757663432741 -0.08895506761292665
94.211892843 -0.04726675526309634 0.3119412790436467 0.9449243548046319 -0.08704283986958486
94.258542589 -0.04944505030653268 0.31208373587950006 0.944172426884154 -0.09325962208461729
94.29191401 -0.04865067003491651 0.31266255377474295 0.9440023540984261 -0.09346012641142325
94.325632964 -0.04856072463000684 0.3129677535583451 0.943817799056752 -0.09434512939055363
94.365236223 -0.047642100870523216 0.31426215348684067 0.9433907919573008 -0.09478049778637589
94.398864416 -0.04757385333440935 0.31547802720039453 0.9430518756344736 -0.09414617727217973
94.438556983 -0.0476370953980564 0.3168033567454887 0.9428075583359787 -0.09208826332045285
94.471939596 -0.0426207210407195 0.3182504010128979 0.9437803586055717 -0.07860528673974292
94.511904554 -0.02989177373800086 0.31979864350165116 0.9461942935133436 -0.039391222373575514
94.545326951 -0.024511598365802783 0.319004176588354 0.9472242243280347 -0.02004459305879828
94.585239019 -0.01690296935475983 0.31958775750135043 0.9474057557365732 -0.0005374750811047879
94.625293626 -0.009737359065114321 0.3207150898652134 0.9469450425567371 0.018495981952965455
94.665399027 -0.01668130286909621 0.321162291647326 0.9468754692299405 -0.001833665456802882
94.705237388 -0.020925670474480535 0.32374512450918785 0.9458978842824898 -0.005329463540896035
94.738585455 -0.019150067836782095 0.3248678007156239 0.9455607938259245 -0.002995352955450386
94.778574629 -0.016013263885313003 0.32653407670949103 0.9450496576338502 0.00046554630476965944
94.811943275 -0.017338995081917705 0.3290950181359378 0.9441373164449417 -0.0007456432124210603
94.845384617 -0.018094499062211996 0.3319121455123645 0.9431356880941563 -0.0014108891625019405
94.885270758 -0.017700337597967106 0.3363420989110941 0.9415731621882206 -0.0008190212896155079
94.925517544 -0.0163939433205663 0.3418523341580699 0.9396106537777574 0.00019889800523819435
94.965279311 -0.017311421244495872 0.3492482043268721 0.9368687559798264 -0.0017147996277734818
94.998794903 -0.016837432157553917 0.35753284137300745 0.9337483188086035 -0.0009194238360470805
95.038619899 -0.016971591880359214 0.368085225202317 0.9296365563218195 -0.0010512882168054749
95.07201251 -0.018832913474284396 0.37693656271985554 0.9260433628603978 -0.0027998494988552293
95.111942352 -0.017900460552953565 0.3876002477711097 0.9216530294501091 -0.0011466233918350503
95.145299917 -0.019577538640769502 0.3969967374626507 0.9176066539468055 -0.0028877426006940787
95.18527805 -0.02026667316416587 0.41218589719053544 0.910872926275693 -0.0016000918867448114
95.218838937 -0.02037295951760365 0.4285681481146328 0.9032795953321366 -0.0005075418204818365
95.258627203 -0.020942023873715597 0.44790486315162276 0.89383514372663 -0.0011836555213938014
95.29221457 -0.021412908725007417 0.46185495017193867 0.8866969141611134 -0.0002734204995747557
95.331937343 -0.021688414633355142 0.47508367329281254 0.879673069498478 -0.0006378404389142915
95.365291302 -0.021423371897664453 0.4825001082132274 0.8756338617137404 -0.00015789566338668783
95.398657984 -0.02169270371126784 0.4856730841267921 0.8738710599059036 -0.0006727699439535335
95.438619606 -0.02119781673754432 0.48385647807861526 0.8748902239497154 -0.0008106936147679987
95.478622576 -0.017426694495345903 0.47714577313119777 0.8786494794611981 -0.0018203693479558432
95.511990731 -0.008875989433064427 0.4698342449976317 0.8827078015638076 -0.0019839600498361342
95.545560224 -0.012949905826943053 0.46077060949208754 0.8874025671200713 -0.006279270345416807
95.585304558 -0.009767392846108969 0.45189682878390836 0.8920002845650695 -0.005417241721777685
95.625299582 -0.012814571506151387 0.44547245499277244 0.8951907651229429 -0.00485516615845475
95.658650645 -0.013311961300857881 0.440237181235181 0.8977713902813526 -0.004532850837408476
95.692123928 -0.013491282477214137 0.43553582183300954 0.900065741259091 -0.0028626227638297195
95.731990221 -0.013850683657841572 0.4304960996861956 0.902480705491395 -0.0031373448865710703
95.765376851 -0.013513887979989881 0.4272492373577376 0.90403142897107 -0.0016246357810455515
95.79888588 -0.01420410854648324 0.4249595559196306 0.9050994173221655 -0.001632144621882786
95.838663116 -0.014801352233035468 0.42406105222775486 0.9055111323964169 -0.0016531974237139837
95.872313861 -0.014495739020413182 0.4249511729040927 0.9050995260335378 -0.0011055186805542091
95.912008863 -0.018050291737199447 0.42738040209855677 0.903891630296233 -0.00031551655442341924
95.952084519 -0.0184907853206147 0.43002230383223844 0.9026288052553739 0.0003859900222054088
95.992012768 -0.020764641066738115 0.43255363513835643 0.9013684422261574 0.001055352431011902
96.025393497 -0.023445159916994734 0.43512356128818686 0.9000639792064071 0.0016261068477143234
96.065364496 -0.024992378262656025 0.4389991942891999 0.8981397919165814 5.116883307675629e-05
96.105467804 -0.024702136252472476 0.4435781786729248 0.895894373153685 0.0012149161867066641
96.145348824 -0.02425617474507606 0.44807679541538775 0.8936652696756116 0.0010996238581893315
96.178690049 -0.023386561395498735 0.4513340490252276 0.892048397634545 0.0005488298722331225
96.218812703 -0.021638072526631386 0.4536221426031917 0.8909304957130286 0.0012638694390571378
96.259234598 -0.0163316999110792 0.4558248401520456 0.8899014389503163 0.005693824069376988
96.298699017 8.327149737757146e-05 0.4577225628122286 0.8889256472059398 0.017356333079429725
96.332391501 0.007300418630624342 0.45951344289919305 0.8880217344945639 0.014542996528026675
96.372016231 0.0032593263478031126 0.4590715255484986 0.8883594287499724 0.007761222413729285
96.405375439 -0.004484884873186064 0.45504600642322524 0.8904507496779036 0.0032373204981499645
96.445353602 -0.0071818681720841205 0.44796853654362717 0.8940195323830966 0.0012987509495533099
96.478707721 -0.002090145370938366 0.44405282617377934 0.8959934321458568 0.0029134877545067034
96.512242358 0.0008168314597399793 0.44065998643202936 0.897661717114767 0.00464228076034648
96.55203351 -2.936701453917203e-05 0.43595690206582305 0.8999643869623101 0.0023834593141343345
96.592037522 -0.0023071452664829967 0.43248586255501786 0.9016195789109969 0.00572631601627257
96.6322692 -0.00352313900400334 0.4311976091261093 0.9022363901758599 0.005070070800185801
96.672037359 -0.0025281242210967144 0.42816716676760386 0.90368340043963 0.004774689517942557
96.712115229 -0.00307393970806076 0.423881477433584 0.9056980841407015 0.005101408360072159
96.752063546 -0.004362919205060776 0.4185553336652078 0.9081674872267701 0.004920644330872447
96.792030618 -0.005958177489332493 0.4132776265362208 0.910583900894108 0.0017501308702965765
96.825429831 -0.004730994295651637 0.409921614603517 0.9121049524803129 0.002538352754490296
96.865370774 -0.004783427070877439 0.4061041724340171 0.913803928491316 0.004347439588706779
96.898742185 -0.004161918590102638 0.4035150009888086 0.9149512340240091 0.004749923009303105
96.932179701 0.0009360886001304411 0.40133092615726046 0.9159257061044838 0.0035654375455232237
96.972049771 0.004922428827194614 0.39567758279240667 0.9183761783931541 -0.0004638210701069313
97.005582965 0.005454535970090688 0.3901298122925754 0.9207429034813112 0.0012179025887372366
97.045438268 0.0023982962722900866 0.38594050285923337 0.9225174621530485 0.002389236374065951
97.078809759 -0.0064045745912480025 0.3831603604201282 0.9236554567002138 0.0027779371738834513
97.118778394 -0.012794187385935055 0.38123015052979115 0.9243881097075415 0.0025502406718943523
97.152151459 -0.01072377372279179 0.3796569302157029 0.9250579278877398 0.0036668881047193015
97.192053389 -0.007102570022449246 0.37615742512570366 0.9265241840920945 0.0028427652656246053
97.225611901 -0.005358144800441197 0.3728449983449286 0.9278729175629115 0.00312191395751091
97.265419975 -0.0068023545755308175 0.36991239709500306 0.9290410567990725 0.001123044665260193
97.305416362 -0.006409942633954238 0.3676227431839321 0.9299491318782943 0.0026539495393092596
97.345393342 -0.003529673351601664 0.3663928053902739 0.930446191123831 0.0037066140116308747
97.378775243 -0.0029537442472817315 0.3653598113282542 0.9308509784706729 0.004465371350190136
97.418833025 -0.003996670522501479 0.364697290076027 0.9311030066113223 0.0052061804898555376
97.458777345 -0.0035492799100098438 0.36522180756640915 0.9308860371536263 0.0071846866642038985
97.498801394 -0.0021592694439546718 0.36568602482816037 0.9307180694381046 0.005739688341183137
97.53875988 -0.0009476299854791816 0.3648973072523504 0.9310250460803405 0.0064358937603093015
97.578929472 -0.0028779550726578426 0.36559349051280443 0.9307559069642752 0.005153515341305016
97.619085368 -0.003437725029247875 0.3684839596696786 0.929619636332634 0.0038839744539573683
97.658762205 -0.003261003700424008 0.37238631305041664 0.9280669255777486 0.0030953765923598144
97.705444513 -0.002193840894290219 0.3746831492720107 0.9271452852003556 0.003056933838019182
97.738781389 -0.0032316624147423574 0.37673006767337297 0.9263158028836974 0.0017452211274795876
97.778802092 -0.002379890021583398 0.38099744210655123 0.9245655365494915 0.003722076933845306
97.818821672 0.0005028922010540332 0.4008843276370242 0.9161025991532301 0.006894256968031056
97.858796228 0.006609015564630439 0.44433250717997197 0.8957874122115117 0.009479245741613261
97.898837329 0.009940939933475244 0.510541390099353 0.8597567449102862 0.00818573698137544
97.938791277 0.010625506147111006 0.5911840978515669 0.806452954806941 0.00470029251222561
97.972323329 0.008892244938785777 0.66224178748046 0.7492341823283452 0.0022097342396697724
98.012118689 0.006069002531429567 0.7409484157039524 0.6715294129808229 -0.0026191555332996724
98.045657284 0.00703623443160201 0.7998437120221186 0.6001380278053379 -0.005905533474756169
98.085445541 0.006098409795781269 0.8583631286961916 0.5129081489046825 -0.010038898346930057
98.118807424 0.005471140769752076 0.8977210612654396 0.4403862407385726 -0.011265955231520122
98.152235922 0.00535678190451874 0.9264734617687375 0.3761072308355608 -0.012711429466649481
98.192103999 0.00547122605783562 0.9486086611405111 0.3161091683126434 -0.013662627980001884
98.225503733 0.00706366842008438 0.96008745530763 0.27926292395876084 -0.013942813610391328
98.265448213 0.006661734214365927 0.9682095407251982 0.24962897608963647 -0.014535502825766398
98.29880163 0.0078002264400303615 0.9721320711229052 0.23385971408567957 -0.014423137298774424
98.338861697 0.010731501324982436 0.9747887936405077 0.2223340130580544 -0.015467039461274963
98.378902287 0.011000436443236242 0.976163017688578 0.21630141381656673 -0.014087287749651971
98.425583231 0.008191329643098913 0.9765689503492029 0.21468383437196048 -0.012523521544955231
98.465566354 0.013546237588628919 0.9725877398046535 0.23185370789381202 -0.011551881438062971
98.505515893 0.01874916561627026 0.9624303436625629 0.27063806979813454 -0.01146026012771124
98.545475741 0.021110295623631713 0.9477149205917306 0.31817632514497207 -0.012434260079862593
98.592159742 0.021425898123452747 0.9317551908040659 0.362201114384206 -0.013547990187534869
98.632152281 0.022153998090206822 0.9219291302451025 0.3865118368515454 -0.01282494240815241
98.665623079 0.02250847440661647 0.9162494682611111 0.39980941070029 -0.011520225978886018
98.705485024 0.022303313928709437 0.9114995519587111 0.4105743786940441 -0.009990421756163588
98.745531796 0.021624360483988986 0.9068691543874213 0.4207486571446116 -0.009554651501124119
98.785712889 0.02173650801504371 0.9022640893926115 0.4305525256373013 -0.008459307251451007
98.825479575 0.02086668206145393 0.8988254899649374 0.43774709904130454 -0.007402529970129205
98.858841328 0.018814527706549115 0.8968374125389358 0.44189870406136356 -0.007362361478070413
98.892345158 0.0167470060007204 0.895479021796439 0.4447533482015951 -0.005596300204183551
98.932196142 0.019121867745922474 0.8946880969764012 0.44621838523509766 -0.007531001316915254
98.965583814 0.018518789199324315 0.894858018899803 0.44568914974533985 -0.015727754340232616
99.005497005 0.019436075662310592 0.8929170417198719 0.44949555030817573 -0.01658752007480339
99.038833982 0.020036263955437433 0.8912613642784561 0.45287431561341485 -0.012513310069453668
99.07890557 0.02255804655504088 0.8899858336089371 0.4553803655687888 -0.0067136551491637384
99.118854999 0.021039318964714067 0.886749832316804 0.46174626035731675 -0.004740568494825189
99.158927609 0.01739444003277586 0.8833125370264706 0.46845168238181506 -0.0030686579237541034
99.198867239 0.01552508473746198 0.8807937466845316 0.47323497714118196 -0.0031629030185669144
99.232395154 0.016600420388246353 0.8788269593963622 0.47684713306841214 -0.002100753558650151
99.272174194 0.01592507940095315 0.877934803401539 0.4785140995777405 -0.0010626983008120293
99.305555473 0.01840400967528582 0.8780838854261204 0.4781526708829608 7.687867576815319e-05
99.338960407 0.018804239539963612 0.8780312787983717 0.47823277677924975 0.0009408724824939101
99.378870413 0.01807649056552689 0.8775938727315337 0.47905710219464387 0.002554969622868459
99.418951488 0.017999866969814857 0.8770376413203035 0.4800744551240161 0.003081888019804458
99.458860582 0.021200308527313493 0.8763898839007489 0.48111856359276506 0.004030642779103753
99.492216534 0.02103165386522664 0.8755775659171655 0.48256563665161695 0.00721123576682568
99.525761831 0.01893702780850345 0.8753895300537425 0.4829662390658448 0.008841468919871054
99.565596465 0.018402233812327713 0.8761224848282336 0.4816850524716665 0.007089400149938542
99.599035693 0.020472227431853507 0.8759173483180581 0.48199446816054037 0.005569513630286557
99.638894823 0.023440228745145696 0.8751315463310587 0.48326077995443223 0.0073723029250926005
99.67238632 0.02325436807811804 0.8747844941320356 0.4839319329285949 0.004605158351259838
99.712238857 0.026946609193524967 0.8729137716408399 0.4871284987580365 -0.0011194777697082997
99.745588217 0.029897181207944008 0.8705007618795996 0.4912388856896967 -0.004351931663201961
99.778995195 0.030033323654627863 0.8680701296235883 0.4955147443461141 -0.004169851453972644
99.818897796 0.028568678992969027 0.8657872533239446 0.49958299761846503 -0.003618156011737209
99.85223328 0.030063005052268856 0.8642448871878591 0.5021653726475482 -0.002632339381824538
99.885755314 0.0281221585421832 0.8625030885682617 0.5052672487763192 -0.0016042827514205845
99.925609865 0.027066392882300724 0.8613676679392749 0.50726020121987 -0.0004891457582436293
99.95919125 0.029102272296321948 0.8608575177810396 0.5080125503094208 0.0008003469098606532
99.998926106 0.028740512025223038 0.8603243734882864 0.508934825618499 0.0011395714912147137
100.032404167 0.027269862499604954 0.8598847947354445 0.5097585055299865 0.0008720217140158418
100.07223288 0.02575148610758165 0.8596397015004831 0.510250792117989 0.0007574367142218051
100.105612266 0.024329136084531133 0.8594198442050522 0.510690972038856 -0.0005963236977272443
100.14573496 0.023637288112151145 0.8591185014180784 0.5112292087049559 -0.0011727313259843593
100.185651467 0.0220930332424394 0.858703263937697 0.5119922627740783 -0.002127262177922861
100.225567373 0.01991530528416012 0.8584895280471379 0.5124341918401355 -0.0032109004949156606
100.258955726 0.018529843884811777 0.8581931484572776 0.5129761871991518 -0.004073842560805582
100.292425382 0.016373088504125353 0.858046982766921 0.5132836066481302 -0.005218858467766517
100.33224647 0.013911525803556032 0.8578659391736588 0.5136415897993445 -0.00669455628964288
100.365619034 0.012393102886605398 0.8578124786298769 0.5137618280117705 -0.007276440456231331
100.405899664 0.011622724045206013 0.8576217490373104 0.5140899310339687 -0.007835220063464142
100.445593373 0.00535866277749655 0.8575721749953515 0.5142057512481262 -0.011562646337650691
100.485750742 0.004561087866525338 0.8573874411525738 0.5145078251931405 -0.012151956482002717
100.525601606 0.005132532283986004 0.8573875005615016 0.5145315001912211 -0.010847410023901232
100.558972086 0.003559533330558415 0.857517326251683 0.5143074062093589 -0.011800712640963742
100.599013157 0.007386353002312433 0.857556174446129 0.5142457307634749 -0.009704527303548687
100.639255044 0.006547980640674469 0.8574949279467825 0.5143505075390996 -0.010155190266168393
100.679068809 0.00905609207655558 0.8574669492204973 0.5143757898695163 -0.009271730523768314
100.718947415 0.006912686545060078 0.8569480383820677 0.5152497651336031 -0.010485886115297514
100.75896429 0.00701740468426135 0.85627197144538 0.5163782770192799 -0.010126300960337429
100.792328117 0.005110873798469819 0.8551260856910985 0.5182756020649852 -0.011120109883152885
100.832278889 0.004260603884197129 0.8542195381484058 0.5197690254910208 -0.011445000663201992
100.872507872 -0.002533255448159036 0.8529225196311805 0.5217752848208674 -0.016349626079378638
100.912432725 0.004775990579805302 0.8521540850654643 0.5230443397014313 -0.015337011655359634
100.952288168 0.0492016251888964 0.8506100528437224 0.5234639722860474 0.0052161095160760266
100.992293071 0.1069042224015666 0.8448473137929752 0.5236128378039838 0.025181336270529903
101.025634816 0.16355606012764798 0.8368920695667321 0.5208330849792484 0.039924637541651216
101.05903976 0.22731511917850125 0.8237224986963121 0.5160387638104205 0.05927120700121546
101.09897873 0.3595736244387691 0.7734197160242212 0.505238062615214 0.13138969349916765
101.132412248 0.4917499746677327 0.7003119199972911 0.4684167840885902 0.21984288368763452
101.172308527 0.3480452582170297 0.7951791167417017 0.4799176917027768 0.12741145835915554
101.212304062 0.1111846671488228 0.8671811492996314 0.485196807050546 0.014794678716715613
101.245730477 -0.0032556136531361702 0.8642936089184026 0.5022540164788594 -0.026960368940330954
101.279080628 -0.05206575030772689 0.8543255726119113 0.5163488366426758 -0.028299337871731882
101.31897285 -0.03981382046204879 0.8624729940239595 0.5034761577734665 -0.03266424395620538
101.352334132 -0.018706928268440722 0.8674211842635802 0.4960164669359302 -0.03461508997423662
101.392305662 0.016423654749128606 0.861628381311095 0.506961432119541 -0.017801753486876817
101.425705397 0.02466457540031153 0.8595169866990519 0.5103336613849039 -0.01348192692394799
101.459263418 -0.00865863159944319 0.8569085788131712 0.5149729085792812 -0.020871489755441845
101.498999036 -0.04043331465166404 0.8583484689357005 0.5100977415100377 -0.03746127398230433
101.532624905 -0.03445786164248375 0.860852621575135 0.5063581212867553 -0.03669976437516611
101.572328763 -0.010432603937037589 0.8613282580823151 0.5073914609616319 -0.023636792235803963
101.605792658 -0.0006249993807557207 0.8595344791001513 0.5108292344878207 -0.015924252145472488
101.645716679 -0.009121050615512575 0.8597588004567206 0.510136716021901 -0.02218428360981348
101.6791197 -0.010798723411986448 0.8603299374890419 0.5089897385732488 -0.02540142239931952
101.719001301 -0.008200620033607239 0.8604304724795117 0.5089323372739301 -0.024083769153589007
101.752667906 -0.006010075898128899 0.8603677626431896 0.5092174426483271 -0.020707199104382047
101.792340666 -0.002502269409870817 0.861175339774596 0.5079601786749336 -0.018634100258379846
101.825728338 -0.0005063732902190248 0.8615187023578337 0.5073703990059275 -0.01898808274500474
101.859173788 0.001851746445664857 0.861248176773723 0.5078562609765122 -0.018170504285668704
101.899025323 0.0009329848829494525 0.8610010989670529 0.5082873739887346 -0.017893645809948577
101.932382899 6.389085475070591e-05 0.8610022873281957 0.5082661633015609 -0.018454386369775515
101.965861852 0.001129064231816594 0.8607809035197098 0.5086396468556357 -0.018457274888966257
102.005695183 0.003969036713086668 0.8597730490117228 0.5103656925384924 -0.01736118718178048
102.039162594 0.006964817096781676 0.8588986741654577 0.5118446564076691 -0.016112310403609675
102.079057992 0.006529734689661443 0.8577223097072055 0.5138254568157534 -0.01591231986549346
102.112596857 0.0059244907900679895 0.8569300834340308 0.5151475110128892 -0.01608646672978671
102.152371368 0.006938199755123201 0.8561632975259512 0.5164092266442113 -0.01605552834307331
102.185883634 0.007685471763604892 0.8554542912328033 0.5175783494585142 -0.015860053813059164
102.225810651 0.008765175414219525 0.8547196360412879 0.5188010452367481 -0.014932880722222798
102.266010108 0.010250476947341904 0.8539583673617389 0.5200425775500358 -0.01434406045513648
102.305719167 0.012836992349202492 0.8524732207902246 0.5224381970713837 -0.013525890128555453
102.345706016 0.012314527532743352 0.8508159676042296 0.5251549273606076 -0.013147012976282848
102.379067629 0.012345949128676051 0.8500077638538 0.5264832551080227 -0.012237688475998251
102.412473354 0.014192441518582557 0.849498460882295 0.5273058333398648 -0.009974852786109208
102.452371477 0.013022237878039016 0.8486584677353253 0.5287383209317179 -0.006709280146568522
102.485732188 0.009781529356581825 0.8478122580441102 0.5301946398849636 -0.003512923404668747
102.51927451 0.013302316376636139 0.8467486137965891 0.5318146511592646 -0.00360696893810036
102.559085018 0.025495166284799236 0.844044986214734 0.5356516233799241 -0.003923788008028635
102.592654561 0.03132553780048172 0.8411176016199907 0.5399410051828528 -0.0018978537024158886
102.632405588 0.026047770256354238 0.8382936220388572 0.5445954477627535 -0.0010560254407594655
102.672410922 0.02375215530533543 0.837659728963158 0.5456757237686513 -0.00013446664494108927
102.712434089 0.026791921357763433 0.8371569675891358 0.5463055088741348 0.0008339908239710012
102.745823154 0.029099846759625975 0.8358005652016944 0.5482509479205314 0.0033929679240094265
102.785756102 0.02254775680447201 0.8330805107011026 0.5526185324859321 0.009012153248331366
102.825911787 0.019356500158597766 0.8304920211287355 0.5565691344606598 0.011795223983888587
102.865938271 0.024520213288699154 0.8277720698646578 0.5604137078030447 0.01134176347401046
102.905744962 0.029862876999908843 0.8248409905126005 0.5645308978383422 0.0071003051565178815
102.93908265 0.032239792786093464 0.8224958018993228 0.5678381902417486 0.0045870820872389965
102.972462888 0.03138135642175787 0.8199371642670708 0.5715841975198466 0.0031244628975338404
103.012438967 0.02935398192826992 0.8172333939264407 0.575546468323127 0.00376648339988924
103.052418232 0.031715309076519003 0.8152302684444482 0.5782661413705559 0.0014206782119872013
103.085853383 0.037912128211378175 0.8135594925432011 0.580243278749898 0.001166230209316875
103.125760803 0.05182417491794259 0.8106356539552795 0.5832054410249905 0.0074501670731202275
103.159103661 0.05640224967599365 0.8086618551701767 0.5854186192744338 0.01303190051491674
103.1926235 0.057063738151215 0.8071015458941658 0.5874389287361695 0.015694884795963968
103.232430141 0.05668500213277558 0.8068347055540283 0.5878615708902813 0.01494462837150717
103.265905027 0.05788497498044257 0.8076754693359433 0.5866338099562072 0.013055225802026418
103.305771721 0.057710609261441885 0.8076864379958463 0.5866099906257044 0.014171180415407816
103.339137131 0.05637770868950644 0.807921912099498 0.5864023357055917 0.014698251305462028
103.379177901 0.0568990192856516 0.8083785366850708 0.5857077758402198 0.015265790236261068
103.41911153 0.05837329350815518 0.8083068553617374 0.5856411330392797 0.016032762478714647
103.459242109 0.057930638598767695 0.8083122443148753 0.5856879828570954 0.01565067215729501
103.499210063 0.05769425963902366 0.808467380931575 0.585528192153346 0.014443080280152268
103.539115459 0.059426754231222685 0.810006876853945 0.5832144252749928 0.014773438395294703
103.579260856 0.058446020235923865 0.8122118213038241 0.5802359886380549 0.014906962873968685
103.619135043 0.053799379666698385 0.8149482557517237 0.5768805744119743 0.013182187254473135
103.659119748 0.05177448957135411 0.8209565783112809 0.5685283271708675 0.011191066140214498
103.692535182 0.049728317787691385 0.8330518988095974 0.5508845308780778 0.008823941237952578
103.7324571 0.045924948058441314 0.8611367112431283 0.5062898961665231 0.0022371264805033765
103.765830425 0.044383023415938076 0.8921479315342713 0.44951743060111443 -0.006024539596812654
103.799210492 0.04214555226733587 0.9189104731199328 0.3920793494000904 -0.010053784789043887
103.839158158 0.03874253576230401 0.9409423700262188 0.3362504325958393 -0.007881547516815858
103.872643272 0.03373793725165028 0.9530776464167956 0.3007976968554328 -0.005049461069484396
103.912496902 0.032248858190178434 0.9622953563203585 0.2700625629664979 -0.0037243031120804755
103.945959965 0.03020519687802862 0.967652058212076 0.2504717490629308 -0.001021391623637401
103.985823472 0.02524817678352582 0.9718330234817713 0.2343136677996997 0.00045729819478482946
104.019171831 0.024591110559290585 0.9740948262718109 0.22479347010058315 0.0015628538285878623
104.059196761 0.026921645456049834 0.9757929025985475 0.2170209597456679 0.0023106871942591366
104.092663902 0.03182686977807812 0.9765088952404114 0.2130947982002914 0.0028345822368867524
104.132490511 0.03216083439118209 0.9771305720607528 0.21019400853932138 6.818842008210649e-05
104.165825373 0.03261765711868915 0.977466376266119 0.2085547157887449 -0.0007086857874738446
104.205934051 0.03368955683390657 0.9781791082305223 0.20501138742489472 -0.0009884370465981407
104.246044402 0.03307322623846764 0.980721306621152 0.19259237303169643 -0.00024144460898593845
104.285824182 0.032061592296100234 0.9834248732845481 0.17845875112994364 -0.0002169097736726836
104.319200242 0.033017961889469205 0.9852022150869649 0.1681853121649088 0.0003321933103047243
104.352973217 0.03516232944460996 0.9866179660568614 0.1592115657619384 0.0005262789020031878
104.392534418 0.03590821311291938 0.988073313508869 0.1497388283906446 0.00010312535425991341
104.439303267 0.03662183983829448 0.989910427345248 0.13687943166864855 0.0004559233209552038
104.479391817 0.037046014370857444 0.991425792562236 0.1253081087200176 0.000607083675198257
104.519169905 0.03663673379910025 0.9925118065978527 0.11652250421574323 0.0007546599846402329
104.552614002 0.037785894659293835 0.9930700312820258 0.11128375136228877 0.00025654833735324603
104.592560325 0.03845414340465556 0.9935129418837214 0.10701877126068242 -0.0005438404370487033
104.632503713 0.038021120242515825 0.9940952473286867 0.10162681830255398 -0.001011659883978488
104.666226744 0.038848993467982054 0.9944579269120742 0.09767844042091445 -0.0017634015998266328
104.705867343 0.03963394058256918 0.9947128554851344 0.09470926067368686 -0.002375253491954529
104.739201475 0.03963914939659769 0.9948625922396073 0.09311280279015383 -0.0026770046629066586
104.772613502 0.03945495875536309 0.9949944631553566 0.09176329769970766 -0.002970137214254344
104.80601481 0.039539170031461235 0.9951137687513822 0.09041283289788463 -0.0032803844322343836
104.846218976 0.03902000447229232 0.9953619788441304 0.08786106503934654 -0.003521870615298383
104.885876578 0.03607386516072748 0.9965325254952834 0.07486632908191236 -0.0040785600592545095
104.919411015 0.026303288398029156 0.998556260771395 0.046543418068921795 -0.0052193225768767965
104.959194633 0.002852784668043131 0.9998497158135587 -0.015882491048124815 -0.006336709342403876
104.992697631 -0.013899805321294277 0.9956182312109135 -0.09203593886364307 -0.00897324077296946
105.032528628 -0.025048508353666152 0.9817127104006006 -0.18856726007367236 -0.007423940696866827
105.065876695 -0.034425828284496605 0.9660077258438827 -0.25620570193812525 0.001604447334398404
105.105874645 -0.04316447719628957 0.948078451609094 -0.31480638764866736 0.013454211179806472
105.139251096 -0.046626963779405596 0.936082102487367 -0.34809177187385526 0.02020747399514782
105.179253725 -0.04426798779003825 0.9238791877740697 -0.37952355003392946 0.02120062792912762
105.21936131 -0.04170810828390682 0.91605693658006 -0.3983551313450133 0.020330075701550425
105.259218456 -0.04249327723326255 0.9110087321621249 -0.40949466702798665 0.023906672498975563
105.292600397 -0.04168180773430744 0.9078784588554067 -0.41636390497013986 0.02569882270354025
105.326110419 -0.04152119050605871 0.9057209037192646 -0.42104847315637195 0.025764676547670878
105.365916148 -0.03890742559672863 0.9043640685013745 -0.42429552560536954 0.024189890209338084
105.399371437 -0.038778558923098894 0.9039324587930669 -0.4252606312187687 0.023573901747114448
105.43922198 -0.03835422004891741 0.9036638050289154 -0.4258810385737554 0.023367119386887108
105.472602208 -0.039277434424516436 0.9033152478405644 -0.4264774628726101 0.02440942083518136
105.505986123 -0.0383123124216641 0.9033771801907478 -0.4264676593833758 0.023815384262762834
105.545922918 -0.0387109614909145 0.9038256654927873 -0.4254944756757554 0.023560115160647408
105.585962165 -0.039071684054760705 0.9039365930126809 -0.42524941096953855 0.023129586849145813
105.626173646 -0.039060850776189586 0.9039641006495259 -0.4252318153868437 0.02238432166368498
105.665911498 -0.03904374909391125 0.9040696535532418 -0.4250606836553163 0.021379017547311127
105.699248585 -0.039038712288697264 0.9041382171789358 -0.42492922460917915 0.021100171856585387
105.739236255 -0.03910397199187837 0.9042191075642243 -0.4247448060885556 0.021225800126532184
105.772599281 -0.03912448170774843 0.9042778951912365 -0.42461736428686603 0.02123339694165986
105.812600217 -0.03902679145743004 0.9042387225875266 -0.42470822939125635 0.021264101419065404
105.845937804 -0.03914041474127835 0.9041773338846473 -0.42483003646401185 0.021232450191110742
105.879372094 -0.03944526446310524 0.9042114037156148 -0.424728983707349 0.021239088986943006
105.919267221 -0.03924640254685116 0.9043099903226112 -0.4245440927433049 0.02110626936750792
105.952603877 -0.039167107445049705 0.9043685232369078 -0.4244290624788441 0.021059031222071836
105.992613328 -0.038935120159196986 0.9051176135645135 -0.4228656865405524 0.020755076006998566
106.026036497 -0.03646437443052011 0.907599685537454 -0.41780650521835716 0.019258359403859473
106.065943516 -0.024237227637486 0.9221550584867292 -0.38586913059874 0.01214985410440094
106.099288348 -0.006008382545308918 0.9439003644694781 -0.33016595288406775 0.0025386708591619107
106.132717186 0.014624407089545294 0.9699250751963888 -0.24290034901763488 -0.005558387326377434
106.166051238 0.03400763258763624 0.991923143588092 -0.12190227847538729 -0.008473053912921608
106.206214508 0.05077561837369713 0.9969274329731437 0.05943108714085809 -0.005047360260823604
106.245981364 0.0622584650559789 0.967690555612006 0.24432163637032148 0.00241041687869771
106.279539426 0.06763118092654027 0.9252181919853661 0.37323738511738197 0.00954855677842847
106.319291484 0.07315355940883111 0.867896600458079 0.49092452111608487 0.019928929375926697
106.352657746 0.07351632826996131 0.8231816513519555 0.5623586518143797 0.026834028484074082
106.386086485 0.07468565351286623 0.7822174814229221 0.617659075232239 0.032482790812856994
106.425973517 0.07489447535929021 0.7442346309674437 0.6626493484185667 0.037436248074005356
106.459560312 0.07603389583194545 0.7214223467390375 0.6870766506351357 0.04116212412109338
106.499456381 0.07372487593974143 0.703124395980891 0.705923602131359 0.043041775033841184
106.546016429 0.07318347604318848 0.6906899431918493 0.718115394175714 0.04361034115591027
106.586018777 0.07164989566445963 0.6857894689952476 0.7231196165232422 0.04070770032521362
106.625980759 0.07017055706839724 0.68680844811256 0.7224178116474723 0.038506544072468694
106.659323206 0.0703566258506129 0.6893609627238622 0.7199923479758557 0.037979298671265434
106.699321297 0.0707365723520641 0.6914291860518463 0.7179493473453336 0.038350393139733686
106.739413333 0.07033537757848217 0.6921783031137178 0.7172402748016903 0.038839664801624624
106.779332906 0.07061651246993897 0.6927351461503474 0.716632576811728 0.039611555218432674
106.812867894 0.07110676289744734 0.6931574312293886 0.7162129251973501 0.03893134446659413
106.852661631 0.07228127083158442 0.6940452357070467 0.7152360382770231 0.03891064416210504
106.892826244 0.07234468440912203 0.697358536728269 0.7119746061579405 0.03936341037305536
106.932649696 0.0710773186276342 0.7004226468438763 0.7091367855915648 0.0384857101504871
106.966192279 0.0694315070702706 0.7025285303818336 0.7072542842019603 0.03773999607134353
107.00598334 0.07091661414115191 0.7050945034972285 0.7044643035994409 0.039276200566076384
107.039317923 0.07179745205352243 0.7071017155967251 0.7023527260461844 0.03940733300140471
107.072864272 0.07187313454536028 0.7086908165488319 0.7007559193777503 0.03914997480226914
107.112664822 0.0713237567273436 0.7110190978567934 0.6984757803713958 0.03868266334910251
107.152705422 0.07121260317513495 0.7133831084534105 0.6960355363916934 0.03934256984867726
107.192686811 0.07111711150874535 0.7158862890935773 0.6934859119575862 0.039070032695593726
107.232801199 0.0712964509794995 0.7178914704917753 0.6914161167209611 0.03863167368093688
107.272682931 0.07111437612957612 0.7190448478648538 0.6902293430184305 0.03873895072219001
107.306086362 0.0705108381108888 0.7198038309814854 0.6895364747843654 0.03808039594368342
107.339435352 0.07024088244687217 0.7205296596697729 0.6888346773196257 0.03755017032202452
107.379389499 0.070369736130384 0.7213939226324342 0.6879393911639992 0.03712549946917475
107.412854105 0.0708077245546651 0.7218681619338911 0.6874008840969015 0.03704925737952686
107.452874588 0.07165740780586972 0.7219081615184583 0.6872506565201325 0.037421348883087575
107.492713058 0.07148634691329114 0.7214378763978314 0.687768881263642 0.037296898918519235
107.526256633 0.07143402191162468 0.7206082876908841 0.6886280145087703 0.03758103056663599
107.566033067 0.07110813593013104 0.7197580896235707 0.6895380628065644 0.037804568069753776
107.606319428 0.07095717734042765 0.7196359135016573 0.6896615121018705 0.038160577929004055
107.646036872 0.07144206637974115 0.7196579450287398 0.6895823954728373 0.038270003427585395
107.679398575 0.07141933737927096 0.719458443090235 0.6898016705642772 0.03811144449130044
107.719369735 0.07116863188336431 0.7190958457068652 0.6902112107808307 0.03800888100744458
107.752760242 0.07154813196539025 0.7188741503975979 0.690383008864229 0.03836823913041589
107.786184091 0.07167980670804584 0.7187519519990271 0.6904854034767243 0.038568697067322875
107.826040125 0.07133914341756331 0.7185684252631149 0.6907257255174717 0.03831601414158378
107.859504741 0.0715261770394305 0.7184915678121001 0.6907776697327345 0.03847185958135753
107.899382536 0.0714890688821135 0.7182981095146466 0.6909755418900233 0.038599733261276366
107.932749268 0.07122456901122329 0.7180701962917447 0.6912432786423532 0.0385354862233606
107.972922146 0.07156199279003313 0.717919760359965 0.6913469606725317 0.038852012064534515
108.012908976 0.07138353359464168 0.717725253796141 0.6915730541007805 0.03874999401969694
108.052889904 0.07147355323303053 0.7174717803179906 0.6918166694777874 0.03892905686296396
108.092965159 0.07162493999720651 0.7171878366546947 0.6920940926279527 0.03895178910456527
108.132725463 0.07166810910677582 0.7167099993167909 0.6925834726972961 0.03896912063337442
108.166173097 0.07198299073215234 0.7161217390442328 0.6931456422362863 0.0392074299382749
108.20607155 0.07212949401897956 0.7154086544168222 0.6938618760044701 0.03928727918340952
108.239409238 0.07221533372091907 0.7147093273224668 0.694565610366075 0.03942253049519798
108.272816266 0.07224141156351034 0.7139066449240271 0.6953721876199024 0.03969888503902352
108.312742001 0.07246568184643476 0.7125221023307873 0.6967520839456562 0.03996888992743617
108.34611223 0.07215951965704816 0.7113692600302793 0.6979545793745165 0.0400772346473497
108.386162488 0.07195532299228906 0.7103067018034112 0.6990413047671137 0.04034941258217709
108.42628934 0.07191018792173923 0.7095344098164135 0.6998102100013008 0.040688034327913764
108.466081955 0.07202487384756351 0.7089415001978641 0.7003952083643674 0.04075437331966954
108.50627977 0.07185902296007478 0.7085938901313459 0.7007728072263023 0.040601137175175446
108.546077183 0.07197895470206275 0.7078821486108846 0.7014581985725489 0.0409669307294339
108.579567758 0.07167404760810675 0.7071106087710173 0.7022774150551027 0.040790319519161226
108.61941768 0.07182268980523344 0.7067125511868371 0.7026454283218787 0.041088602829703696
108.652834317 0.0714182479652887 0.7062966088973957 0.7031072310417289 0.0410457765725133
108.692777404 0.07120030822317683 0.7060329770852206 0.7033854703110346 0.041192615022959816
108.72625805 0.07143363780091802 0.7060171047926285 0.7033546846396495 0.04158450103369251
108.766229991 0.07075235147342429 0.7060114493850767 0.7034463638036363 0.04129347829387187
108.806104469 0.07112124017095761 0.7060733635984121 0.703333934047542 0.041515679334165154
108.83945409 0.07100853845899105 0.7060501407516203 0.7033683588932585 0.04152033138522826
108.879586292 0.07096930635870255 0.7059052464062138 0.703517909810456 0.04151736055043107
108.919770511 0.07099893449500182 0.7058240533044228 0.7036108733139732 0.04127100715802667
108.959428674 0.07114168194859741 0.705794392145126 0.7036225660079939 0.04133305832312918
108.992959614 0.07131940155747239 0.7057326562977939 0.7036676421122394 0.04131356000812609
109.032803315 0.07119146702210043 0.7054151379418689 0.7040098458020274 0.04112657534369843
109.066221864 0.07111571372422301 0.7051915768668325 0.7042259220652697 0.04139137432950416
109.106119516 0.07116456843591996 0.705241478410609 0.704167581560593 0.04144970937960054
109.139564846 0.07109116645893175 0.7051419211714467 0.7042766055902109 0.041417144716654544
109.179462007 0.07100083891598198 0.7050617912733655 0.7043634934492136 0.041458659597717655
109.212808892 0.07109761557533173 0.7052073615104474 0.7041999112605131 0.04159556841372549
109.25283739 0.07142864740059918 0.7052502474672376 0.70411126835506 0.041801418078213935
109.292806405 0.07177084821470839 0.7050694848918125 0.704242159548943 0.042058857982314755
109.326281371 0.07160436601664169 0.7049523827919404 0.7043845293221612 0.041921207221616776
109.366166259 0.07162171944681539 0.7046932777985871 0.7046408257141334 0.041940675553323675
109.399611038 0.0716534544619448 0.7045423268383526 0.70478034792094 0.04207794364401609
109.439487379 0.07168762788972337 0.7044366853861088 0.7048823735692308 0.042079445352624305
109.472823995 0.07160211247170817 0.7045871509800393 0.7047502888903443 0.041917949286630715
109.506289523 0.0718020698797183 0.7051492102891702 0.704161978590029 0.042011449602736214
109.546132162 0.07199416491149739 0.7057415424937152 0.7035547076264035 0.04191048549007127
109.58626265 0.07162770505774017 0.7059514401172733 0.7033948181328804 0.041686519263681644
109.626266121 0.07175114982118838 0.7061205596726786 0.703202972124493 0.041846238805418386
109.666153764 0.07147188501318555 0.705920326291202 0.7034297464630908 0.041890981994417785
109.69949558 0.0712005320643739 0.7057406577380836 0.7036306212688154 0.04200663116732885
109.739654802 0.07152111967856543 0.7055090099719725 0.7038219589717478 0.04214755458461131
109.779866984 0.07178319544979336 0.7050862010356764 0.7042089994419296 0.04231202033808769
109.819486644 0.07185941212158738 0.7045150709234881 0.704778297448818 0.04221719053131986
109.85286579 0.07185551425259251 0.7041309170268494 0.7051629330248946 0.04220988801396934
109.88632184 0.07197497288543983 0.7038402071801434 0.7054219951340669 0.04252499048589492
109.926163657 0.0718226723026997 0.7035556225419974 0.705724098875083 0.04247924198704285
109.959548363 0.0719987256606948 0.7033441058488812 0.7059078764891826 0.042630061944674
109.999641302 0.07208937887547334 0.7032898065259529 0.7059495065438405 0.04268329533370427
110.039522733 0.07202122872362035 0.7033467814400489 0.7058903831701293 0.04283707038293035
110.072857886 0.07212417290496777 0.703462378674509 0.7057565238433194 0.04297108940869225
110.113129279 0.07212249389121307 0.7035843880885719 0.7056349956491288 0.042972172719047796
110.15283422 0.07263040748587628 0.7038451964181053 0.7052977976666472 0.04337948817322812
110.18618941 0.07395884247552657 0.7042168948196728 0.7047152492949322 0.04455414774630797
110.226177933 0.07469338373280533 0.7053574399925912 0.7034577804989397 0.04515452722759313
110.259534947 0.07583749356037577 0.7069821523034474 0.7016471706917611 0.046001725566677525
110.293021364 0.07667527955345953 0.708986724820473 0.6994971298438881 0.046502589969810354
110.332882537 0.07798537061281938 0.7123163592489964 0.695903778077891 0.047345728144715715
110.366309793 0.08037123026686246 0.716487686961581 0.6912261108814794 0.04891138327116785
110.406212384 0.08203998300617561 0.721710797391008 0.6855165386679075 0.04969951036331247
110.439566042 0.08031874347358872 0.7261943236478542 0.6811295030682064 0.047468977222157316
110.473013106 0.08128279178350827 0.7291682690030118 0.6777198294293026 0.049016079375521125
110.512874079 0.08001092084531013 0.732614665525535 0.6741691708886028 0.048681962016418924
110.546400741 0.07864674114815447 0.7362477020185247 0.6703987026327405 0.04816213126051456
110.58624867 0.07190462863627962 0.7406613144938472 0.6664607447697283 0.045613783814807636
110.619767588 0.06952078874985175 0.7429890482834407 0.6639761321604825 0.04764273274772374
110.659572876 0.06318549344786492 0.7458747066001886 0.6613897805158178 0.04735054066292131
110.692917577 0.05619517955999176 0.7503203287327025 0.6573499091797279 0.04186410140052116
110.732886613 0.050315753334679435 0.758773997655896 0.6483778754724442 0.036557845197628176
110.772953963 0.0436264882112671 0.7721074284769843 0.6334519746833621 0.026180989033262464
110.812879578 0.03430233905241365 0.7876816525645629 0.6149716187025925 0.013815641100059176
110.846509684 0.027098045791079776 0.7988027734141706 0.6009596586308388 0.005226260464170979
110.886231406 0.019857264805687693 0.8089874881190545 0.5874848888016991 -0.0025374260412232546
110.919750194 0.016929099239358928 0.8168417168588652 0.5765567388909191 -0.008083442179780069
110.959556234 0.015899453828858674 0.8275548404677674 0.5610257824756135 -0.01225825370668074
110.999580142 0.014266890714866632 0.8387740868311087 0.5441220476415588 -0.013626604871610788
111.03298682 0.012682932004640865 0.8463165251459773 0.5322624063603889 -0.016858626161465995
111.072902255 0.008786781014992895 0.8541961389799411 0.5194933106971278 -0.019961181630681165
111.106265681 0.007277137704906233 0.8607357268573744 0.5085082723570532 -0.022369370187289697
111.139715479 0.005691909466485092 0.8683377381525623 0.4953466071700012 -0.024267538644991593
111.179593024 0.001646025778945344 0.8769204871148446 0.4798188530734024 -0.027957433943823724
111.219757566 -0.0033874220678657974 0.8844378005932578 0.4656469545694968 -0.030515831197065944
111.259566512 -0.006953018839751183 0.8902125076689311 0.45433798922470253 -0.03240892263037176
111.292952039 -0.01063912425600756 0.893827026768069 0.447089774734331 -0.032722906075473714
111.326393001 -0.014587782240798795 0.8967721411495648 0.4410259698702832 -0.03290922921151923
111.36645969 -0.02297927181677059 0.8995157201251099 0.4345799549737646 -0.038518632498784275
111.406253367 -0.041775584692341876 0.9009839009370156 0.4288170172417123 -0.05097819631815234
111.439597948 -0.05510361161090605 0.9018006364474791 0.4251090977820628 -0.05478557358718389
111.473262278 -0.06442747516413458 0.9022003034993531 0.42277768467453397 -0.05606016545543072
111.512942342 -0.07603232802487703 0.902034448280587 0.4204088281458428 -0.06171998401890487
111.546312371 -0.073546898644089 0.9028536664347264 0.41854089221086965 -0.06534242306906682
111.586253524 -0.05967343402741574 0.9046093587245623 0.4172296760236776 -0.06356403719469843
111.619718701 -0.04883335922286048 0.9057918822243317 0.4167968945029841 -0.05862352647343638
111.659627214 -0.04700578800841061 0.9058347091593437 0.41726235667121025 -0.05608976092927575
111.693295642 -0.050038450154816165 0.9064466018947106 0.41542606438991736 -0.05720049339944883
111.732939327 -0.04959611151093478 0.9073090437424022 0.41369416371578777 -0.056459399339151874
111.766310458 -0.04292331352229284 0.9080936500555784 0.4131604816563878 -0.05312182491655712
111.806289182 -0.02560407760499142 0.909069928461019 0.4136177748287793 -0.04308866119485314
111.846645534 -0.012144445134411862 0.9093307521393509 0.4144683951629074 -0.0344390051706398
111.88628423 -0.0058352935966784585 0.9092821770237953 0.4150256077472984 -0.03042395124722882
111.919764476 -0.005615597841090265 0.9089772948689655 0.4157661040110856 -0.02944977468552235
111.959823991 -0.008397489853544274 0.9086604191274036 0.4162835512192555 -0.031204644841057085
111.999739547 -0.01280035137570908 0.9077656027338649 0.41788222273004955 -0.03423754407189147
112.039655643 -0.013009916090167032 0.9074953273293359 0.4183549892246032 -0.03552570829174831
112.073063453 -0.005033364564301488 0.9074745062584619 0.41858918303650205 -0.03532395188759931
112.11296382 0.010925689654783079 0.9074634034357337 0.4188818335119426 -0.030476388960560333
112.146695577 0.027243332186302982 0.9074824976811835 0.4186783931617084 -0.021017144269320467
112.186297694 0.04875833840033646 0.9066530135798432 0.41901512858856343 -0.0054091974392129465
112.219994897 0.0612604977223108 0.9053317752268984 0.42025732500917057 0.002304117936197191
112.25965357 0.04990566506269501 0.9063831458869006 0.4194678039942117 -0.0050772885568374
112.299804096 0.05682822364734197 0.9067603427667724 0.4177958428576684 -0.0016933615748937073
112.339681009 0.07065348689422525 0.9065060844173358 0.41616869534740863 0.007643344613018739
112.379955809 0.0826306603385562 0.9069129632375483 0.41297920396822146 0.011367857031014178
112.419684984 0.08961191484190076 0.9075314388718623 0.4100524863000953 0.014606527877827298
112.459810904 0.10293268933615694 0.9084121387387317 0.4047672660562071 0.018860222361709023
112.499714808 0.1173637167780962 0.9088144523034681 0.39964709297101453 0.023753954369650474
112.533199882 0.12952293696056327 0.9085501419807225 0.3962170838205172 0.027793358859343472
112.573007055 0.1477544183410829 0.9072248084366202 0.39238050809754627 0.03390155870955428
112.619669084 0.16933996279306576 0.9042831287588254 0.38944901415160377 0.043880125566552464
112.653312144 0.18147853976291695 0.9019367585115631 0.3884329430358904 0.05191793539472182
112.69299294 0.18442993699505186 0.9013567835773271 0.38723193661518235 0.05994142394364665
112.726338633 0.17921240493621748 0.9020460622532824 0.3878305202886601 0.061508560566408625
112.766345509 0.17896099576634916 0.9036723313874893 0.38458314720092385 0.05869482403116267
112.799695671 0.18088493591921284 0.9043912264958964 0.3822758026774955 0.05676583551773776
112.833181607 0.1815878271052927 0.9048822662894177 0.38072118627221474 0.05714300942007656
112.873024286 0.1823375062653494 0.9051328083683161 0.37972081880577313 0.05744330065109588
112.913107385 0.1809821956061186 0.9055451855087114 0.37946787076683286 0.056899006417232036
112.953018793 0.1811442844990755 0.9063072053857146 0.377535348545331 0.05710567623283492
112.986379394 0.17625839312541236 0.9104721360477452 0.3701292443200108 0.05456932135001698
113.019850933 0.16430840630757962 0.9212137989783923 0.34953804007192374 0.04680857540173169
113.059693071 0.13641222546774998 0.9426942101597827 0.30288867116300644 0.031269533979056505
113.093269767 0.10704259993246419 0.9642000634254245 0.2419944780620672 0.017285603188021463
113.133021124 0.08536847196468347 0.9850180307549742 0.14967074660211666 0.007097231401949956
113.166422271 0.07532728405680908 0.9951596572062847 0.06309383938234611 0.0014914347754065027
113.206490143 0.07008676207042393 0.9965344633501977 -0.04460545986603474 -0.0041547668956308376
113.246778116 0.062370191653023786 0.9861619020465776 -0.15324604221193425 -0.010502984881422844
113.286376036 0.04874121892483935 0.9665194849527906 -0.25161980290462127 -0.01232288807676969
113.319864176 0.03938698084046499 0.945867523121198 -0.32195994687457347 -0.011184232354721385
113.359732353 0.03477469257576436 0.922172353296037 -0.38505630597706997 -0.01097783220874945
113.393085069 0.03369147644311182 0.9066158868745053 -0.4204591551667001 -0.011252418333056862
113.426534166 0.03393433853659966 0.8951920366737757 -0.4442578807730067 -0.010705770173971181
113.466386563 0.033692736253176286 0.8858067029540315 -0.4627048765931707 -0.01074624131408915
113.500024634 0.03329369242722854 0.8803683424344784 -0.47296786019771253 -0.012021435177516714
113.53973774 0.030719856605528353 0.8765617371867004 -0.4801468094762074 -0.01244398088187878
113.573137515 0.02958182478864521 0.8751912138863476 -0.4827107852548086 -0.012472071880871237
113.613072116 0.026440081890248792 0.8753092799278069 -0.4826614604908835 -0.01313396736361339
113.646688887 0.023296728669198016 0.8753921806727862 -0.4826355803860452 -0.01444607198110554
113.686398767 0.018919976465048945 0.8758006884169736 -0.4820513334538304 -0.015546722300898722
113.726535096 0.0181269085284948 0.8761431888398332 -0.4815840611902869 -0.01101452877964775
113.766745675 0.018569993536898772 0.8752466787681759 -0.4832938401313361 -0.005046854111588996
113.81306966 0.019410465652495427 0.8735829255827806 -0.4862506537335728 -0.006033879105215603
113.846437805 0.019456683602553388 0.8727514897196487 -0.4877407005409066 -0.005940007675913617
113.886472224 0.01978073089665215 0.8718278213118399 -0.48938436836538785 -0.005283244406174143
113.920002533 0.017776519242337075 0.8711758624514895 -0.4906464947370193 -0.0016214955462273957
113.959766234 0.01210995034284803 0.8691451518197996 -0.49440698816849604 0.0013357473519748117
114.000005687 0.007409107923758082 0.8672087951933456 -0.49787613803827596 0.0036553838610625298
114.03974434 0.0058507742695732235 0.8655253009520442 -0.5008172619010824 0.0037137628118436797
114.073096285 0.003958985193940343 0.8643350495449157 -0.5028872855129913 0.0036914270678784604
114.106536435 -0.0005070737014389576 0.8635285996998271 -0.5042673130278214 0.005707660503091647
114.146426132 -0.007981058626996829 0.8619013878871702 -0.5069103505733459 0.010207680587170991
114.186436816 -0.01736022191560252 0.8600103148767638 -0.5097550198887102 0.015188834677852902
114.21980988 -0.02669221756156185 0.8590255501126067 -0.5108249130925381 0.020507021709172034
114.253242496 -0.0386880167962317 0.8574709702695394 -0.5123060082412728 0.02809495366221264
114.293095454 -0.05692886064097804 0.8542019377867028 -0.5152719567723938 0.0399119640146959
114.326440657 -0.07046313217131658 0.8504907338999527 -0.5189289823964857 0.04912402450812938
114.359851742 -0.08113645611145166 0.8460912908743183 -0.5237448483813817 0.056901114139069314
114.39979505 -0.08533032147140625 0.8421584659118683 -0.5289948224152634 0.06043452976898881
114.433456004 -0.08724900884654926 0.8394857524719677 -0.5327172280396755 0.06215815957373153
114.473116471 -0.08777880861401154 0.8364273117310845 -0.5373133949991572 0.06307573624695732
114.513109893 -0.08792928423998198 0.8339229533809486 -0.5410808001431956 0.06381627154448863
114.546446008 -0.08858148916137291 0.8323862705336108 -0.5432524780745771 0.06452256559476799
114.586636869 -0.08853617068985599 0.8311431797113727 -0.5451159847062945 0.06489163672255638
114.626701905 -0.08837253586791877 0.8303283618828945 -0.5463568316851235 0.06511005166743539
114.666453824 -0.08837413850470827 0.829837913805747 -0.547085362149882 0.06524304541795006
114.699829483 -0.08850688422596038 0.8301286533945805 -0.5466184712031683 0.06527784614571658
114.733234798 -0.08844065549268752 0.8310489361207871 -0.5452625788816808 0.0649972022461772
114.773130506 -0.08849438867905944 0.8314883327051967 -0.5446131272221728 0.06474903400620703
114.806570696 -0.08861631827551963 0.8314969460831247 -0.5445684276137713 0.06484754764826357
114.846508584 -0.08810969043005713 0.831544556665778 -0.54460776774376 0.06459653276293566
114.879901796 -0.08825162187417464 0.8315879829126585 -0.5445210420508959 0.06457486101913139
114.913237921 -0.08840989453672289 0.8315899928827316 -0.5444758181799325 0.06471365932009204
114.953337 -0.08825345472991064 0.8316287666567125 -0.5444656877755998 0.06451385147636071
114.993197493 -0.08853332735915212 0.8315989108620432 -0.5444483575903952 0.06466132783126148
115.026834712 -0.08852662462156109 0.831573476383087 -0.5444893494052768 0.06465244383222594
115.066485622 -0.08864062205228773 0.8315380837647506 -0.5445316877818878 0.06459486335954913
115.106476869 -0.08871162593319788 0.8315394228460088 -0.5445142233530824 0.06462736450919748
115.139876884 -0.08864753994133136 0.8315199196845592 -0.5445533717950928 0.06463638369161735
115.179837554 -0.08883406918499441 0.8315138074109095 -0.54451943540558 0.0647447349414372
115.213270681 -0.08882105266884152 0.8315262677931805 -0.5445088184729325 0.0646918323898299
115.253179955 -0.08889143300497251 0.8315209297877252 -0.5445055171357309 0.06469156260309264
115.286679045 -0.08893363117990585 0.8315165182978445 -0.5444970952371635 0.06476111735662195
115.326517356 -0.0888281689116083 0.8315219806097899 -0.5444985809234894 0.0648232021955822
115.360035923 -0.08883890958522114 0.8315292420955116 -0.5444841063977462 0.06483691513343744
115.399860698 -0.08889190327517016 0.8315379724417403 -0.5444631254898867 0.06482850377249921
115.433217672 -0.08895550419408202 0.8315390974889112 -0.5444409739614188 0.06491281455032984
115.473295883 -0.0890073696016172 0.8315405815124808 -0.544426936400907 0.06494043713749637
115.513464743 -0.08911093465994735 0.8315229647190209 -0.5444309657104096 0.0649901842169369
115.553215119 -0.08924886421603649 0.8315245809858095 -0.5443997011734476 0.06504211570038529
115.593166321 -0.08934702682258006 0.8315236739549549 -0.5443818708922978 0.06506817266698531
115.626530629 -0.08940922172574452 0.8315145933557974 -0.5443801653634414 0.06511303760086846
115.66000843 -0.08948445430610383 0.8315044744155526 -0.5443794198490192 0.06514513573014946
115.69984128 -0.08959424845574758 0.8314914336616744 -0.5443795083258182 0.06515993635542836
115.733225366 -0.08963943677982174 0.8314774844185129 -0.5443907835954899 0.0651815849388975
115.766569245 -0.08967851262428264 0.8314684962870481 -0.5443935082726687 0.06521972252491776
115.800042407 -0.08965724418747936 0.8314728280053245 -0.5443859808894028 0.06525656031861891
115.83984983 -0.08975225391473064 0.8314834653528643 -0.544349399649458 0.06529556541827695
115.873214378 -0.0898132857059229 0.8314796499497847 -0.5443414783091387 0.06532626135262402
115.913240892 -0.0898887276927377 0.831468299615722 -0.5443425974095475 0.06535763163814882
115.953257457 -0.08989250322919087 0.8314516956274114 -0.5443644065719911 0.06538202015092773
115.993185065 -0.08995477946178608 0.831450188939586 -0.5443516339347353 0.06542185870863261
116.026535386 -0.09001785262181114 0.8314489651226529 -0.5443395367284647 0.06545130525870359
116.060010091 -0.09003080789370366 0.8314518482482178 -0.5443290981893945 0.06548366619967358
116.099883257 -0.09004661358456217 0.8314483089663045 -0.5443253467344847 0.0655380332433643
116.133270488 -0.0901113260364392 0.831442227822495 -0.5443210347793528 0.0655620455008484
116.173227512 -0.09013085899076219 0.8314351885384481 -0.5443219029654988 0.0656172345473418
116.213554829 -0.09013496452346278 0.8314159242489512 -0.5443401261495465 0.06570446057241484
116.253238219 -0.09018618254968298 0.8314005123756707 -0.5443499999026474 0.06574738097122157
116.28657727 -0.09027567021830923 0.8313833780135272 -0.544352403074361 0.06582129895877123
116.320050632 -0.09040162928397924 0.8313564856861425 -0.5443603526519306 0.0659222693105645
116.359911415 -0.08844046790895123 0.831560875900388 -0.5445283635447429 0.06460382808401806
116.393328742 -0.08992989061769227 0.8301855605892103 -0.5462098954286386 0.0660249944983264
116.433229099 -0.08842035312729034 0.8296852206824243 -0.5473367266697526 0.0650137168022472
116.466771872 -0.08826196596569849 0.8297971831894385 -0.5472168493267432 0.06480879529551174
116.506585286 -0.08807174044021995 0.8301021885681775 -0.5468007596203374 0.06467344392232495
116.546701027 -0.08826773097529347 0.829986386783233 -0.5469292595081761 0.06480579076614174
116.586568742 -0.08820904696544633 0.8300299583803532 -0.5468841538063945 0.06470822621599615
116.62001258 -0.0800325709141882 0.8297892084713103 -0.5491294179984533 0.059173806587898455
116.653368562 -0.08213367744139 0.828527093386352 -0.5505681708430632 0.060593760481095695
116.693495884 -0.08477867879767287 0.8287785783923192 -0.5495722246352427 0.06252210432157479
116.733376414 -0.08517821806428295 0.8289598348564858 -0.5492039295167435 0.06281168016753864
116.773520759 -0.08628716193940297 0.8288066266286134 -0.5491738239294051 0.06357839610823932
116.813280943 -0.0884934431445485 0.8285586056874635 -0.5490249938434889 0.06504693380034045
116.853356779 -0.08810566055227176 0.8286227779696739 -0.549009682303227 0.06488492233006322
116.893642829 -0.08820314674758511 0.8285815194847204 -0.5490482894260188 0.06495264698669886
116.933255216 -0.08820080759004198 0.8286122799605328 -0.5489952705945268 0.06501153669860688
116.966602302 -0.08816797573321337 0.8286021413265633 -0.5490191425765661 0.06498369432891454
116.999968583 -0.08823889885505097 0.828596227685008 -0.5490090745300868 0.06504786144555598
117.039923613 -0.0881420221707755 0.8285983666469845 -0.5490312688332751 0.06496457927917655
117.073342313 -0.08826733431060642 0.8285780895569571 -0.5490361544472199 0.0650117551651341
117.113267646 -0.08831890419797092 0.8286011783273863 -0.5489940981156788 0.06500260510078838
117.146662161 -0.08820828384455846 0.8285903847702575 -0.5490287317168123 0.06499788209551788
117.186775578 -0.08829312255053326 0.828581496225459 -0.549015055934353 0.06511141973921097
117.226777725 -0.088315953881596 0.8289683066019271 -0.5484390703668937 0.06501096088056636
117.266606418 -0.0884124409955432 0.8293859207578631 -0.547792356032018 0.06500591818236197
117.29997271 -0.08839024392307916 0.829251388776034 -0.5479974615852827 0.06502369636005198
117.333430102 -0.08841786552511416 0.8291610497095023 -0.5481390964791575 0.06494432701654444
117.373303338 -0.08850694791004117 0.829234710042939 -0.5480082285211528 0.06498690102443898
117.406704756 -0.08853904193831115 0.8291768212016816 -0.5480946180186022 0.06495326730475548
117.440214496 -0.0884570793463861 0.8291897328125469 -0.548092971254687 0.06491399674163517
117.479994928 -0.08856143888042166 0.8291937091444695 -0.5480665752498185 0.06494377069897662
117.513347975 -0.08852083198177743 0.8291710539793214 -0.5481053928118129 0.06496078754666883
117.553326549 -0.08857167563144545 0.8291849788304806 -0.5480717820940944 0.06499731402094462
117.593300093 -0.08855375368194729 0.8291839683933638 -0.5480819125030328 0.06494918363834741
117.626798072 -0.08855288514015128 0.8291762581458175 -0.5480876257908749 0.06500056857887868
117.666786824 -0.08866382256873095 0.8291647950879124 -0.5480823171572694 0.06504031652628238
117.706723109 -0.08876490322893488 0.8291591745072874 -0.5480674975824859 0.06509895067375059
117.746660986 -0.08884857620086425 0.8291610715877311 -0.548051683874164 0.06509377599477727
117.786718348 -0.08891699288384042 0.8291446669412067 -0.548059252265466 0.06514557287850696
117.826655824 -0.08909408055578573 0.829132975376179 -0.5480397463810635 0.06521648825522117
117.860143864 -0.08907589109582992 0.8291371965765131 -0.548032495713718 0.06524859018031014
117.900001651 -0.08912892755043256 0.8291436943073919 -0.5480132449812627 0.06525528169510093
117.939973913 -0.08917486631451023 0.8291414249728635 -0.5480045196137474 0.06529461765463061
117.973346036 -0.08920130942393668 0.8291421352359506 -0.548001067908443 0.06527844624858704
118.006827954 -0.08917471724652712 0.8291412295928364 -0.5480067759283386 0.06527836341322346
118.046670793 -0.08919580342622024 0.8291456495248889 -0.5479926893355971 0.06531166021347967
118.086917209 -0.08918209228222337 0.8291347510131241 -0.5480038440527323 0.0653751174530362
118.126652156 -0.08919395118097935 0.8291283532682953 -0.5480153396473421 0.0653437096478174
118.160177015 -0.08923266344520105 0.8291323927764017 -0.5480019153232666 0.06535218301928211
118.19999653 -0.08925654475713768 0.8291293041880141 -0.5480000949623643 0.06537401682592558
118.233390163 -0.08929838489953239 0.8291344182798782 -0.5479864770242809 0.06536616767518441
118.27336496 -0.08930330827751073 0.8291233683384482 -0.54799607832526 0.0654190900726484
118.306711745 -0.08934208646814548 0.829127800583751 -0.547984234545602 0.06540917805737194
118.346687814 -0.08951882800855768 0.8291581286087222 -0.547892880951641 0.06554821276409294
118.380061118 -0.08969237248413724 0.8294007401819402 -0.5474815120227501 0.0656786456704164
118.420002382 -0.09062411697592203 0.8296796139734577 -0.5468488968753318 0.06614598676731301
118.453531088 -0.09235711178630514 0.8295858307371751 -0.5465611686968812 0.06729340395092619
118.493364219 -0.09642781250706955 0.8292119490464117 -0.5469595578740465 0.06280495668321145
118.526704192 -0.10073586241098374 0.8306477686988566 -0.5445443939646191 0.0578616745491529
118.566803071 -0.101360965110942 0.8329001403479191 -0.5405608862148039 0.061621743361094564
118.606708267 -0.10174623825590225 0.8328573883368912 -0.5403381276864172 0.06349001072423313
118.646791777 -0.10214556618135526 0.8316682621348362 -0.5421035700862136 0.06338694161176789
118.686891338 -0.10633512368754444 0.8305772197180681 -0.5425541630948156 0.06685285083108158
118.726703279 -0.1104804436162468 0.8282143106335721 -0.5447471536752674 0.07145394182834672
118.760050465 -0.11011075808427422 0.8266649158966685 -0.5472675109550554 0.07070367198893403
118.800048134 -0.11094267027616785 0.8251647944527627 -0.5484999015450239 0.07708854592494566
118.833388357 -0.11247447267215469 0.82214954038839 -0.5516304535388441 0.0844006455236526
118.866954003 -0.11230715534479067 0.8188877629737172 -0.5561465215236022 0.08666591664235491
118.906714237 -0.11187038941712929 0.8161150162780099 -0.5599722395053354 0.0887264738428326
118.940059288 -0.11125808234589672 0.814451944894189 -0.5620481227992388 0.09160554693160619
118.97379853 -0.1110091238054387 0.8129548640202828 -0.5641276385906003 0.09241953730627098
119.013377945 -0.11238040926864903 0.8119466645430131 -0.5653888352286521 0.09191693287351738
119.046747332 -0.11243972054821381 0.8116942166710528 -0.565722832475995 0.09201893653560113
119.080187372 -0.11103811869876777 0.8118045285875507 -0.5660421041006359 0.09077598771650763
119.12005649 -0.11172176281241135 0.8122375537984127 -0.5654609207718059 0.08967915584771932
119.15350716 -0.11175016840013755 0.8127742684123878 -0.5649061626231993 0.08826616508934972
119.193444487 -0.1123012166639956 0.812794974362757 -0.5649393560673324 0.0871566999872013
119.226901979 -0.11325354381506933 0.812439428754879 -0.5652998485692089 0.08690161463059037
119.266744327 -0.11433367239313855 0.8121578910110401 -0.5654694149188192 0.08701558605770641
119.300284686 -0.11528088081927322 0.8120398668577791 -0.5654204270156044 0.08718551407558897
119.34017313 -0.11529678503897273 0.812276324664057 -0.56502502795871 0.08752451959415435
119.380224771 -0.11557189467968416 0.8120639912912223 -0.5652760081020753 0.08751140424253256
119.413576746 -0.11587170858678157 0.812062354814599 -0.5652239724630108 0.08746622202474537
119.453622926 -0.1158682394523898 0.8119680801439262 -0.5653296653318517 0.08766274812807835
119.493469001 -0.1159733075155681 0.811891204880496 -0.5654125026293737 0.08770156926751246
119.526973863 -0.11609136244748715 0.8119462795968467 -0.5652943706399196 0.08779697680867249
119.573437179 -0.1160330037897848 0.8120263590250668 -0.5652070952541651 0.08769534625259326
119.606791248 -0.11593631972391162 0.8120057319627437 -0.5652747610465185 0.08757799696456325
119.646773769 -0.11591899944292633 0.8120158877206838 -0.5652501825199502 0.08766535700323055
119.680262991 -0.11585523229152275 0.8120192013727607 -0.5652679029308597 0.08760467834978679
119.720129334 -0.11587631880432209 0.8120027979219984 -0.5652783236446215 0.08766157496150831
119.760460219 -0.11588373544012079 0.8120173841100845 -0.5652594265939409 0.08763850985810187
119.800095679 -0.11591989590401162 0.8120390281286689 -0.565228010773083 0.08759275293626577
119.840160484 -0.11593666879913596 0.8120314027957498 -0.5652312737395987 0.08762018539147842
119.880313515 -0.11589402809065492 0.812051222466637 -0.565227843667053 0.08751497635751342
119.920108975 -0.11593506443214165 0.8120410412927613 -0.5652273872875048 0.08755803076488276
119.953452454 -0.11589906694934778 0.8120446288486168 -0.5652353459275721 0.08752103034426006
119.986972504 -0.11591335161769367 0.81204226686227 -0.5652327810150894 0.08754059065306118
120.027139451 -0.11595912841005829 0.8120407901950717 -0.5652286644468488 0.08752024043256751
120.06681149 -0.11589533767403426 0.8120376204446129 -0.5652455499709893 0.08752509312229331
120.100351597 -0.11587695485086642 0.8120407371803763 -0.5652421046251116 0.08754276470968793
120.140136087 -0.1157969449010721 0.8120560349088497 -0.5652408445706965 0.08751486358728405
120.180127415 -0.11577756147254789 0.812067037799761 -0.5652266600961721 0.08753002396388601
120.213492394 -0.11575450643476388 0.8120708508086658 -0.5652247964446052 0.0875371749092264
120.247001393 -0.11575865064431562 0.8120830915035462 -0.5652054921179918 0.08754278368151817
120.286798286 -0.11571556693347859 0.8120740094026226 -0.5652275493601242 0.0875415802139828
120.320216415 -0.1157488054265168 0.8120845839994081 -0.5652092711515861 0.08751755410850666
120.360184298 -0.1157154088891714 0.8120894503058302 -0.5652088987164338 0.08751896742616667
120.400167851 -0.1157275674622436 0.8121050686033779 -0.5651813211945798 0.08753606028788229
120.433584457 -0.11568272511105222 0.8121061530979039 -0.565185543082248 0.08755800992615657
120.473487028 -0.11572269129696156 0.8121038970170671 -0.5651798272268354 0.08756301767598845
120.513625232 -0.1157488097055051 0.8121028603751869 -0.5651818971303166 0.08752474152132643
120.553497516 -0.11744781377788949 0.8114135204504589 -0.5656272907108545 0.08876867618752438
120.593696763 -0.11664136042573646 0.8116168735740746 -0.5655903233546365 0.08820674404758093
120.633472296 -0.11649697224497838 0.8116976584297085 -0.5655352449242851 0.08800712190448087
120.667096031 -0.11640479291998897 0.8116581252277194 -0.5656190795916671 0.08795492447244559
120.706939571 -0.11616323001759994 0.8116836419545246 -0.5656550516322911 0.08780735697074309
120.747052126 -0.11621491238567948 0.8116790526128915 -0.5656336116557932 0.08791943501781074
120.786832638 -0.11616092311929407 0.811671993479883 -0.5656589911180365 0.08789266583618373
120.820170176 -0.11609814418006562 0.8117079210050374 -0.5656281759351725 0.08784212249185594
120.853787088 -0.11611830503941895 0.8116739434778781 -0.5656631022506796 0.0879045133424894
120.893510292 -0.11613704790992264 0.8116872603519302 -0.565645577865966 0.08786954948003123
120.926931457 -0.11613390035789685 0.8116755745115022 -0.5656651949251806 0.08785537080533136
120.96685093 -0.11611244523850159 0.8116910395814128 -0.5656573662451254 0.0877912315474018
121.00038728 -0.1160663151989664 0.8116948866957304 -0.565657068866412 0.08781857337487722
121.040167893 -0.11599827118370724 0.8116948073010561 -0.5656692069280188 0.08783102650156432
121.07350551 -0.11592552822125751 0.8116949507064323 -0.5656838088657224 0.08783169867122917
121.113712913 -0.11593241462800291 0.8116939742292081 -0.5656912200809573 0.08778388782591315
121.147053747 -0.11594217771308149 0.8116906756472901 -0.5656935507092854 0.0877864749281745
121.186848165 -0.11588554885786659 0.8117079990664688 -0.565689168793734 0.08772928887706151
121.220224225 -0.11586329195555038 0.8117169360335852 -0.5656863126667103 0.08769440686276551
121.253590998 -0.11583666655326827 0.8117439631495934 -0.5656667325311664 0.08760566579583993
121.293574401 -0.1157573102590304 0.8117707393431468 -0.5656563474064871 0.08752947221723086
121.333522818 -0.11604820216970181 0.8117261025384407 -0.5656298048062123 0.08772954545544726
121.366901132 -0.11904631491174725 0.8118756212525037 -0.5644712657347964 0.08976714700574634
121.406922335 -0.1168330007294861 0.8121578363363712 -0.5647963411998059 0.08806129561436443
121.447112646 -0.11666374208409133 0.8120961171808331 -0.5649339562867834 0.08797211363218385
121.486894791 -0.11684104984812563 0.8121317898242134 -0.5648319268136055 0.0880625884206066
121.520379435 -0.11657150619590662 0.8121580139527251 -0.5648821342782112 0.08785566964559367
121.560236701 -0.11587172232685217 0.8110595385813183 -0.5666315285948231 0.08766344530967345
121.600405962 -0.09858626635704623 0.8013007858420759 -0.5850547486299073 0.07686832767951315
121.640223965 -0.06168585784075269 0.7774545796282373 -0.623828663390371 0.05096106641461269
121.673714349 -0.0331689463441124 0.7477280344215619 -0.6625992980202784 0.027654616278720803
121.713561647 -0.019811105895389362 0.7084748019249807 -0.7052948337771688 0.015171439213101144
121.747016895 -0.01852263813774226 0.6761002942725396 -0.7364485044963389 0.013744241925610561
121.78037946 -0.016849673830689662 0.6488657863822874 -0.7606264051340454 0.011694082570006537
121.820502274 -0.015267165109657612 0.6216824792534158 -0.7830682152114757 0.009054224668880432
121.860216792 -0.01547410212695173 0.6007639788784982 -0.7992310542817034 0.008539070042865325
121.893600637 -0.015142187418375043 0.5869285802880739 -0.8094595541623723 0.007796536183862544
121.926980975 -0.014496584405804843 0.5755054037839761 -0.8176453610003437 0.006280357523723219
121.966904035 -0.01432925492555354 0.564357147334829 -0.8253874667817991 0.005586804533643009
122.000468378 -0.01440995237985069 0.5572029478344543 -0.830233057556979 0.005504392481910425
122.040240554 -0.014260546400686728 0.5507496446705427 -0.8345343491513285 0.004887309913801639
122.073575928 -0.014253713401161947 0.5470338544610495 -0.836974752395139 0.004904852786861432
122.107004035 -0.014741757263331292 0.546651777492795 -0.8372111505951766 0.005657214496310612
122.146937905 -0.019123551980571835 0.5664274251087311 -0.8237840543136074 0.013194457282306848
122.18038582 -0.027054511878815697 0.6070516541533862 -0.7937858828394712 0.0256965908516693
122.220253967 -0.04065507553355672 0.6677161791552988 -0.7422002150638253 0.04051061202723429
122.25360007 -0.051907694391879984 0.7111109092972058 -0.6994421552266452 0.04906666315662793
122.293582201 -0.06422421774618994 0.7496961593343077 -0.6562053843977824 0.056792710990382085
122.326930529 -0.07430743205895753 0.7715383046348636 -0.628723660738321 0.0625588399010759
122.36038212 -0.0843369265970506 0.7872627965826374 -0.6070538053754015 0.06775137864495932
122.400300471 -0.09441420293143955 0.8008996773568898 -0.5867665737035865 0.07314815840883682
122.433733868 -0.09898771823711147 0.8088209423660716 -0.5747579613765814 0.07525556898001788
122.473593499 -0.10213915280266671 0.81472885850705 -0.5656649619936429 0.07620781687782043
122.507003473 -0.10406403094827713 0.817877195331167 -0.5606739396100086 0.07676134614643397
122.546937753 -0.10544652650991806 0.8200496649883752 -0.557212970038084 0.0768978739679068
122.580309275 -0.11014806964568594 0.8198145264773986 -0.5571456281368026 0.07321402856021314
122.613813776 -0.11582583661140067 0.8209057324851575 -0.5548210252460382 0.06979816538571221
122.653618673 -0.11912969322917201 0.8223323699903998 -0.5513951100482486 0.07443804183329411
122.686974285 -0.12123081025367441 0.8206810599759197 -0.5528384058808746 0.07845626440974499
122.726944653 -0.12159485825108608 0.8181221627954991 -0.5563799316689779 0.07957505152833126
122.760560192 -0.12294182742133802 0.8165007260762821 -0.558367491862311 0.08023475193828515
122.800308274 -0.12404345571240027 0.8146446025480272 -0.5604472697271009 0.08286284142926229
122.840435757 -0.12582342585661402 0.8117730844615029 -0.5631976354260113 0.08945025600920795
122.880342095 -0.1265305854375326 0.8082820320499373 -0.566709776802191 0.09752023631467581
122.920423211 -0.1254785168349543 0.805458676388004 -0.5705170644553865 0.10000870766784872
122.967017072 -0.12439723817615461 0.8041856285776072 -0.572329155918226 0.1012429711600509
123.013776363 -0.12203531000582489 0.8040752537997636 -0.5730802082580508 0.10074445017735384
123.053888688 -0.12078504689206178 0.8044237181371671 -0.5731660925292679 0.0989650671721541
123.093682936 -0.12125451303785154 0.8046593396716859 -0.5727619508814883 0.09881516973375921
123.13368836 -0.12126445877725169 0.8047594004927885 -0.5727572735997397 0.09801195791606687
123.174000589 -0.121515995025726 0.8047322619053444 -0.5729240938381795 0.09694241745137441
123.213659093 -0.12177153507469787 0.8045427479807444 -0.5732333089810434 0.09636510463745428
123.247162411 -0.12247260139884943 0.804645233781379 -0.5730594007019904 0.0956526681623901
123.28700512 -0.12321948505126884 0.8046769517682004 -0.5729782983505614 0.09490959601659123
123.326995957 -0.1244146761532906 0.8047519293057893 -0.5725296857397089 0.09542054067689987
123.367138077 -0.12527581228883938 0.8043348027059066 -0.5728256412566141 0.09603270656589095
123.406995243 -0.12548885042158575 0.8042506264014038 -0.5728925809836897 0.09606023634503941
123.440514291 -0.12551151782828338 0.8043376391911582 -0.5727636790242416 0.0960707503012756
123.480313358 -0.12564897692223484 0.8044698840867838 -0.5725131235856004 0.09627701448451496
123.513690761 -0.1259382410290199 0.8044241942451278 -0.5724832015710976 0.09645858737561704
123.547159394 -0.12615606485456848 0.8043596933699592 -0.5725265279943572 0.0964546822343093
123.586988227 -0.12585353765842158 0.8044372335431419 -0.5725339491650269 0.09615873024231951
123.620345742 -0.12588019976388487 0.8044728965582039 -0.5724746181557472 0.09617871686651554
123.66032638 -0.12591639654507478 0.8044163438037217 -0.5725349228019236 0.0962453587179723
123.693752494 -0.1258423036066859 0.8044012108419558 -0.5725843172330535 0.09617487342188792
123.733719596 -0.12596125079664708 0.8043859432219012 -0.5725584930308737 0.09630051766720411
123.7738372 -0.12604388682181325 0.8044138010588959 -0.5725069085788591 0.09626637466066196
123.813846261 -0.1260946317732199 0.8043829431477663 -0.5725335894099788 0.09629908415057278
123.853697205 -0.12618234364056174 0.8043635239231821 -0.5725396098764808 0.09631060511565087
123.893816272 -0.12603009731072348 0.8044073854687065 -0.572529948606425 0.09620099128373744
123.933699768 -0.12609493867256016 0.8043873992129761 -0.5725380839520697 0.09623471750382112
123.973700202 -0.12944811412493695 0.8023283972232783 -0.574221245850843 0.09890545774692346
124.007106629 -0.1286614307682829 0.802513906784642 -0.5741795538035921 0.0986686659675568
124.047033185 -0.13285423698679222 0.8003587857090653 -0.5756102761082103 0.10221729741877346
124.080371605 -0.13344637131747636 0.8006765325887212 -0.5749423982814059 0.10271511477054367
124.120359416 -0.13332679686431714 0.8005721024621906 -0.5751429660300895 0.10256140903517508
124.153742509 -0.13325448435200432 0.80064100608912 -0.5750985691084411 0.10236629121984743
124.193739196 -0.13450251275819314 0.8022088859071566 -0.5725489751006235 0.10275041870744997
124.233942572 -0.1362734325756452 0.8012666644287808 -0.5731791982097062 0.10424438013104141
124.273776825 -0.1358911844934762 0.8011558668590844 -0.5734307181843514 0.10421168080790141
124.313865415 -0.1356513634543679 0.8011112126430447 -0.5736111340429626 0.10387395954958051
124.353713684 -0.13527569169943188 0.8013215348786703 -0.5734307799526689 0.10373729116284978
124.387078573 -0.13503371330301828 0.8013492503276337 -0.5735030226316868 0.1034386692840586
124.420612349 -0.13709712397324428 0.8007509020950365 -0.573556290484863 0.10505024053991144
124.460379556 -0.1358066273228534 0.8009774537808875 -0.5737124083531787 0.10414293548519514
124.493734045 -0.13554911471136177 0.8010031957441146 -0.5737866859934494 0.10387086639350007
124.533719772 -0.1352829568388441 0.8010556302567731 -0.5737938001737685 0.10377414757543844
124.567091344 -0.1351487652386881 0.8010663222289897 -0.5738277055462568 0.10367894189514439
124.600682958 -0.1347638603317858 0.8011528277840414 -0.573856573377962 0.10335125385312295
124.640404349 -0.13482290190919247 0.8011556273387591 -0.5738274071507968 0.10341447049043458
124.673816116 -0.1347257529745604 0.8011806218260805 -0.5738374143132486 0.1032918420307133
124.713755767 -0.13468244511174987 0.8011884288102618 -0.57383238973173 0.1033156765163767
124.753890784 -0.13471148421442902 0.8011915394286075 -0.5738163383118705 0.10334284230231254
124.793932045 -0.13467607142178792 0.8011940570077332 -0.5738217298038107 0.10333954328738372
124.833853462 -0.13462481526289025 0.8012141374913039 -0.5738121458764901 0.10330385396545658
124.873985964 -0.13460137588005647 0.8012220948341052 -0.5738154882513202 0.10325410308429779
124.913746128 -0.1346395803621237 0.8012255089150715 -0.5738002840491939 0.10326229364468015
124.947106128 -0.1346270186119022 0.801229800027462 -0.5737989128399844 0.10325299526539504
124.987110099 -0.1346451747844577 0.8012351744004593 -0.5737879696339399 0.10324842911196935
125.020464108 -0.1346981027962501 0.8012172527116039 -0.5737953488977016 0.10327745467296229
125.053909929 -0.13471804826387837 0.8012286003142338 -0.5737670100560913 0.10332083856492084
125.093805106 -0.1347133184837028 0.8012196813042415 -0.5737795683232687 0.10332642976800002
125.127299317 -0.13472590496278972 0.8012350585705317 -0.573758868065945 0.10330572474514496
125.16710127 -0.13471499367415754 0.8012381669562975 -0.5737468681782267 0.10336247649684373
125.207519007 -0.13471115789736218 0.8012284726981366 -0.5737559094907846 0.10339243105840003
125.247111336 -0.13471129375730606 0.8012356066372274 -0.5737442305701869 0.10340177889345624
125.287103485 -0.13472405139156793 0.8012534417504764 -0.573720815485925 0.1033768733219536
125.320453296 -0.1347471770752702 0.8012506798909196 -0.5737135016936145 0.10340872409538703
125.360453651 -0.13475203503040922 0.801257372984204 -0.5737047314672302 0.10339918948294051
125.400470586 -0.13478713248054072 0.8012623342840314 -0.5736835782391655 0.10343235777108493
125.433815207 -0.13477297794286555 0.8012703457681191 -0.573675482056125 0.10343364393041266
125.473830981 -0.13463996079209978 0.8008979703117637 -0.5742103898228924 0.10352270440749375
125.513808152 -0.1346694133783909 0.8010118315540746 -0.5740583759656985 0.10344648758818045
125.547266706 -0.13466341700044857 0.8010630261621168 -0.5739883701529784 0.10344632988599725
125.587124223 -0.13466608643255787 0.8010279606991777 -0.5740364840660047 0.1034474083976728
125.620482459 -0.13466706154705835 0.8010509031641881 -0.5740093453356929 0.10341907242577983
125.653929012 -0.13461787348802104 0.8010396861334491 -0.5740275741285348 0.1034688045591418
125.693856259 -0.13452073552245516 0.801049090678079 -0.5740416484081288 0.10344424551998445
125.72736062 -0.13456014994127033 0.8010552946126113 -0.5740264528440909 0.10342926305507688
125.767125282 -0.13455320855345418 0.8010679751073186 -0.574007394214061 0.10344585401558949
125.800562707 -0.13455866580606524 0.8010739178617117 -0.5739931523704326 0.10347175754780986
125.840462683 -0.13460159395057703 0.8010813018424517 -0.5739732584247672 0.10346911306096215
125.873921949 -0.13413642486380367 0.8011142218215377 -0.5740966547061577 0.10313318658525068
125.913916723 -0.11923599250965396 0.7931617403155922 -0.5897903218731624 0.09393938478897165
125.947336896 -0.08825233313064239 0.7681196696839259 -0.6298563290806012 0.07405878380559773
125.987162022 -0.0508572972212552 0.7175332116745813 -0.6931542549344024 0.04579087605236541
126.020584549 -0.03176781850736651 0.6681667459154984 -0.7428000333329273 0.028144552591550354
126.060522296 -0.021029528186868634 0.6096618239794184 -0.7922354083271864 0.015273412159122101
126.093936738 -0.01645611563300928 0.5661312173824925 -0.8241108139958552 0.008124482652989888
126.133851702 -0.013890837492757125 0.5235088076082967 -0.8519003572356899 0.0033696189685459154
126.167212293 -0.013017906668964817 0.4972228056974969 -0.8675250318803811 0.000578499101937032
126.200587342 -0.012935667639977317 0.47936537450795325 -0.8775193047624958 -0.0011730280063965007
126.240500593 -0.01275156563745454 0.463439524907835 -0.886033004259092 -0.0025922366021253673
126.273864931 -0.012075771717568974 0.4520376573845308 -0.8919036308098287 -0.004903610096186139
126.313920388 -0.012120197204982135 0.4342591456094506 -0.9006383467693744 -0.011075360165271594
126.353840362 -0.012807699033802664 0.4162206118407601 -0.9090598099963606 -0.01437452516584352
126.393860614 -0.01091753365431205 0.40323736461447407 -0.9149035789680559 -0.015227489258675155
126.42720282 -0.010745817160614 0.3958706919946595 -0.9180988723098309 -0.016290589204720422
126.460736476 -0.009669382007758598 0.3922138398363035 -0.9195677247262851 -0.021679634087626604
126.500509524 -0.0058475741881643326 0.38950963218145146 -0.9204596631146233 -0.031655345407975134
126.547179959 -0.0009344586099135664 0.3866269155268443 -0.9211692005955436 -0.04434026219444178
126.580526684 0.0005420933029087249 0.38510656856963565 -0.9215898279751953 -0.04862947616437375
126.614057254 0.0009085258948452283 0.3841854757503603 -0.9218776048401335 -0.050421984266649254
126.653834981 0.0011205795184747655 0.3833088484739817 -0.922191895749295 -0.05133398871521864
126.687233783 0.0016852251277411716 0.38320966216327323 -0.9222095407701649 -0.05174048466588232
126.720630452 0.002370876011326351 0.38341909779781735 -0.9220049730315578 -0.053768058323908026
126.760518165 0.0028943901657204696 0.3836382214803565 -0.9219078880665023 -0.05384406602142063
126.793858729 0.002704281388462788 0.3836174945802504 -0.9218955137311825 -0.054212235486676016
126.833870364 0.0031806965389947744 0.38383953677396354 -0.9217660762340134 -0.05481235155352007
126.874262313 0.003581624547197009 0.3839971422262605 -0.9216893057160758 -0.05497445276022277
126.913877976 0.004303637054285653 0.3857297563865218 -0.9208212294822126 -0.05729133512989531
126.947236784 0.006031528794270428 0.38913054626487253 -0.9191618773266378 -0.06068345650485405
126.980617713 0.008288806589224037 0.3944015976504954 -0.9167157511012429 -0.06333172300630414
127.02057694 0.012083601783178084 0.40063067467799823 -0.9138334148690893 -0.06524981949167709
127.053965303 0.015184111632764162 0.40391746562843617 -0.9121052677620858 -0.06844051603311331
127.093890908 0.01504299252563987 0.4078796655743899 -0.9101180034581506 -0.0713660042887851
127.134046674 0.016582109571115413 0.4112244530254214 -0.9082101618286502 -0.07598542509778722
127.173877069 0.04032452302380839 0.4192742211830689 -0.9005552066320007 -0.10762611254815374
127.207385908 0.08129768037345679 0.4317178110919462 -0.8874393662023367 -0.1395055198415783
127.247243836 0.12674535416059413 0.4472028105456382 -0.8706573404212881 -0.16093805332896552
127.280748417 0.14602855386791544 0.4625740772325485 -0.8599488675056768 -0.15870989195196866
127.320548866 0.16737043094699836 0.47687983445727467 -0.8476422097909351 -0.16147893520010198
127.353913064 0.1867699091066123 0.484551335325484 -0.838189645636057 -0.16662869631338842
127.393916264 0.20976307842268346 0.4901934975463067 -0.827684697154772 -0.17506521067811187
127.427292043 0.23005206337958833 0.4945487881226133 -0.8175114729091929 -0.18485815092413507
127.467445475 0.25773887865239387 0.49723530941672045 -0.8045748172180748 -0.1974514649192716
127.50724907 0.27568982911372414 0.5074597939477359 -0.7925650416062886 -0.19575579294975953
127.540640108 0.27749679090411605 0.5177136903389685 -0.7869816346875331 -0.18875373516320718
127.574087953 0.2689371293293552 0.5243610462682863 -0.7855983074831184 -0.18855665701367713
127.614007967 0.2654519865114809 0.5251754882340556 -0.7829015722071656 -0.20196801145423515
127.653914335 0.24373061374308536 0.5409521000929713 -0.7821056774358204 -0.19046501687207343
127.687252253 0.2263298185953547 0.5543168788757162 -0.7782072432707364 -0.18947584946118956
127.72069571 0.211762089555573 0.5651269728762228 -0.7745742542952048 -0.1892697718544672
127.760583844 0.19499395161473668 0.574414123556317 -0.7728052480299263 -0.1865417436127953
127.794130664 0.1824663256341955 0.5799650940401609 -0.7713585286215532 -0.18802273805935185
127.833911567 0.16504244177578298 0.5855788404524996 -0.7708545273558545 -0.18879012601822032
127.867494415 0.14870166135109847 0.5874078027007207 -0.7727212393230173 -0.18905495374846587
127.907270549 0.13776132924465584 0.5868531065464714 -0.7749504705779594 -0.1899395052444349
127.940698746 0.123493679764938 0.5914196726811785 -0.7788270984484196 -0.16852427880343712
127.980766998 0.1040279569397656 0.5949257034011802 -0.7850847793920971 -0.13741717787238697
128.020863062 0.08231889359571769 0.5977928617453543 -0.7887606456967938 -0.11714921256010899
128.060593941 0.07985095152631132 0.595702999051503 -0.7904079970166777 -0.11839324606357943
128.094108241 0.08479371838675703 0.5956602799612333 -0.788737479791609 -0.12606365126646776
128.133964064 0.08995646751433137 0.5975075746957551 -0.7853534261242203 -0.13458279313674698
128.167442326 0.08631326829607174 0.5992951632415184 -0.7848320689755759 -0.13203768605549238
128.20732 0.08386466059516072 0.5996389561343068 -0.7862581651108093 -0.12327992044936058
128.240789836 0.08529122850829501 0.6000654481192623 -0.7857981157754862 -0.12315918786948174
128.280600074 0.08582208525675575 0.60179459323111 -0.783603588841009 -0.12823124734430275
128.314117569 0.08534082531316001 0.6033118818201069 -0.7822823156002356 -0.12948395842220514
128.353973232 0.08582475498602712 0.6050652732973965 -0.7811154979742864 -0.12801837878022862
128.39397022 0.08588828069709484 0.6068301158342404 -0.779824486997143 -0.12749189478214779
128.427322616 0.08523423980504473 0.607809186748968 -0.7789809117613276 -0.12842062131879364
128.460666526 0.08535465288244685 0.6084725604087601 -0.7783639301781016 -0.12893920528149708
128.50065602 0.08521440677142794 0.6090057861408743 -0.7779985323332975 -0.12871962170844134
128.534049332 0.08488528631927572 0.6092919954317425 -0.7778210580450156 -0.1286551752982854
128.573984324 0.08462838196093282 0.6093193160345041 -0.7778635049375552 -0.12843821767753041
128.607467545 0.08446909744597735 0.6093116050821619 -0.7778794912386691 -0.12848282608633363
128.647458151 0.08446050136087113 0.6093605599388403 -0.7778355709611935 -0.12852220138313666
128.687532294 0.08457834923547335 0.6094251861792682 -0.7777727665789227 -0.12851836000795816
128.7273255 0.08470714964960228 0.6095104369317895 -0.7776713400496919 -0.12864296690754323
128.761000982 0.08461739272550232 0.6097122538655513 -0.7775376576635884 -0.12855370570134597
128.80066761 0.08438655110695195 0.6099644651352781 -0.77737947528154 -0.12846560892124093
128.834076552 0.08505486476322532 0.6135406401100731 -0.7745959164126707 -0.12780735186305248
128.873998509 0.08754059770929716 0.6251235857051867 -0.7652503999122406 -0.1262892385832817
128.914153834 0.08998262293667501 0.6387213927126932 -0.7539582913088274 -0.12443876014838448
128.95402674 0.09135334552482952 0.6485718893466572 -0.7456970816792506 -0.12224947028833084
128.987514269 0.09272348461411767 0.6549102824230199 -0.7400794883871064 -0.12156162324637933
129.027334806 0.09369261220711121 0.6612636801542678 -0.7344778507978504 -0.1203923851994506
129.060868011 0.09428052613796382 0.6649711734865534 -0.7311776287846657 -0.11959847820059555
129.100830574 0.09519775756376955 0.6677715058657937 -0.728554704854938 -0.11927550017624905
129.140933491 0.09542182045911626 0.6695245474919472 -0.7270169822174594 -0.11865017510897276
129.1808457 0.09535576797689514 0.6704758551454404 -0.7261889104527318 -0.11840216009854444
129.220733233 0.09519038192406928 0.6684325152638085 -0.727986024622632 -0.11905087854100377
129.260696829 0.09214790003986029 0.6551979759661969 -0.7399688918466031 -0.12112149234282579
129.294047712 0.08657899516176797 0.6297764676058533 -0.7618655296545833 -0.12428432391421525
129.327425064 0.07574525791522532 0.5906864070100775 -0.7935038355550181 -0.12531515246112832
129.367338686 0.06344102050983566 0.5418432758899879 -0.8286730072813753 -0.12522838453289525
129.40072743 0.057470021582471546 0.5086212393653324 -0.8496727128256305 -0.12671981914963876
129.434250185 0.05317829192092636 0.48466732587698164 -0.8636715666155224 -0.1278322240889115
129.474076162 0.0491755429279745 0.46461187516943625 -0.8746936562498778 -0.12895184816628122
129.520721941 0.04419564240860345 0.44544770143011614 -0.8850066338323986 -0.12800917371565068
129.554058016 0.04271516870393289 0.4350006959710396 -0.8901933896180557 -0.12847388041007504
129.587417915 0.04193357052025874 0.4271890107239046 -0.893827050995706 -0.12970862611435593
129.627373145 0.04012554564793185 0.4211294110993506 -0.8967413425499136 -0.12998047643915073
129.66072517 0.03926155290515587 0.4177813876234577 -0.8982189984998994 -0.1308429339044781
129.694135925 0.03870531890656714 0.4155540593076392 -0.8993173052727697 -0.13055690911709047
129.727501385 0.0383335470271637 0.4142485033927154 -0.8999589835845193 -0.13039380535412906
129.7674697 0.0383905971948959 0.4131410904030532 -0.9004034209454521 -0.13082156174470091
129.807544494 0.038317933749945625 0.4121359296363285 -0.9009044187147571 -0.1305639299200195
129.847542774 0.03826981495419234 0.4109713228467131 -0.9014784894025364 -0.13028632393891423
129.88736758 0.03849326499864308 0.41005423243713945 -0.9018823352346669 -0.1303151886841922
129.920912346 0.038754887371956113 0.40955053267713293 -0.902068218426098 -0.1305348581576173
129.960739566 0.0381896888946128 0.40885573094684136 -0.9024334859330869 -0.13035467924364572
129.994224259 0.03862074764387851 0.406693513273943 -0.903419401728877 -0.13016223988608566
130.034059023 0.037842304545111144 0.40210685297919213 -0.9053934414580377 -0.1309227059705708
130.074281915 0.0366912386583201 0.3969707659269499 -0.9075141655304897 -0.13223465266936643
130.11406361 0.03665589994287167 0.3928126667424352 -0.9092216601406955 -0.132930532899979
130.147440792 0.036534012459655235 0.39057220199817155 -0.9102034841760892 -0.13284667234675115
130.180788398 0.03608114588270499 0.38954729068489635 -0.9106258349714133 -0.13308511530018777
130.220775197 0.03488426127185157 0.3894205340034139 -0.9108219648952345 -0.1324314323580213
130.254161987 0.03516409084754559 0.389657531781399 -0.9106055197686618 -0.13314684377685715
130.294065781 0.03392571591705522 0.38975662550138684 -0.9107105528841696 -0.1324579463176794
130.327479542 0.03510637363459664 0.3900157086986088 -0.9106686516405871 -0.13167344613727258
130.367430774 0.039020621866009395 0.39109367961793384 -0.9099367952651202 -0.13243169354326698
130.40759739 0.041106200477075416 0.393736821620487 -0.9086181021862381 -0.13302157705430495
130.447482378 0.03996695649779486 0.39780438659786244 -0.9068156047381141 -0.13356560708225132
130.480857717 0.036452645474856965 0.4008069322332012 -0.9057349972028251 -0.13292525175335465
130.520764205 0.03560000670930818 0.40315009522054407 -0.9046860970778502 -0.13321300987519918
130.554277262 0.036375953600252565 0.4059031761217697 -0.9036477202765323 -0.13168219034082845
130.594124169 0.03772714403538835 0.4080489554210192 -0.9025385070853797 -0.13227605909930243
130.627694223 0.037214615568867564 0.40949059762834455 -0.9020026597143275 -0.13161962129683402
130.667422447 0.03686153982444884 0.4110397724810339 -0.9011683521347915 -0.13260140810404322
130.707563646 0.035853002770703676 0.41274229325577166 -0.9001043577069388 -0.1347980221934642
130.747643639 0.03649925611564553 0.41561599989759296 -0.898563124478639 -0.1360715115640107
130.787431265 0.0390275954857825 0.4194633418787392 -0.8966640308639832 -0.13609176082802335
130.82082589 0.041052979541346755 0.42292553451651277 -0.8948422147836032 -0.13677008359241274
130.854278483 0.04155140463291327 0.42633569793008347 -0.8931530862150311 -0.13707267425736555
130.894108669 0.04212764818833186 0.4293631750329598 -0.8916145429758385 -0.13746283838813414
130.927444703 0.042259744982272314 0.4321779361180226 -0.8903462412675898 -0.13682074458017862
130.960950938 0.04357989145480696 0.4352185963238212 -0.8886826497456384 -0.13758166489681953
131.000832078 0.0457904145115322 0.4384986330082289 -0.8868546216022953 -0.13824278256540534
131.034212356 0.048112981149091155 0.44205034337774585 -0.8845918715941388 -0.1406195422910447
131.074179479 0.04793039365892187 0.44638816977503604 -0.88166841492845 -0.1452621263996525
131.107580606 0.051163747928473745 0.44953303962596886 -0.8787853037885827 -0.15178506852703677
131.147461376 0.052502619378600505 0.4532118898759094 -0.8772680494317402 -0.14914163496395774
131.180828419 0.05412497462175793 0.45505354267720055 -0.8760032190853757 -0.1503832456465226
131.214399114 0.05314486389044945 0.45624318841110945 -0.8757832053124354 -0.1483966096755822
131.25414988 0.05376447611503876 0.4569146131245401 -0.8754825281447667 -0.14788089915393016
131.294261433 0.05547497173673191 0.4575406774740839 -0.8746493211310041 -0.1502252342732026
131.334139538 0.05509915993144818 0.4587001586055486 -0.8753567985966165 -0.14250867419485702
131.3674845 0.05411382443544923 0.45999777754792665 -0.8755518877379492 -0.13741408419245577
131.401135636 0.054484191719615244 0.46087014028552487 -0.8748295810804694 -0.13893664279962664
131.440846407 0.05650574933596293 0.4625180848373782 -0.8728158792632608 -0.1451776924883643
131.474276328 0.056003187632380574 0.465155307458847 -0.871851363204754 -0.14272134877407042
131.514164372 0.055622406401619744 0.46768489711493944 -0.8709666524906953 -0.1399788382786269
131.554171309 0.05703382742894809 0.4697731425818527 -0.8693790587744052 -0.14226872179823724
131.587634062 0.05702771514791935 0.47315969309552725 -0.8677440694022115 -0.14102473028530874
131.627666737 0.059300485628499607 0.47708883550246123 -0.8650206974799335 -0.1435579617243813
131.66749564 0.062161006736175854 0.4808371717454152 -0.8621860840042589 -0.14685632454482972
131.700955827 0.06128272463565896 0.4846279060686042 -0.8603352900552264 -0.14561390389100862
131.734305077 0.06007398167183872 0.48679585810560844 -0.8595118418560534 -0.1437369227670138
131.774173424 0.06044206846046666 0.48775385047206316 -0.8589357487281535 -0.1437787093651306
131.807615828 0.06024853503142459 0.48730575895745337 -0.8596438284943325 -0.14112299403383508
131.847485518 0.060927040465291835 0.4866570500992425 -0.8596214805593827 -0.14319120604890115
131.880905951 0.0622183984486873 0.4873789613943866 -0.858805391146641 -0.1450652233378979
131.92096754 0.062310686059266124 0.4879977237602665 -0.8586588803306467 -0.14380725724713092
131.960851206 0.062470333032257054 0.4875097975228638 -0.8586788432500417 -0.14526630361107773
132.000862671 0.06319093464864152 0.48712793910702135 -0.8586511106998966 -0.14639517346351025
132.034210939 0.06229511732312012 0.48784889493376266 -0.8585845602388359 -0.1447595488701529
132.067762188 0.06155077393040437 0.4879697582940357 -0.8585732891492963 -0.144737432540402
132.107529856 0.06157304716490378 0.4882884324134159 -0.8578222467414321 -0.14806809119306852
132.141039286 0.0651569471482348 0.48816057346123204 -0.8568216367585567 -0.1526777964823674
132.18102342 0.0644023587489095 0.4873402334915386 -0.8577481578821331 -0.1503992375572316
132.221183815 0.06503339819914589 0.4849035156817206 -0.8585676114510631 -0.1533000135857628
132.260852697 0.06747791199593205 0.4825388809571268 -0.858908418470843 -0.15773169762995742
132.294190025 0.06825251544563164 0.4805186154170957 -0.859589074887247 -0.15984391357655195
132.327643249 0.06849421041143385 0.4793109530176851 -0.8596328440832026 -0.16309790566042487
132.367516285 0.06871282411684544 0.4793341231247403 -0.8589097389417247 -0.16670754800302842
132.401025625 0.06710014983513021 0.48020452063638597 -0.859280807557813 -0.16290390423582413
132.440867072 0.06577017390142555 0.480168901170608 -0.8602050467685087 -0.15861711158502043
132.474208366 0.06731909127203066 0.4816793696712493 -0.8587826365412399 -0.1610760936908162
132.507561774 0.06619977832708263 0.48336129516553267 -0.8584021772474582 -0.15850914731386107
132.540907868 0.0699276939893899 0.4843681455274027 -0.8568152860663125 -0.16237359013944988
132.574444168 0.06918699640845775 0.48616846413172893 -0.8560891295211188 -0.1611359250060174
132.614220563 0.0709253444303928 0.4880991353847821 -0.8541230978148383 -0.16493199608700032
132.654610788 0.06847684706505966 0.49147436821092677 -0.852847517267779 -0.1625268565434167
132.694217074 0.07005374527817601 0.49284017464623125 -0.8513921200387095 -0.16532541535760395
132.727691007 0.06754202899165723 0.4937949898062654 -0.8516078286761842 -0.16238438502317581
132.76754672 0.06941204698192328 0.49272787212468044 -0.8515637101924394 -0.16504683955941368
132.8009226 0.07119546514890546 0.4926808991090438 -0.8514126751522715 -0.16520651919760243
132.834358903 0.06957320940255397 0.4934630044690968 -0.8512632081093602 -0.16433131860093125
132.867736877 0.07040384360042326 0.49251667622473994 -0.8514666268466483 -0.16575646537379027
132.907911638 0.07056349401958315 0.4930127299972772 -0.8510401468858824 -0.16640285382419384
132.947549533 0.06969465114552736 0.4930374480301644 -0.8514902346392302 -0.16438099268356632
132.981061548 0.07110660958447242 0.4931301716439759 -0.8516023983620317 -0.16291052449679186
133.021050571 0.07272706069207062 0.4940722508906192 -0.8509556520531368 -0.16272020090262293
133.061130435 0.07158470358338145 0.4963220877197022 -0.8498932673531703 -0.16193038492570896
133.100913772 0.07238056794006473 0.497874713380205 -0.848929621298785 -0.1618651328815253
133.134248334 0.0727014700709303 0.4986882162856106 -0.8485048279811318 -0.1614438480714321
133.174359547 0.07297697761689473 0.4990457640873414 -0.8481089552082015 -0.1622925943474858
133.214403633 0.0730665381228985 0.4992563852797758 -0.8480226264745885 -0.16205544653373313
133.25425065 0.07252760863597825 0.4991546632951954 -0.8482356627414238 -0.16149497995239295
133.28760536 0.07067865971899918 0.498978472400424 -0.8487495296292471 -0.16015382323065874
133.327778939 0.06856395323402895 0.4969576011843577 -0.850708451351449 -0.1569307418615938
133.367710645 0.07074069255711844 0.495527671743041 -0.8508029924804696 -0.15994483092534767
133.407597226 0.06927084490904686 0.4939049537247745 -0.8519889456857695 -0.15929307317321173
133.440960001 0.06915992167933814 0.4923535946190594 -0.8527705857973658 -0.15995990465681145
133.480991594 0.0692173043379221 0.4909169480816742 -0.8534919646144923 -0.16050227788059762
133.51443987 0.067993647057953 0.48975586160189816 -0.854357671607515 -0.15996571180014302
133.554262611 0.06846328077959424 0.4887307778170076 -0.8546187666776426 -0.1614985128156365
133.587613865 0.06938174578530586 0.4887044650059074 -0.8541117249841197 -0.16385139755194159
133.62104085 0.06991124513933647 0.48953953674870054 -0.8533054121212661 -0.16532795712610615
133.660943481 0.06987051433512018 0.4914756325858724 -0.8521555662276971 -0.1655315823280124
133.694705615 0.07066391917693217 0.49214260127949083 -0.8517242385835456 -0.16543304368139922
133.734281654 0.07022569137960599 0.4929445783470965 -0.8516124234279964 -0.16379949698199497
133.767630954 0.07089833381592123 0.49340091626907295 -0.8510805622212971 -0.1648964484033732
133.801060554 0.07078051403098577 0.4940031728487574 -0.850913653763066 -0.16400285939110718
133.840973825 0.07076982471685112 0.49469349228105153 -0.8508014158555406 -0.1625020965481086
133.874468317 0.07214548563834661 0.4952401588956117 -0.8498262230609396 -0.1653106303812141
133.914316486 0.07164240241064612 0.49648832528975645 -0.8494996409588699 -0.16345356844852044
133.954432338 0.07161043035496426 0.4972467863592008 -0.8493276062502272 -0.16204998297156187
133.994302798 0.07208077203220944 0.49724406179684305 -0.8490491985807495 -0.16330389983220014
134.027752136 0.07182581922140763 0.49756110317576197 -0.8490372198789959 -0.16251092135557585
134.067630191 0.07188592077303363 0.49777591830345735 -0.8489231149419864 -0.16242257992335354
134.10117662 0.07172298767637722 0.49785749055319567 -0.8488292520593569 -0.1627348548627538
134.140996456 0.07121016038972802 0.4978619110446373 -0.8489976762498156 -0.1620665798697071
134.174421829 0.07148056072125894 0.4977403866584621 -0.8489876239860406 -0.1623731851217939
134.207771309 0.07141351946988114 0.49768472836190336 -0.849013278083238 -0.16243913946650207
134.247688908 0.07134445252910467 0.49770912238924164 -0.8490612412548452 -0.16214378551962688
134.287806152 0.0713558211222979 0.497644239730595 -0.8490629647466305 -0.1623288001267267
134.321252484 0.07132935216842845 0.49767250659872525 -0.8490775457980608 -0.16217743652097805
134.361000395 0.07143840124954093 0.4976199298434331 -0.8490799890240913 -0.16227794825044878
134.401090037 0.07130035522700102 0.49762336757540004 -0.8491177874704089 -0.16213027597823693
134.440997547 0.07045973785295903 0.49772752441826207 -0.8494497422473002 -0.16043027200050491
134.474656918 0.06831509001877288 0.4979944672640123 -0.8501778071828789 -0.15662776006784612
134.514322214 0.06323667171878941 0.49872616103607337 -0.8518297107286251 -0.14717161264366638
134.547725926 0.05870105911745101 0.499251869246204 -0.8532433874690419 -0.13884335941274048
134.587794248 0.05392076723628163 0.4985999263189975 -0.8552448180896316 -0.13056402822437008
134.627790335 0.05137716760707283 0.4970865349734004 -0.8569480582599008 -0.12611656846504557
134.667714867 0.04933129282906423 0.494526577107502 -0.859302263986107 -0.1208697943677486
134.701406649 0.049474201391326036 0.4920691777668536 -0.8605868693719692 -0.12169826602337538
134.741028233 0.04886487643318238 0.48975905716648716 -0.8619774116554696 -0.12142170963341099
134.774529548 0.04754252094889955 0.4881517148715716 -0.8630020022895268 -0.12114105833298124
134.814349164 0.04510144673055592 0.4865529098555617 -0.8638207875092381 -0.12266121017182256
134.854352754 0.041982322108834624 0.48644320065685015 -0.8636076066230632 -0.12566781190047874
134.887708185 0.03947576149100563 0.48846556673297903 -0.8627016891476735 -0.12485531591680743
134.934347251 0.03958095895780576 0.4911594665538034 -0.8612182346454652 -0.12449449151152232
134.967694698 0.043521344311691676 0.49228953919261054 -0.8605399658612313 -0.12340125342305591
135.001180343 0.045858518651599976 0.49191367056045926 -0.8614519882954175 -0.11755172837814373
135.034526197 0.04681335919027471 0.49091226859811504 -0.8620329418821545 -0.1171019259071878
135.074422947 0.04408371763569069 0.49078052954173695 -0.8621995100856411 -0.11748660549283568
135.114376423 0.04383669945327368 0.4910897368954403 -0.86203616353843 -0.11748560273052992
135.147797047 0.044251037835009464 0.4913188962762504 -0.8619812955739815 -0.11677257337667965
135.187717882 0.04360365808281675 0.4915375083390071 -0.8622568007665544 -0.11402985762292202
135.221083423 0.041168300213196375 0.4919159163321658 -0.8624795238594953 -0.11159289063260354
135.261148258 0.03765663973023073 0.4909986382587058 -0.8632859807507176 -0.11063286198772869
135.294598848 0.03767462165719567 0.4906162000955486 -0.8637708383181413 -0.10851868944088452
135.334372036 0.03845604040399482 0.48971001606454045 -0.8647186228128366 -0.10472314206127004
135.367930328 0.03825151744747436 0.4884942489843023 -0.8653794292709589 -0.105017301036055
135.407724215 0.03690607771634956 0.4879687400594386 -0.8658875119402758 -0.10374616531842293
135.441057695 0.03827435566144863 0.4877716180778887 -0.8659018724416496 -0.10405704972958005
135.48119159 0.038249478713021354 0.48739276017725547 -0.8660093270488682 -0.10494341413040223
135.521257027 0.03733750645962665 0.487017521345764 -0.8661355602763474 -0.10596714461748685
135.561085599 0.03776689969229271 0.48563514045450035 -0.8668105292515426 -0.10663807022837131
135.594421894 0.03592742095746366 0.484817854579259 -0.8675034752196927 -0.10534983999164725
135.627857095 0.03136915668120668 0.4840297474946874 -0.8689546927199018 -0.09822892419954586
135.667753325 0.031702478922356205 0.48244454278409643 -0.8697717453801147 -0.09868802818199726
135.701467048 0.031175363644381213 0.4816473419525198 -0.8706355796748823 -0.09506640887240357
135.741063896 0.027948506047124486 0.4806371838116165 -0.8721967343446861 -0.08648488391526704
135.774416522 0.02704497056197815 0.47934559778761715 -0.8729491856481634 -0.08634863476130977
135.814455168 0.026887903278676586 0.47801431979307346 -0.8735274201046471 -0.08791585212782181
135.854483635 0.025935133489368847 0.4769885463468574 -0.874207731844724 -0.08700653474138316
135.887834217 0.025805950932165193 0.4764785007239707 -0.8745273461547085 -0.08662685537364595
135.927789928 0.02544979794871368 0.4766465381295788 -0.8744539880982912 -0.08654829965083814
135.961228245 0.022077591296533014 0.4779227502291643 -0.8737721725279798 -0.08731904312158736
136.001249358 0.014007513236333912 0.4784510293551484 -0.8737736891604613 -0.08606940346517317
136.041104701 0.011057787369946151 0.4792857869724603 -0.8739154036922047 -0.08021674971077665
136.074455934 0.014780528135334472 0.4792399079890828 -0.8745102783968712 -0.07309185698067112
136.107918857 0.01712770422112018 0.4781644402344745 -0.8755255133636586 -0.06723455430556109
136.147797193 0.0175303355857453 0.4765446457222002 -0.8762871501283163 -0.06869292895012978
136.181312434 0.01899900793215562 0.4755682682863056 -0.8766164202603058 -0.07083439578880413
136.221108265 0.019172449877004675 0.47418014586347396 -0.877327889237565 -0.07128380742193448
136.254655546 0.01634576444599983 0.47272187572169616 -0.8782631219905895 -0.07014793475349153
136.294594645 0.015691886263526 0.4719940323809892 -0.8788376901235453 -0.06796846710451537
136.328044393 0.014918379220708584 0.4715400178444743 -0.8792645232674742 -0.06573698849111607
136.367797144 0.01301986875226284 0.47080551345008226 -0.8798016415907118 -0.06420064623480712
136.414434867 0.011880232964644036 0.470326976422663 -0.8802486650753983 -0.06175502365638784
136.447859308 0.01204760414451958 0.4697656261219901 -0.8806100617120523 -0.0608360991524521
136.487786866 0.008672419781651274 0.4695431717912816 -0.8809645743033797 -0.0579259681125734
136.521120576 0.0023205436503378443 0.4703204027162693 -0.8806704976712971 -0.05668164074339067
136.554495264 -0.00336337125607938 0.4712790436445563 -0.8802584741209216 -0.055043341954981485
136.58795468 -0.0026450239598935364 0.4714602128376192 -0.8803139961045193 -0.05258840006932108
136.627825331 0.0009075369557131654 0.4700825475426945 -0.8810270227835278 -0.0530373453109927
136.667928839 0.0011682934335772983 0.46848386790722124 -0.8822218877435333 -0.046968514851748
136.707798118 0.0038971960464782808 0.46606004232377934 -0.8835982402282845 -0.04502220205199969
136.741336602 0.007002025515549742 0.4651621672162432 -0.8839363034624524 -0.04724130872977999
136.781131291 0.009061752373019911 0.464594454444067 -0.88415802846281 -0.04831623172916588
136.814468037 0.009132501196344676 0.4638083189677994 -0.8845794277880382 -0.04814225391846286
136.854646516 0.008380635481900805 0.46283133119469594 -0.8851019959080433 -0.048076820330210615
136.894763128 0.008965925444074064 0.46145377234937757 -0.8855926523402737 -0.052016173315412154
136.934488668 0.007588250795722653 0.46077633489618225 -0.8859519523026882 -0.0521222204108539
136.967933416 0.007464242115536277 0.4602441676705695 -0.8861986243430126 -0.05264588708927942
137.007805911 0.007126489081554941 0.45961708693576064 -0.88656809233329 -0.05194578141260763
137.041344145 0.006639240440041973 0.4592646450632352 -0.8867702658360963 -0.05167593163455384
137.081201041 0.005934570581193789 0.45929700525258516 -0.8867395019949542 -0.05200093691236706
137.121301182 0.0054913514757454355 0.459231684986094 -0.8867706280156713 -0.05209566059178924
137.16114348 0.005355633372791296 0.4588882561139976 -0.8869389191977675 -0.052270825554286054
137.194498421 0.005182670658566341 0.45868425853667 -0.8870595236694588 -0.05203164770428455
137.234504145 0.005238657670214816 0.4583011628649586 -0.887284813059716 -0.051558327125948135
137.267850189 0.005323790973985162 0.45855872395901565 -0.8871360232593494 -0.05181920653900358
137.307862576 0.004958515332488182 0.45868580801704717 -0.8870946166066707 -0.051438155457890836
137.34785749 0.00502634161560418 0.45860815846835484 -0.8871298538698493 -0.05151616492992778
137.381385175 0.005044974670462996 0.4585208209040657 -0.8871648064185638 -0.0516895664554099
137.42119962 0.00494954783363821 0.4584036783755515 -0.8872360618615827 -0.051514465544703486
137.454634641 0.004974390794834562 0.4581343782743272 -0.8873703984993877 -0.05159382469301603
137.49452015 0.004978534420002805 0.4577892700990611 -0.8875482658450605 -0.05159723028054206
137.527859641 0.005014543198258768 0.4574304252232489 -0.8877336017783307 -0.0515879124433478
137.56128852 0.005070528116034788 0.4570820896505452 -0.8879079775403305 -0.05166891217700977
137.601218262 0.005072791388064605 0.4569173213629149 -0.8879900650607135 -0.05171530314657137
137.641359201 0.005022143704473916 0.45666376548500726 -0.888132231598116 -0.05151817700789087
137.681451728 0.005153884117429694 0.45648899121191794 -0.8882062327507502 -0.05177766394450157
137.721181745 0.0051304551633675494 0.456564569257374 -0.8881720168047367 -0.05170049413353646
137.754574557 0.005189313112044003 0.45676577306265237 -0.8880645078508023 -0.051764171814248444
137.788209963 0.005209389265202576 0.4568958243119502 -0.887990608952596 -0.05188204315353035
137.827870571 0.005132238649540427 0.456976196742774 -0.8879617826717766 -0.05167483189439833
137.861490247 0.005302331327130032 0.4570254417088285 -0.8879287287282078 -0.051789995293071246
137.901342715 0.0053426814078646485 0.45704497723860904 -0.8879200607239092 -0.0517620546383468
137.941532665 0.0053893135152694085 0.45702824079118226 -0.8879305984240755 -0.05172421871246336
137.981313578 0.005387728453671584 0.45703161801887393 -0.8879277942109262 -0.051742678524392564
138.021325393 0.005458288918711452 0.4570376972965219 -0.8879311347119747 -0.05162412557204297
138.061351256 0.00545611341924868 0.4570442666493096 -0.8879342505774946 -0.05151248198965132
138.107918848 0.005586353337004276 0.4570504999122056 -0.887937910206035 -0.051379965018831776
138.147897091 0.005616493056006159 0.4570560741552035 -0.8879415498446224 -0.051264062881466774
138.188020306 0.005726184995376976 0.45704735426455173 -0.8879472689259214 -0.051230599959101814
138.228013777 0.0058715863017127345 0.45706902618776424 -0.8879398609266654 -0.05114912659669261
138.267898254 0.005976174160899708 0.45709074749482914 -0.8879222035702277 -0.05124933466893004
138.301441418 0.0060805974025870315 0.4571102627764018 -0.8879092502479023 -0.05128739927043004
138.341266914 0.006021266169610023 0.45706226147461887 -0.8879473557866063 -0.05106199017856395
138.381325718 0.006169305302183093 0.45711204352599766 -0.8879221701004323 -0.05103664545906238
138.421235353 0.006196424828280548 0.45712059718366777 -0.8879258629185861 -0.05089229715859501
138.454576918 0.006260954725378088 0.45710923906093737 -0.8879342008907245 -0.05084091757244568
138.488063014 0.006370830236194053 0.45711400765438853 -0.8879267970683828 -0.05091364823039417
138.52790934 0.006489975595734331 0.45711804349877017 -0.8879301028053475 -0.050804596806862695
138.561304045 0.006554966260061313 0.45714231860098636 -0.8879218011094636 -0.05072285555811931
138.601266709 0.006542844304181157 0.4571459045654921 -0.887925634619764 -0.05062490012334222
138.634791147 0.006667589867406572 0.4571440287508277 -0.8879275453318972 -0.05059203952890103
138.674780761 0.006693413095691108 0.4571598356208696 -0.8879251234800533 -0.050488196731138364
138.714845356 0.006781879394895913 0.4571277217730013 -0.8879456569389033 -0.0504059760528288
138.754592506 0.006869787085733121 0.45716671256528646 -0.8879264841394379 -0.05037818686120031
138.78809354 0.0068991827872817825 0.4571612438093968 -0.8879302725021453 -0.05035702145459918
138.827915761 0.006892667614224482 0.45714636394084307 -0.8879409146413085 -0.05030531954756252
138.86129163 0.006933670979079889 0.4571356481160468 -0.8879473833869108 -0.05028287744962645
138.901264994 0.006973348221516262 0.4571527610900253 -0.8879451326416009 -0.05016140807869412
138.934613452 0.006996648374766692 0.45715865418633406 -0.8879447564974354 -0.050111088820438326
138.974729203 0.006994768386764607 0.45716669403503485 -0.8879433707048829 -0.050062535908034195
139.014753232 0.0070436397768578254 0.45716232754324587 -0.8879491838604967 -0.04999240237689862
139.054596773 0.007135101799951978 0.4571819138991314 -0.8879388247547839 -0.04998431172802495
139.094649926 0.007210699904170016 0.4571899218229057 -0.8879376153754015 -0.04992166255147234
139.128010257 0.007244604916641865 0.45718405656852157 -0.8879416292092043 -0.04989907049691841
139.168093006 0.007244166674340848 0.45718607902591635 -0.8879432063988789 -0.04985251652806377
139.208235877 0.007324590144411212 0.4571971106059939 -0.8879402220977511 -0.04979271446449932
139.247942932 0.007473810944939179 0.4571815350994735 -0.8879518362079498 -0.049706364672728605
139.281314583 0.007591868167065579 0.4571850228760638 -0.887950883412599 -0.049673403772362824
139.314822471 0.007603367725188018 0.4571793916098876 -0.887954877868594 -0.04965206497034109
139.354642246 0.007646784698276625 0.4571977265776014 -0.8879438041027525 -0.04967460368824018
139.3947436 0.007691666598580778 0.4571800619375405 -0.8879563999325973 -0.04960505065478915
139.434638086 0.007730280430805304 0.45718308560232623 -0.8879567823122648 -0.04956431931587595
139.467992566 0.007763296473934097 0.45717592471948393 -0.8879614181092254 -0.04954215411339982
139.501366402 0.007709232319602459 0.4571643036580303 -0.8879713184140484 -0.04948034834080299
139.541349824 0.0077116458347154014 0.457158001700979 -0.8879762262181468 -0.04945011294897458
139.574927813 0.007725502503121506 0.4571672186536464 -0.8879729133639408 -0.04942222102980189
139.614706522 0.007677080934389366 0.4571837144015902 -0.8879708581811139 -0.049313981135054225
139.648085187 0.007714918300622224 0.4571950974011001 -0.8879658842130317 -0.049292103036714684
139.687991054 0.007773086907375199 0.45719819531958933 -0.8879646649920563 -0.0492761914314264
139.728133635 0.007820677762034085 0.4571946592145275 -0.8879681921655169 -0.049237894830690215
139.768208409 0.007797033974909585 0.457191581425179 -0.8879722529274978 -0.04919697313861561
139.807979273 0.007827442354442812 0.457199278067749 -0.8879699456724619 -0.04916225038545534
139.84133251 0.00783523392293159 0.4571942341341112 -0.8879725857707974 -0.049160230913006746
139.874716996 0.007870825475903537 0.4572026460648458 -0.8879700972849712 -0.049121246577729434
139.914826556 0.007918111120414503 0.4572031837422863 -0.8879679521944085 -0.04914741262640949
139.954671298 0.00798561101796045 0.4572045557886704 -0.8879690886193145 -0.049103175450659155
139.988408866 0.008033530242710366 0.4571946251785521 -0.8879738444879784 -0.04910181875371014
140.028001476 0.008068356827025107 0.4571931893984593 -0.8879752286039005 -0.049084443275106686
140.061434924 0.008019210017363089 0.45718490529212114 -0.8879837128630558 -0.049016123201183474
140.101347584 0.008029858209558722 0.457202287563161 -0.8879734896065931 -0.04903744875130507
140.134698987 0.008034224580036383 0.4572011208523548 -0.8879752112792271 -0.04901643071828399
140.168153815 0.008015261183494635 0.45711412661230655 -0.8880233366505984 -0.04895900737929919
140.208003136 0.007974196575364072 0.45695987449277214 -0.8881023397284805 -0.048972639926047154
140.241441132 0.007948004579177196 0.4567262960306887 -0.8882275290853179 -0.048885338418465214
140.281335498 0.00812162508858125 0.45648420410800356 -0.8883398299086008 -0.04907705373961664
140.314705727 0.008039910454711098 0.45637232680751133 -0.8883970499655491 -0.049095221526010445
140.34817906 0.007968874869855272 0.45648096929123433 -0.8883439331296952 -0.049057906395480376
140.388011559 0.008042700954140149 0.45667848546676293 -0.8882414360186269 -0.049063501839081064
140.428018456 0.007986959864885426 0.4566506004416022 -0.888258497585216 -0.0490232501584279
140.461395388 0.007962867382939862 0.45660041417146024 -0.8882825112824684 -0.0490595013346444
140.501363021 0.007985358823755237 0.4565312068953369 -0.8883162916537609 -0.04908825885742276
140.534759208 0.007975333401762897 0.45650322055097226 -0.8883264850661516 -0.049165634479150226
140.574883305 0.00796230532495093 0.45646386276415485 -0.8883452224792069 -0.04919460725229572
140.615040995 0.007938095844574132 0.45637414222618355 -0.8883937087844147 -0.0491553367799466
140.654724695 0.008060229094410887 0.4564232048134255 -0.8883562345714004 -0.04935677575480628
140.688188941 0.007931621123481242 0.456445530976977 -0.8883567866871442 -0.04916081960658205
140.728049843 0.007922529074685278 0.456471947542074 -0.8883419049262951 -0.04918591863661903
140.76828572 0.008050422631392912 0.4564886379094596 -0.8883291008578097 -0.049241473619069526
140.808075619 0.007985304377125007 0.45646090385622323 -0.8883446226631684 -0.04922915345806191
140.848098266 0.007966391297815456 0.4565027419427805 -0.8883222147860178 -0.0492486134431955
140.881485657 0.007921746463977562 0.4564983783711083 -0.8883274010962187 -0.04920269239733655
140.921599414 0.008068786458069138 0.45651156337246007 -0.8883162627548032 -0.049257532598232394
140.961583789 0.008012734947969231 0.45651783140362834 -0.8883120779559853 -0.04928405266109084
141.00174768 0.00796856008102313 0.4564637300894177 -0.8883406408920468 -0.049277488801659955
141.048093776 0.00794615926891678 0.45611495025776194 -0.8885257883909083 -0.04917249300723889
141.088086747 0.0075202284631177676 0.45437442450711696 -0.8894602062236567 -0.04845482496365612
141.121429194 0.006159662162519955 0.45139818112509383 -0.8911308637921371 -0.04568943243333304
141.16152095 0.0043230667819911615 0.44721111745461534 -0.8934415507621082 -0.0417818488149127
141.201398604 0.0010654223567401876 0.4426690648609332 -0.8960360071732503 -0.03409454119602564
141.234878078 -0.0017243395440235453 0.4382758408276298 -0.898401075348755 -0.02805034424336629
141.274787111 -0.0015831328992400515 0.4325090741539474 -0.901186419941733 -0.028221108718848326
141.308188829 -0.002543186343436172 0.4268531602413114 -0.9039433537913518 -0.026006247935271697
141.354769586 -0.003968085983450232 0.4197108330976675 -0.907357667516567 -0.023002914445454062
141.394781783 -0.003895616956984783 0.4146337963449402 -0.9096466587934038 -0.024629154331892153
141.42819343 -0.0036450199365152124 0.41159329381081694 -0.9109885067988803 -0.026031035322695118
141.46807459 -0.0034629035102031664 0.4094304653145268 -0.911912407794149 -0.02775721316499428
141.508089673 -0.0035870868979727554 0.4084695924639243 -0.9123254389976165 -0.028319925807602373
141.541475681 -0.0033084962593766076 0.40823635184345153 -0.9124197740432368 -0.028675613697701604
141.57485655 -0.0031352056946278174 0.40794652472176607 -0.912556166311451 -0.028478883047503928
141.614760303 -0.0032879379565199 0.40736624678250066 -0.9128153270240705 -0.02846241725981989
141.661457519 -0.0031043782216876106 0.4074568423808217 -0.9127876996632107 -0.028069552480418057
141.694999239 -0.0036495259560395976 0.4077347159886763 -0.9126764332555112 -0.0275827938745944
141.734828964 -0.00415905405636281 0.4088759526485647 -0.9121797132260001 -0.027043084033020342
141.774791958 -0.003927677527359141 0.41008035635039725 -0.9116441297440452 -0.026900843629799873
141.814925322 -0.00423955386205183 0.4111760373144683 -0.9111731837734607 -0.026071472792251048
141.854801634 -0.004275761175302343 0.4122297407680789 -0.9107022094711583 -0.0258813515297206
141.894815343 -0.004472610453514404 0.4129734852885512 -0.9103751601165482 -0.025494392464363948
141.934818303 -0.00512770506115715 0.41347854468142947 -0.9101892520118768 -0.023763948556441837
141.974823246 -0.00497904799076961 0.41368621251450155 -0.9100865588129766 -0.024111866880577964
142.014832818 -0.0052140310169460444 0.4143987951169502 -0.9097725220116897 -0.02367299471262596
142.048272677 -0.005139666484796533 0.4151779945522065 -0.9094166070931801 -0.023711841159252692
142.081679024 -0.005227600656843231 0.4157166569673521 -0.9091729834672753 -0.023597021940803976
142.121491296 -0.005256611804577822 0.41660207923932485 -0.9087692713339844 -0.023526306231665944
142.161538849 -0.005171239468676704 0.4175175328505317 -0.9083494144349842 -0.023531029309917188
142.20146256 -0.00542886392599805 0.41897352688058215 -0.9076777329577818 -0.023512641330594643
142.241466851 -0.005390993193392699 0.42070284244519274 -0.9068771227403847 -0.02353592575288333
142.281503133 -0.005376412501649251 0.42194898855345436 -0.9062889299773242 -0.02388557405393231
142.328150886 -0.005728996772033031 0.4233205170537888 -0.9056628652650922 -0.023274297349702752
142.368139498 -0.005667317862363612 0.42412871744925573 -0.905273750281658 -0.023709694094999637
142.408234199 -0.005678642686513328 0.42490239848231154 -0.904912407744387 -0.02364823654047487
142.441609137 -0.005755034006159699 0.4254989677262425 -0.9046413302565519 -0.02327169179810778
142.481673041 -0.0056082290308397155 0.4258737294493401 -0.904453707969969 -0.023740355334787768
142.521683815 -0.005582768243989991 0.42597334322768937 -0.9044134354526608 -0.0234921546664953
142.561611102 -0.005530218331031926 0.4258565658478368 -0.9044709603140927 -0.02340692115595748
142.601480521 -0.005386863633857579 0.4257789056717382 -0.9044987185841137 -0.023777579037061083
142.634837195 -0.005502482037780477 0.42604580615768306 -0.9043779952633385 -0.023561312152309097
142.674845625 -0.0054187026142766175 0.4263326023995165 -0.9042438468783465 -0.023541775121757064
142.714814019 -0.005416478918057051 0.4263662661525652 -0.9042293952553123 -0.023487647806075734
142.754863796 -0.005518174388410225 0.42654684568515155 -0.9041438348117941 -0.023479015296426032
142.788291443 -0.005453285403928112 0.4268097895918892 -0.9040192369462015 -0.023513494381699335
142.828273203 -0.0055414101379247065 0.4272146502851135 -0.9038294660916765 -0.023435690301045465
142.868421124 -0.005498401145550278 0.4271951282596984 -0.9038324946656939 -0.023683571572099982
142.908190625 -0.005460413668953272 0.42721840596654137 -0.9038287486358418 -0.02341389812354467
142.948179719 -0.005406889680519203 0.4271531992618444 -0.903859543349743 -0.0234272448219509
142.988215289 -0.005419106732777162 0.4271919425399532 -0.9038399215016731 -0.02347496136332473
143.021765065 -0.005465807780289707 0.42723838290675215 -0.9038199335264602 -0.023388391923294238
143.061607003 -0.005451614709186968 0.4271986624341855 -0.903835329823045 -0.023521889277286913
143.101760294 -0.005439548316031907 0.427224999883838 -0.9038264165337828 -0.02338844937299202
143.141615737 -0.005398748864396983 0.42724655111642784 -0.9038162021624864 -0.023398948232693968
143.181513258 -0.0053897400945649675 0.42725248326783666 -0.9038132772032839 -0.023405687219992314
143.214857148 -0.00537735948782408 0.4274000962194211 -0.9037457963690937 -0.0233190330365737
143.254868543 -0.005181825586397415 0.4274443960107476 -0.9037204964315182 -0.023530859146442616
143.294852386 -0.00530717476231926 0.42756092620244934 -0.9036700740746448 -0.02332135293827861
143.334929755 -0.00522806538928359 0.42770816795700456 -0.9035995340833278 -0.023372470976358948
143.381519429 -0.005279151536855175 0.42829973680133604 -0.9033207664645063 -0.023303623944227195
143.41498146 -0.005217033176552179 0.4289301801417406 -0.9030223841617568 -0.023286408723227358
143.455065792 -0.005191677271788196 0.429827393907813 -0.9025902189996502 -0.023502223292423165
143.494916957 -0.00537706314202917 0.43098971888797155 -0.9020452633574516 -0.02309312146981874
143.534919475 -0.005179035757676106 0.4320487613891327 -0.9015230428399589 -0.02373285906330368
143.574909721 -0.004999364552098546 0.4335296195246589 -0.9007982054880067 -0.024283087498633435
143.614905036 -0.00464764382454054 0.4351198425329457 -0.9000108345671863 -0.025092223948096674
143.654909037 -0.004338439021839269 0.4366342060420104 -0.8992588382261587 -0.025793214864694453
143.68843088 -0.004336552716599369 0.4379116617168392 -0.8986320541524939 -0.02598080238564876
143.728230008 -0.004053860094009896 0.4391229353743669 -0.8980254910286358 -0.026548659275284783
143.761574999 -0.0035510524331728416 0.4400339271374253 -0.897552027026796 -0.027529834266145504
143.794981136 -0.016935077302658714 0.4405058031828744 -0.897585868837864 0.0027292089587159602
143.83503463 -0.040267290087479 0.4394984777288348 -0.8956732596775201 0.054672162218935165
143.874906724 -0.046046729252745784 0.4395816001893553 -0.8944593028946166 0.06775153847232109
143.908272555 -0.04680131945509843 0.43967556225439447 -0.8942552985375821 0.06930005404762608
143.94823055 -0.04849966807006965 0.44018904712483825 -0.8936104441053813 0.07308733935644095
143.988263195 -0.051246938139668435 0.4405564904305326 -0.8925730871097622 0.08122200587396122
144.028243712 -0.05136679984836133 0.4408753815224407 -0.8923380595168801 0.08199473994366642
144.061789781 -0.05155452076932359 0.44020098817615133 -0.8926425332501268 0.08218594301814336
144.101764928 -0.05184214171740284 0.43827354527284873 -0.8936473841477469 0.08138209054829143
144.141576268 -0.05170915445724157 0.43648804896547644 -0.8944941716895732 0.08175893387889378
144.174926059 -0.051364362480972224 0.43513938988879364 -0.8951894086901564 0.08155572452685256
144.208456067 -0.05160164503678413 0.43468815135822864 -0.8953955743655911 0.08154904478151105
144.248301301 -0.051608674285486794 0.43485742696948604 -0.8953655917856914 0.08096925338812978
144.288301285 -0.05159724155399963 0.4347837273787845 -0.8954278222170969 0.0806836431389666
144.328254932 -0.051940472671714505 0.4335473946771831 -0.8960166370457763 0.08057933981141294
144.368285974 -0.052032228865282595 0.4332984413359004 -0.8961533956782787 0.08033803152605036
144.414953072 -0.05167965361067813 0.4335230977637074 -0.8961292056718367 0.07962024773889051
144.454945372 -0.05246163708229462 0.433345451595445 -0.8961454930696321 0.07989212393703947
144.488551693 -0.05268995358399909 0.4333783553893594 -0.8961558378533081 0.07944610848094093
144.528288944 -0.052831427337629855 0.4335214874210606 -0.8960728791817621 0.07950695205205072
144.568293226 -0.053142329096983645 0.4333513174075426 -0.8961419614987095 0.07944880993784972
144.601785574 -0.05339133548025753 0.43323123597937524 -0.8962033195423326 0.07924437840453596
144.641618725 -0.053693036153031906 0.4332708562473045 -0.8961795676796823 0.07909238565661465
144.675097338 -0.053901477727012655 0.4333036467887444 -0.8961594547660171 0.07899881019290282
144.714954203 -0.05370047129203021 0.43347372097298964 -0.8961184309217449 0.07866733992702632
144.748336254 -0.05386939738238838 0.43389258520841495 -0.895929409337977 0.07839519124359971
144.788415416 -0.05399621036369343 0.43464274267624414 -0.8955638625685857 0.07832919996059744
144.828476054 -0.05462332791705501 0.4348267599298243 -0.8954312734017892 0.0783888736380817
144.868310888 -0.05611556291126508 0.43336590108911494 -0.8959914276138607 0.07902152247867114
144.908465812 -0.05531279121816493 0.43315116606266246 -0.8962012126950004 0.07838334536253407
144.948385466 -0.05398317780489214 0.4334933443793287 -0.8960044331053555 0.07965797353975788
144.981788967 -0.05363841399258124 0.43430496125991386 -0.8956041785512138 0.07997047286962045
145.021922281 -0.050924354884467705 0.43607215282159933 -0.8948347879395597 0.08073716558252401
145.061649543 -0.03516409269311893 0.43847959668784176 -0.894564543411973 0.07907848976596502
145.095017508 -0.022088818091250458 0.4389760164245621 -0.8971776896953721 0.043408918809720295
145.128370364 -0.003562648241286392 0.4407612014110289 -0.8975742888578071 0.008790156404585662
145.161783845 0.0017263473625415513 0.4423181422983045 -0.8968355248933118 -0.006141824476390035
145.201724056 0.001683405850887592 0.4437256030242885 -0.8961392180105537 -0.0062655653301108526
145.23512856 0.0017465048045858826 0.444699944132947 -0.895652236703904 -0.006780877260001914
145.275223992 0.0017033404307780723 0.4457571887056743 -0.8951236396310221 -0.007162200939852099
145.31498615 0.0015643807632661356 0.44652103180372843 -0.8947424650949929 -0.007241686647239119
145.348395673 0.001594418899443796 0.44694909644203745 -0.8945290484470709 -0.00719336516500875
145.388326838 0.0021291824323980833 0.44692005215392894 -0.8945356309772862 -0.007996153885943609
145.421780924 0.001621858894755526 0.44643230346154683 -0.8947830439005198 -0.007672831802106499
145.461658498 0.002021450796099008 0.4452509416954813 -0.8953641266974959 -0.008401980671040367
145.495008619 0.0017282859249123884 0.4433674827629024 -0.896301511045294 -0.008117238087673605
145.52843853 0.0015816386459373182 0.44149665454342596 -0.8972324409847365 -0.0072214465813849205
145.568328257 0.0012259759090012606 0.43951001219493374 -0.8982011564691093 -0.008008038526029512
145.601884656 0.0015505161663308044 0.43949170316532354 -0.8982032275664319 -0.008694868469719378
145.641691377 0.0015843782613388477 0.44103065254245133 -0.8974468838909132 -0.008862497277521511
145.681697803 0.0007071543327030824 0.4434699194514881 -0.8962436284575341 -0.009016037029313998
145.715059406 0.0007672174830345917 0.44609594325503577 -0.894953786933816 -0.0074525191415903014
145.74843244 0.0008788086034486981 0.44926246539530684 -0.8933590558856026 -0.008488942781869409
145.788362172 0.0013639145591327012 0.45347446830029353 -0.8912283932371813 -0.008425996956676245
145.821952764 0.0006734443415679304 0.45677334222931437 -0.8895501096814654 -0.007632998563683736
145.861684655 0.0004787382769227724 0.46006754434410635 -0.8878477023842526 -0.00800517469201853
145.89502611 0.002299305210690807 0.46245854035710054 -0.8866357526629138 -0.00196309607412746
145.935030613 -0.007337185696108692 0.46412686445733126 -0.8856297936655021 0.013866793683726052
145.968377698 -0.016606356772205455 0.46399542952501843 -0.8852723941987442 0.02693062131238139
146.008442504 -0.02161637971954889 0.4637260736036738 -0.8851054258280747 0.03285187905802459
146.048373628 -0.029443615434990505 0.46398868011714445 -0.8839286830502574 0.05017630431094073
146.081751081 -0.03504255651020624 0.46406231819759175 -0.8830170940678473 0.060819369005939296
146.115264028 -0.041361788282243885 0.46392350216117856 -0.8817212441667314 0.07504554748733051
146.15503427 -0.04934503937938074 0.4635945960035611 -0.880082981510491 0.08999479596369588
146.188593344 -0.05615798308808353 0.4630075369621968 -0.8783553071627839 0.10470079288453481
146.228435151 -0.05288366464625729 0.4604581256828621 -0.8784258207552617 0.11640322133279965
146.268504695 -0.05895496344311092 0.4558264179755564 -0.8821958060713513 0.10235794405474136
146.308383612 -0.059463006037354375 0.44499364695318094 -0.8867482580684908 0.11010146182865417
146.341745305 -0.06089759121661145 0.4390656274314101 -0.8899257134144167 0.10744804696279038
146.381712908 -0.060534832730705056 0.43318892704762746 -0.8929288124344834 0.10658810174655599
146.415058541 -0.06104687224460574 0.42840227088284577 -0.8954056445386256 0.10484991854999155
146.448466811 -0.06086397071558779 0.42401257234391493 -0.8970791048803873 0.10843428954916233
146.488406903 -0.06241181366181556 0.4221945709413034 -0.8978453812694527 0.10830596066811195
146.521813029 -0.06136191500546698 0.42459888501701176 -0.896706243199567 0.10894225826597828
146.561740988 -0.06067807258324159 0.43129664521590977 -0.8932762981483281 0.11117027705058476
146.601774314 -0.051350576755865476 0.4417252375446924 -0.8887429583319556 0.1112559517432151
146.641745494 -0.04978780587415489 0.45145729860295286 -0.8858218328012467 0.09501138067095895
146.681903334 -0.04147488531854667 0.45257854336040415 -0.8873105627163804 0.0783100330068136
146.721937502 -0.0326498371945435 0.45709284865908767 -0.8865644724042966 0.06327362883841495
146.761763479 -0.02476982151420308 0.46333989773079615 -0.884436331147105 0.04974908300681013
146.795129721 -0.0173245013682444 0.4672867962895109 -0.883167867514242 0.036843309517106626
146.835075092 -0.004787578973197748 0.46949390212687875 -0.8828444772319642 0.0117551679814353
146.868409945 0.002012204767525056 0.46989164415585605 -0.8827198235419443 0.0018726747070810879
146.901978596 0.004705842977220022 0.4699201002419257 -0.8826047690165382 -0.012719124960292578
146.941766742 0.0031379271846769486 0.4717800022873331 -0.8815841949194642 -0.014936201757736455
146.975166467 0.0008957441457118745 0.4771844693008005 -0.8787662368958141 -0.008005047939193356
147.015072935 0.0012545168292635886 0.48491840860074403 -0.8744902426923696 -0.010926052511648247
147.048536539 0.0028004831236863445 0.4913911619803721 -0.8708781570728995 -0.00990549116217403
147.088431065 0.0015481378682291166 0.4989485170998063 -0.8665603839309803 -0.011003706395449961
147.121792468 0.0034641058023095373 0.5054749629555035 -0.8627975419025637 -0.007966397116420458
147.15520725 0.0008116781908282996 0.5121797422366228 -0.8588205067273071 -0.00992925201576709
147.188546742 0.0007356115622425927 0.5201360751872167 -0.8539942779739751 -0.012316466708284873
147.22845873 -0.0004047324964250929 0.5424122091919636 -0.8400516916494878 -0.01009885478328007
147.268475195 -0.0005908489994150757 0.5753448332025836 -0.817799827322335 -0.01346908445700987
147.308616955 -0.002747263781474128 0.6178846698513157 -0.78617516963173 -0.01181481946396837
147.3484418 -0.0045327143855748405 0.6645665271885419 -0.7471039485154786 -0.012902540580868486
147.381797051 -0.004268682620546814 0.7044997892755097 -0.7095650124313221 -0.013390981770778127
147.415286594 -0.004210699737155504 0.7420376596354266 -0.6702124717711465 -0.01332757940934333
147.455140884 -0.00436367253589458 0.7821072915218581 -0.6230223863268181 -0.011499958520775655
147.488643672 -0.004500934360247132 0.8097901051735809 -0.586605961325553 -0.010638293574135562
147.528455393 -0.008316810202109993 0.8363920664753046 -0.5480203584076427 -0.007268326904490241
147.568590019 -0.0036544359341887326 0.853242338549746 -0.5213621131539591 -0.012070781739466971
147.608707944 -0.007300756743334439 0.8646412250661019 -0.5022814826256818 -0.00745406456317082
147.648460123 -0.007181337380754438 0.871295721098788 -0.4906052560682595 -0.009933655246906653
147.681840291 -0.009087216399162629 0.8738408889749547 -0.48606432512535874 -0.007809935595458389
147.721973595 -0.007539132711243098 0.8725867118139795 -0.48828876678663524 -0.0104724435360686
147.761968208 -0.008208735818711697 0.8662054484816177 -0.49953852287296413 -0.009055486895527492
147.801827608 -0.00773617271223913 0.856326578360146 -0.5163056223303055 -0.00857013278117995
147.841959941 -0.006863280137060641 0.8469953549741095 -0.5314778374042891 -0.009114405416847897
147.882027421 -0.006309590821925139 0.8398919104644957 -0.5426466535993445 -0.008739401432154846
147.92181166 -0.0059982249857346535 0.8351520196177399 -0.5499180812002004 -0.008673488025049558
147.955148997 -0.005938008917161975 0.834364817923489 -0.5511167769414221 -0.008389805438823993
147.988684416 -0.005205852187317471 0.8370675029920371 -0.5470034805156255 -0.008836675928858973
148.028483623 -0.004975215435674754 0.843355260789238 -0.5372738547940605 -0.007997267359276899
148.06848522 -0.0051254857109509925 0.8512424635077055 -0.5246895433616879 -0.00780261523228136
148.1018289 -0.004976661654359547 0.858077555064365 -0.5134334624175058 -0.008013863207687866
148.135367945 -0.00561025178230834 0.8642302068882298 -0.5030013170952587 -0.00802181882752823
148.175193602 -0.0053268666970506555 0.8698915853529622 -0.49314956554583583 -0.007985000015993955
148.208578549 -0.005271330049186212 0.8734697764237376 -0.48678490880044273 -0.007950806117828208
148.2486893 -0.005252875278341537 0.8755866522800151 -0.4829680390982465 -0.007892709292789828
148.288710374 -0.005397381186039892 0.8753845251729552 -0.4833353750809985 -0.007727649019132913
148.328510092 -0.005700849403224533 0.8742383031849745 -0.4854071984057845 -0.00739873612083078
148.362096566 -0.005250267662841622 0.8728001677815055 -0.48801171578692937 -0.0060718254867527174
148.401832355 -0.0043413690135430906 0.8709404885610611 -0.4913228869848465 -0.006755636534329085
148.435267185 -0.004336899226079865 0.8689040321924927 -0.49491922315161496 -0.006475855135221325
148.475192969 -0.00342445859784558 0.8654805758905915 -0.500876163308561 -0.007396949959115306
148.515297169 -0.0034333506779606975 0.8620562555028075 -0.5067404752392856 -0.007830402662930397
148.555223244 -0.002902732004014696 0.8589886230555256 -0.511906371651861 -0.009054627011172024
148.595182952 -0.005823799114464417 0.8568355953301625 -0.5154671795465176 -0.009614195204930398
148.628550075 -0.006813558663993704 0.8567386747131462 -0.515593557487702 -0.010756493214333022
148.66199257 -0.007475621562965352 0.859499350891495 -0.5109506491975516 -0.011593747623040223
148.701872769 -0.006147586616957328 0.8657537219110605 -0.500272167186285 -0.012667237846943954
148.735223071 -0.007042197090938697 0.8715566537874084 -0.4900924516200717 -0.012198178718798377
148.768632734 -0.006758189341871308 0.8773728057570302 -0.47960939690800436 -0.012087720727918283
148.808792307 -0.0063469687077448555 0.8845930976326393 -0.4661544097233449 -0.012443227249983254
148.848526632 -0.005857970862885109 0.8925031053679237 -0.45085559376206236 -0.01153796600102311
148.882085325 -0.006398502444809201 0.898666418886579 -0.4384350028900809 -0.011509777270217013
148.921996552 -0.00742289277760185 0.9049910855206926 -0.4252665471112539 -0.009186930878294901
148.962160113 -0.007288874778027013 0.9104050586178132 -0.413522959122324 -0.010404990450894035
149.002036745 -0.008151706699453126 0.9150770711267923 -0.40308129282200095 -0.009642352038900364
149.041936321 -0.009406905154013472 0.9188453921419143 -0.39440703230260193 -0.008817502211484118
149.07534399 -0.008022971875457903 0.9212208977732347 -0.38882470069878877 -0.01015093860972974
149.115532397 -0.00981260640391729 0.9232365630314525 -0.3840047016867385 -0.008851582904281284
149.155205838 -0.008758372003196109 0.9248530621090699 -0.3801233839601466 -0.00873598271618043
149.188787384 -0.008665621111165372 0.9260599432046767 -0.37718334056251046 -0.008403344846800167
149.228564059 -0.0067834646204666 0.9267206374073648 -0.3756573628456692 -0.004938679060998964
149.262095941 -0.006450686230117392 0.9264921082064219 -0.3762466067088592 -0.0030418774546865346
149.301924624 -0.007094083470182753 0.9261086590357556 -0.3771532290828386 -0.005278961176268617
149.335296626 -0.006255336517233274 0.9258566022166207 -0.3778184517706655 -0.0019079828530982354
149.368712551 -0.005390374578509884 0.9254191118638292 -0.37890088543150097 -0.0021284450402671426
149.40876334 -0.007732548165919488 0.9251285609672952 -0.3795750013114667 0.00041444039780607576
149.448566104 -0.0063740929091589005 0.9248611449510694 -0.38025135818793454 0.0003716121817921649
149.481935231 -0.0042071427599262605 0.924888493376893 -0.3802110676034159 -0.0017660239775474126
149.521921869 -0.009325536870256272 0.9242957019072617 -0.3815536568196528 -0.002701252560334413
149.561939085 -0.006916722941199994 0.9236345480844955 -0.3832116818241316 -0.00043294575257035397
149.602047803 -0.006538982726452975 0.9238665292142675 -0.38264513198596184 -0.0032528249156747718
149.642069217 -0.007097592281544066 0.9246816240238709 -0.38064795196638657 -0.004544781642416542
149.681914451 -0.0073725787838566145 0.9252052277226434 -0.37938398666824064 -0.002953360201513205
149.715265744 -0.006389499485581051 0.9254567357693294 -0.3787742166965153 -0.00437004364310192
149.755402715 -0.007843391078080186 0.9256755036145514 -0.37821110838373095 -0.004438549255382242
149.79538193 -0.00744102704564626 0.9261273299905718 -0.3770697269792955 -0.00715686780651763
149.835253523 -0.009682685442816613 0.927367526509332 -0.373926614315319 -0.008637330910736957
149.868605918 -0.012316446307050553 0.9286129841832103 -0.37078110849725976 -0.006899299838514837
149.908590814 -0.007927198789114968 0.9300783153121249 -0.3671879421616486 -0.008031315994962297
149.941949742 -0.008830531286450238 0.9317426683980581 -0.36294188301896513 -0.007128194323479894
149.9754743 -0.006991109757398723 0.9339004068926077 -0.357441725723398 -0.004070270514461003
150.015286712 -0.004462288100374862 0.9360893041676626 -0.35166367337966364 -0.007040130178619601
150.048737713 -0.0051471287630143895 0.937551417143243 -0.34775140749948275 -0.006309188562915963
150.088603264 -0.00639462521479567 0.9387541295513665 -0.344467889881145 -0.006454909716638759
150.121992619 -0.007969099896671675 0.939109521303313 -0.3434621689755297 -0.006598403361735226
150.161962256 -0.00793103911046401 0.9386114686578905 -0.3448313701292861 -0.006077474579581933
150.195316966 -0.008186253693171575 0.937559578524943 -0.34767179152989525 -0.006272745889560274
150.235379948 -0.007572205199956111 0.9357179611232951 -0.3526115479224738 -0.006297238393975545
150.275279123 -0.008892948770616374 0.9340550111393833 -0.35692636509302716 -0.008106881585963238
150.308628473 -0.007981767720167192 0.9331049838023482 -0.35921589599132864 -0.014673808450019275
150.34220048 -0.011870163256452236 0.932708575299561 -0.36025872416432864 -0.011290015518959575
150.381968148 -0.009946651088578992 0.9325643835348796 -0.36062699145070415 -0.01314943844982965
150.415455607 -0.012401504624382867 0.9326048100539909 -0.3605257860380236 -0.010753071601942507
150.455324926 -0.011912891867244105 0.9328718348733966 -0.3598553564466071 -0.010599299221506871
150.488745269 -0.011374685241079792 0.9334748172157872 -0.3583122866822885 -0.01037725262912042
150.528650114 -0.008322319373082762 0.9348468731676571 -0.35494119460642964 -0.002968349754934982
150.562105733 -0.008048516259494109 0.9356111483622425 -0.3529322142658276 -0.0024192105586062504
150.601991483 -0.008016444575811868 0.9359900055814039 -0.3519341387185855 -0.0008989285254328638
150.642143422 -0.0077200029948645225 0.9361010930804036 -0.3516436942322934 -0.001362862464836096
150.681981402 -0.007535966113432645 0.9359338879862124 -0.35209015012828926 -0.0018688810524152217
150.715461477 -0.007212297304219707 0.9355433444693767 -0.3531301516132384 -0.0023936182360730506
150.755330405 -0.006956863184373376 0.9351354427197381 -0.3542001757550892 -0.003942247970045819
150.788669576 -0.006471150190729681 0.934991978124678 -0.35457426437960327 -0.00502156324005952
150.828655273 -0.006891411907800082 0.9350394252930077 -0.3544279130782923 -0.005885237514796268
150.869058713 -0.0073718031816479065 0.9349006490877048 -0.3547754597960703 -0.006387955833163968
150.90866058 -0.00746088358728133 0.9348000632080138 -0.355041158200876 -0.006241235916935274
150.942006904 -0.0074763007826856714 0.9347940440846407 -0.3550575294944651 -0.006192803870358216
150.975447195 -0.0074206713518269836 0.9348675094139756 -0.35486538792337347 -0.006183035887990198
151.015334678 -0.007467170191335093 0.9348843738061693 -0.35482060135626325 -0.006147343780847484
151.048709495 -0.0074866199770125385 0.9347096088251382 -0.355279542304725 -0.006192294487667694
151.088738293 -0.007538559153895356 0.9345872735533378 -0.35560148667159813 -0.00611399337349934
151.128735712 -0.007437678646041275 0.9345962574951858 -0.3555795388155129 -0.006140683031872771
151.16887655 -0.007429372565756454 0.93464114798912 -0.3554620549350524 -0.0061201642305512075
151.208969428 -0.007462064994194446 0.9345311383558853 -0.35575041330104323 -0.006124742069078273
151.248708843 -0.007326910758552493 0.9344312577143246 -0.3560156307950027 -0.006116503478130737
151.288887893 -0.007312069072939961 0.9343827228292024 -0.35614227720559405 -0.0061757032775165335
151.328732004 -0.007342194316705741 0.9344273952038638 -0.35602443406458933 -0.006175566704907298
151.362187663 -0.007413034303872809 0.9343839863338315 -0.35613692437211536 -0.006172852183391438
151.402043126 -0.007337451244749491 0.9343813397405208 -0.3561454245248912 -0.006173357589303042
151.435443702 -0.007264613689999418 0.9344033332512202 -0.356090301089045 -0.006110128252126659
151.475371731 -0.0072522701983654654 0.9343800405571371 -0.35615125884551807 -0.006133939041544319
151.508861144 -0.007294125291992864 0.9343892211229801 -0.35612543942255065 -0.006184705450573751
151.555358394 -0.007464113548401907 0.9343844069068074 -0.3561346490004889 -0.006178909260466602
151.588716911 -0.007414028891640056 0.9343866594739139 -0.35612937384382654 -0.006202568691943447
151.622133937 -0.007487421011082871 0.9343783993968472 -0.3561484710136565 -0.0062619375454873215
151.662041989 -0.007601061145497908 0.9343696603663205 -0.35616797752277485 -0.006319291394225245
151.695421335 -0.008479446953792418 0.9340472935619761 -0.35678261571971764 -0.013781055442224686
151.728891952 -0.012562078082403986 0.9339232383638985 -0.3571004405927953 -0.010433329601429819
151.768743317 -0.010448979103770446 0.9346451301849232 -0.35516282727312787 -0.013735558985904414
151.802188196 -0.009719964007346416 0.9352821006348471 -0.3536866863473186 -0.007657834708130493
151.842058257 -0.007551782617566021 0.9355790394763088 -0.3529915580232798 -0.005638389502502526
151.875403308 -0.008054912618913106 0.9353472236571846 -0.35359915993193075 -0.005321999148015723
151.91553013 -0.00893700019650534 0.9349550501692386 -0.35462294455227217 -0.004663838290551543
151.955473798 -0.007698026616777651 0.9345099912407744 -0.35580639870459907 -0.00579856001428762
151.995407387 -0.008297727430231952 0.9340199766008991 -0.35708572715187914 -0.005254949510993426
152.035389969 -0.006811401135553443 0.9335217386034184 -0.3583999863729934 -0.006341777137349507
152.068773953 -0.0071929059400268665 0.9331678672277298 -0.35932061469214577 -0.0058897822579848285
152.108742007 -0.007991717765366923 0.9327720471006431 -0.36032658397771683 -0.006098645241666575
152.142075598 -0.007943229928672198 0.9325586866083643 -0.36087348618934423 -0.006444229599584732
152.182219832 -0.008120708710099176 0.9324122098166252 -0.36124550729490595 -0.006573319874284489
152.22225948 -0.008241919453695465 0.9322739904519957 -0.36159386814458966 -0.006866732167803298
152.262066873 -0.008144454183526797 0.9322957492992751 -0.3615385629400274 -0.006940548380023057
152.295539524 -0.008416151370936674 0.9323806348553653 -0.3613166747988535 -0.006766140340468134
152.335426265 -0.008307070645739913 0.9323996668523946 -0.36126947814593724 -0.0067983814979824565
152.368966944 -0.008225423466781599 0.932388523481819 -0.36130065524561145 -0.006769062510975438
152.408777352 -0.008415805346847558 0.9325147896481711 -0.36096801121214034 -0.006887393508670413
152.44220034 -0.008435333093856167 0.9324320495275722 -0.3611806012010731 -0.006920367435195857
152.482098072 -0.008474825479429841 0.9322969899741493 -0.36152919404765294 -0.006865979135471672
152.515461248 -0.008445244677080731 0.9322162702065705 -0.36173764534862923 -0.006883265367827588
152.548890909 -0.00853559793134975 0.9321766174341145 -0.3618368336869736 -0.006928438816386756
152.582232995 -0.008557174171870886 0.9321730774580931 -0.36184639881005776 -0.0068783792199117655
152.622255551 -0.008605748876672693 0.932142303088968 -0.3619239839539041 -0.0069063533938015665
152.66226376 -0.008622024368973797 0.932220990220661 -0.361720341566371 -0.006934016505532853
152.702398777 -0.008705081188144902 0.9323454046073499 -0.3613972093122263 -0.006951630772679086
152.742117664 -0.008590159636169315 0.9326511113117447 -0.360610243292672 -0.006954578261304231
152.788811633 -0.008579937436205992 0.9334035601158989 -0.3586578332951307 -0.0069812071018271445
152.829065703 -0.008850530240669114 0.9347105634185774 -0.3552328062085003 -0.006890873777612185
152.868807062 -0.008831224343607337 0.9373656839392253 -0.34816396688673257 -0.007031088922451177
152.902361046 -0.008942224445215769 0.9412039941351247 -0.33764916855616994 -0.006936643236222399
152.942132481 -0.009120334634946513 0.9467911620600173 -0.3216436780898947 -0.006975620832047273
152.982221762 -0.010147127661574069 0.9524539470762405 -0.30412490568829054 -0.015380384884585936
153.022115326 -0.013207219251814551 0.9584147363564209 -0.2848023716312374 -0.01242463712585399
153.055460969 -0.010949748054957466 0.96268279670504 -0.2699932532932767 -0.015019291654674614
153.089050319 -0.011398232149631806 0.9665976478610063 -0.2557648097314777 -0.01197620793298913
153.128812266 -0.012676417481303 0.9704460119627978 -0.24069196540149596 -0.0118837745058718
153.162266213 -0.011400091764771664 0.9729375700513562 -0.23065363877801337 -0.00783719393525504
153.202126494 -0.009744270663237244 0.9754261332981677 -0.22004523779728083 -0.005385256815146091
153.235486684 -0.009366524091007748 0.9770911241887767 -0.21255318306249454 -0.005132994054812098
153.269040308 -0.009371698124264465 0.9783069679911459 -0.20690389911058368 -0.004292340512578695
153.308822863 -0.008595070196051614 0.9790592827063032 -0.2033368134485758 -0.004815185512851514
153.342422974 -0.009526769350694344 0.9787292663501338 -0.2048974768450747 -0.003909966494708675
153.382134186 -0.01088153895005692 0.9758862897240714 -0.21799510498790134 -0.0023824021444341296
153.415489026 -0.009220292760969199 0.9709024173843089 -0.23926557625917397 -0.003932700862348142
153.448994248 -0.008981826915518248 0.9644187270017457 -0.2641883442358558 -0.004512711325689947
153.488832709 -0.008415419363418095 0.9575038273596274 -0.2882439112214431 -0.005572158681097437
153.522314017 -0.007711687771041467 0.9508049070263718 -0.309636011642115 -0.006008239397578946
153.562164189 -0.008438263746942544 0.9427619564513531 -0.33324170430543465 -0.008868804009754353
153.595575906 -0.00958430532254787 0.9367160806682955 -0.34990980664832 -0.005852565270605155
153.62894856 -0.007292603514981161 0.9305896887942561 -0.36591622549562675 -0.007413835904343998
153.669146435 -0.007026254544700015 0.9224196291425911 -0.3860595637771153 -0.0071184784709161595
153.708857366 -0.007007696040862393 0.9141865939895572 -0.4051628723362613 -0.00753727047423263
153.748965072 -0.006753382696850742 0.9057511630416641 -0.42370660892262874 -0.006475494275274833
153.782352193 -0.006243019622808131 0.8989887832619049 -0.4378670422713178 -0.007255726554735185
153.822354481 -0.006439590242266648 0.8915615416166075 -0.45280142195769096 -0.0068863241880470355
153.862207479 -0.00523886998007163 0.8869188721406188 -0.46182550404537376 -0.008041908690171368
153.90231807 -0.004669558289128191 0.888782417179528 -0.4582344186173018 -0.008076368760975882
153.942197668 -0.004679246119499164 0.9023954141197577 -0.43079009296007653 -0.008973128709256494
153.975766279 -0.006395753078102478 0.9160325442038422 -0.40097059063353563 -0.008127591832367692
154.015521524 -0.00701640166202427 0.9306142642300127 -0.3658444304259247 -0.008106420028602455
154.04902887 0.006799286592874285 0.9400358854752969 -0.3403417930981402 -0.02130182131286768
154.088863955 -0.004449045717775611 0.9402986202011395 -0.33978660137802347 -0.019072922272329047
154.122257909 -0.016990765422150795 0.9365750867759335 -0.34996434001764654 -0.007961245947409799
154.162200925 -0.007539134180669079 0.9330150123745381 -0.3594177524148167 -0.015653350715668434
154.195554944 -0.009604134412745546 0.9316941740337 -0.3629394218962685 -0.011344721567572715
154.228980036 -0.008651531541631072 0.930734802719841 -0.3654241387259655 -0.011094000379897244
154.268907434 -0.007496235106901328 0.9303941123052439 -0.3664078519021177 -0.007475848542815556
154.302327737 -0.0069835777916032815 0.9323158333788931 -0.36151519687755596 -0.006721525037568596
154.342239876 -0.007409130332874019 0.9376473565746916 -0.34749311723593884 -0.0033276072265019745
154.375712707 -0.00821631800681745 0.9428446731495321 -0.3331255867034298 -0.0019385343583098744
154.415560686 -0.007476756130886198 0.9474147594569906 -0.3199102702785173 -0.002605887783051113
154.449140678 -0.009644287443427112 0.9498614376313987 -0.3123128213177541 -0.011442843224717598
154.488881797 -0.008777870734194726 0.9525414329477417 -0.30389937463043154 -0.015262293486533421
154.522273716 -0.013358175578621664 0.9558278933085022 -0.2934316171179148 -0.010605828313099438
154.562207346 -0.008566246371997054 0.9591702823356193 -0.28242832435464493 -0.012378631165452183
154.595564009 -0.0095406109392816 0.9616417456600634 -0.2740602853015606 -0.006714891450968514
154.635752837 -0.007080813149466345 0.9628701226200383 -0.2698521555875681 -0.00328681845520041
154.675737753 -0.007876953642298542 0.9611138794368312 -0.2760223601494098 -0.0031178602840579105
154.715566105 -0.007268860209578959 0.9570937992682885 -0.28967237225119996 -0.0029222983777567823
154.748950861 -0.006732145652057894 0.9534810023115887 -0.30136138850561106 -0.0031575249449394115
154.782324887 -0.006752950218801635 0.9504809132864552 -0.31069201225599313 -0.0033022207391716686
154.822234041 -0.00655248754627688 0.9473788489115856 -0.3200252165320557 -0.0037739005717895985
154.855860059 -0.005740941683453638 0.9447040856200237 -0.3278193279318509 -0.005976657571887607
154.895584807 -0.005432275808058812 0.9423165141584126 -0.3346201676366452 -0.006278609297208157
154.92907463 -0.004722020559633462 0.9402739690552727 -0.34032412564972675 -0.006484993417696161
154.968897422 -0.005236327666010623 0.9374229103884762 -0.3480957642107329 -0.006340890309638682
155.002274293 -0.004264785633240535 0.9351432404765258 -0.35417735706183484 -0.006879763023455368
155.042265571 -0.004752204424682788 0.9326504101877493 -0.36067414214743915 -0.0074021696777187874
155.075605262 -0.004344913686354771 0.9311122431754156 -0.36463049738568176 -0.007464094732383619
155.109016068 -0.00445364328679037 0.9303862453667137 -0.3664424007548579 -0.009031413118630762
155.148923508 -0.005974255875487916 0.9323652627437926 -0.36138623937473674 -0.007701369100243241
155.18227383 -0.005794883251508602 0.9379048962123157 -0.3467176265441221 -0.009365491587618879
155.215938481 -0.006951548056236836 0.9450615541601279 -0.32677240884915887 -0.0054888653639392155
155.255639424 -0.005126013945772225 0.9512344196142363 -0.3083317289840087 -0.007638574731371757
155.28906144 -0.0066859367759748 0.9560183616527997 -0.2931781007727613 -0.005549023283501975
155.328966035 -0.005148276174531029 0.9607929766638714 -0.277132010323314 -0.0069426291825683255
155.375586987 -0.006737948746892854 0.9661696194118461 -0.2577362130826182 -0.0065506517297143595
155.408935575 -0.006183172061162686 0.9690827162806249 -0.2465557466626851 -0.007121880161434839
155.449052118 -0.007021729728500434 0.9719736744946432 -0.23482981918852666 -0.00853389834045605
155.488978674 -0.007245502983209808 0.9735781565449164 -0.22808645651178244 -0.008345306526490794
155.528945034 -0.007797458095415318 0.9725411804114082 -0.2324592489470193 -0.008096272612906805
155.56252685 -0.008340445831454105 0.9699492043707763 -0.24304602003932488 -0.007590128251517199
155.602424963 -0.007468750577161354 0.9655743082043575 -0.2598850684214586 -0.008379994753360192
155.642469771 -0.00854033869413774 0.9606578207865385 -0.27750843484374565 -0.007258275774784517
155.682272535 -0.008243213362106441 0.9564362226922873 -0.29172217368920444 -0.007744335582974969
155.715617927 -0.006753814233866924 0.9534330109423924 -0.3014345312568463 -0.007556653001402166
155.749008755 -0.007268837044096524 0.9510225816969295 -0.3089595755397491 -0.006869773855899138
155.788971208 -0.006676357982901736 0.9494813883459334 -0.31366280456407786 -0.007494295281085712
155.822314337 -0.006942569195116449 0.9496400756902093 -0.3131820697954192 -0.0072469672775406935
155.862407104 -0.007063589246094257 0.9511652779025126 -0.3085207912190109 -0.007045651509535351
155.895756394 -0.0073345245890695165 0.9528920681119004 -0.3031400145658988 -0.007003059864379747
155.935722154 -0.0072252749489759354 0.9544702071566753 -0.29813577291840515 -0.00703419921171627
155.975785637 -0.007024819252039526 0.9555568287086628 -0.2946357233684891 -0.007182585735422765
156.015653002 -0.007110275473623662 0.9563945223372233 -0.291905684096405 -0.007073416307102131
156.049056764 -0.006922768933147265 0.9569353859167057 -0.2901246836152145 -0.007376341092665022
156.08897276 -0.0075536941161775985 0.95729692322948 -0.28892082879928976 -0.0070920495275871385
156.122337268 -0.007387043946918999 0.9571647686835795 -0.28940282579380966 -0.005200153381805321
156.155875372 -0.00615492920619249 0.956834648419341 -0.29047957460461526 -0.007154660594661942
156.195668468 -0.006564331772683638 0.9564300950096278 -0.29182192867892914 -0.006192321887798747
156.235673291 -0.005021239977859125 0.9555609712262725 -0.2946628737178002 -0.007197796229075049
156.275721545 -0.006661060733613348 0.9541215757199454 -0.2992996155768281 -0.0052334626352421604
156.315664442 0.00093072042629237 0.9530663700693529 -0.3026215587658599 -0.009155335735862375
156.349047515 0.007192655912238243 0.9526452953171007 -0.3038263850252963 -0.010234000859032161
156.389002534 0.014824704343617278 0.9525654219637217 -0.30360951793913 -0.014852798960812642
156.42909397 0.02062172305165612 0.9531657326111443 -0.30123699434728357 -0.017495826669685553
156.468991802 0.027605965800679415 0.9541293018395013 -0.2974468729410772 -0.020013590408824052
156.508995843 0.03148684066885673 0.9548472356416825 -0.294721179069295 -0.02036570794585593
156.542342107 0.03676188209740443 0.9550415618607414 -0.29336728394969164 -0.021904699295655278
156.582485079 0.045782934771776126 0.9546921412598827 -0.29297181301952946 -0.025186406578820302
156.622499901 0.05429848275512845 0.9541356608045023 -0.29312710941683995 -0.027446553090953084
156.662339564 0.06621641561875359 0.953278514670647 -0.2931023225904956 -0.031088394329501196
156.695726064 0.07602363296037415 0.9524011624144743 -0.29312673937415834 -0.03505920317033614
156.729193024 0.08661446818912369 0.9511781069724632 -0.2936968751951875 -0.03873355415113645
156.769048757 0.0896571657069036 0.9504851303226024 -0.29453720757652396 -0.04227816251983919
156.802481674 0.08292624213242834 0.9513952311439687 -0.2944833023565889 -0.035354450292234205
156.842396819 0.08502644284374065 0.9512836081560222 -0.29363328570128266 -0.04011850444955266
156.882518491 0.08367235839589554 0.9515130133331091 -0.29339724729587235 -0.03924254295302392
156.922395464 0.08410271486482407 0.9512237672555759 -0.2941447055457657 -0.03973625749704132
156.955781893 0.08458501021903601 0.9507494480435978 -0.2955191405956045 -0.039866033570882836
156.995719119 0.08455443814887323 0.9500850088009323 -0.2977055201198957 -0.03950248512692928
157.036000411 0.08444712291253698 0.9494101978957 -0.29988992143974985 -0.0394334196120925
157.075722734 0.08368034544541429 0.9483061301070256 -0.30353629167313784 -0.03973415438754102
157.10907543 0.08207611336983768 0.9471008897034446 -0.30787574476329965 -0.0384179921845059
157.14247306 0.08080256972550527 0.9457483895189936 -0.3121024473998747 -0.040286359664196754
157.182386442 0.08052840851884098 0.9444073187874483 -0.31580647974702886 -0.04331580533610176
157.215752302 0.080052667344503 0.9442403149135422 -0.31662872853983126 -0.04180964489510749
157.255890265 0.08098282433038666 0.9448067275250569 -0.31500705174283145 -0.03940288237116373
157.29594432 0.08010514155066784 0.9456201879758581 -0.31294375949247044 -0.038102884200136466
157.335750631 0.08068873264440268 0.9462733314952192 -0.31085891705526647 -0.03772060726454513
157.375832899 0.080740917625947 0.9475955861428713 -0.30675824268557217 -0.037985390453802274
157.415752732 0.08055128987821196 0.94916782953431 -0.3018644502996694 -0.038337641051082276
157.455869876 0.08048884989930408 0.950342080281169 -0.2981343446720889 -0.03856666975112027
157.495782005 0.0803218755637365 0.9516019796104906 -0.2942053256135463 -0.03801703681175444
157.542569229 0.08227827114407332 0.9523138935727591 -0.29107312993533485 -0.04006204232789036
157.582784356 0.08143013172818035 0.9532334347633341 -0.2883802882174267 -0.03939494718439833
157.622396021 0.07933073780839674 0.9542662249791093 -0.28565804809164835 -0.038497863101283496
157.655779305 0.07022543218689165 0.9556627228889304 -0.2836254523848138 -0.0365205628952987
157.689198827 0.05966292494890257 0.9569013574985069 -0.28234549647646107 -0.0325752670521242
157.729076361 0.04442072159561684 0.9580162916963574 -0.28183786068624284 -0.028266669791237133
157.762428686 0.03365354495736569 0.9584535361667507 -0.28221305513360384 -0.024290933152332796
157.795838069 0.02154782495127778 0.958279562729487 -0.28428320683958397 -0.020470202828858957
157.83579934 0.007809686303670552 0.9581880310428726 -0.2855971137636129 -0.015779561968419023
157.86918605 -0.006031742728894183 0.9578434277517561 -0.28703762422967044 -0.01043974468103298
157.902574994 -0.019034073654989405 0.9571616760697156 -0.28889675464731185 -0.004230255046723997
157.942409147 -0.01391518128889847 0.9566576569500616 -0.2907797125100775 -0.007723595087264391
157.975833487 -0.004493667318377755 0.9561291027239371 -0.2927491685564155 -0.00974013284704671
158.009256285 -0.005348663760439095 0.9554255406121424 -0.29501787415352543 -0.009893536875546156
158.049106237 -0.00377090020145492 0.9546320196309874 -0.2975993515831706 -0.009905218029355756
158.08915898 -0.0047609606577664835 0.9544560133829133 -0.2981383333985827 -0.010226726217452546
158.12940741 -0.00801607980483232 0.9556314316962874 -0.2943047777193824 -0.009434353725165491
158.169091601 -0.009390362745565152 0.956756517304065 -0.2906083296341058 -0.008694045719818208
158.202493009 -0.011153409563632748 0.9576428199375812 -0.28767291500911546 -0.006334417673447807
158.242502781 -0.006192198941232483 0.9584854224614173 -0.2849503153407209 -0.008406508695918016
158.282743967 -0.008569449524965782 0.9592500280140046 -0.2823136089608555 -0.008060675248882595
158.322447845 -0.008824333221092537 0.9598627926361174 -0.2802316144428571 -0.007469452640399435
158.355885491 -0.01160449237072272 0.9599054130999952 -0.27998689111440306 -0.007367120349020189
158.39578681 -0.009300819388078883 0.9597787044242739 -0.280479484422346 -0.008342188594581253
158.429138845 -0.008951191519232432 0.9594239366825966 -0.2817134443734142 -0.007944882008082393
158.462552756 -0.008689353109883363 0.9588425518476811 -0.283703014874861 -0.007619400217421759
158.502455477 -0.007626003397145849 0.9578983546809906 -0.28687321430231394 -0.008737567596102646
158.535958916 -0.009045882032017805 0.9571167105211141 -0.28946899988494174 -0.007312493768643546
158.575804209 -0.009059327172049133 0.9557784286722335 -0.2938481412789352 -0.007667707802272063
158.609166614 -0.010648401283773453 0.9548563143711049 -0.296809837128973 -0.00632068344422254
158.64927996 -0.006849246159339289 0.9545299240959033 -0.297918419143083 -0.008386141413312754
158.689296936 -0.0048687579850968015 0.9553057869532919 -0.2953907147328155 -0.010558137092817286
158.729133413 -0.004258749965934667 0.9565968031310098 -0.29121092751068306 -0.010030702200111553
158.762483995 -0.0019252999500268667 0.9576045645723106 -0.28787166995455976 -0.010940419002530557
158.795981042 -0.002683550352769163 0.9583925371267726 -0.28521660481637984 -0.011315108228773444
158.835811298 -0.004915475443987997 0.958906007438113 -0.2835124172111173 -0.009788579435566916
158.869175926 -0.005295212448279849 0.9592623624663671 -0.2822543032595247 -0.01096307311167685
158.909146104 -0.005329944445637449 0.9594744128039824 -0.2815808680031517 -0.009625883920523494
158.942485996 -0.004637304606549854 0.9593343326182197 -0.282022678044354 -0.010924410035875106
158.982482143 -0.00569136261319427 0.9592507815132938 -0.2823502291254216 -0.009159403395534336
159.015836262 -0.004394397840333812 0.9595792386182495 -0.2811789067099539 -0.011260395278872093
159.05596663 -0.005893239708263926 0.9602459002685909 -0.27891924772869914 -0.009855657743696617
159.096008703 -0.00480621328631188 0.960735242899715 -0.2772424339538752 -0.010066090581915968
159.135833277 -0.005664407561249484 0.9611823849366211 -0.2757100971332451 -0.008959894715094032
159.169179351 -0.005766205604993823 0.9614920555953422 -0.2746190743800757 -0.009172888672325182
159.202727925 -0.00655492772151655 0.9617023133654848 -0.27387918893468693 -0.008711099730708395
159.242507986 -0.007752679883259938 0.961819191602641 -0.27346316130873066 -0.007850988887081195
159.275852597 -0.008637299910331084 0.9618311690486949 -0.27337974782012653 -0.008349417852997768
159.315838494 -0.01191020379768889 0.9618600413184972 -0.2731925620828752 -0.007016550639075173
159.349191541 -0.01171351381904851 0.9618758573188335 -0.2731177501345363 -0.008020178465541355
159.389187097 -0.009072279618419424 0.9619404013728174 -0.27298714003930297 -0.008147350636257582
159.422534453 -0.0069056212645883745 0.96185699905912 -0.27331698608019145 -0.00901392677883846
159.456112632 -0.00485379590020283 0.9616531108257813 -0.2740578176303101 -0.009594149267567792
159.495845976 -0.0016883143594925857 0.9612613862559657 -0.275349764473853 -0.012498163548148816
159.535969802 -0.0060292122393118515 0.9610812290837379 -0.2760600467274082 -0.008796039081657053
159.576221488 -0.004117832959302586 0.9606926872108524 -0.2773355244033425 -0.01173077555975862
159.615866025 -0.010919868987704862 0.9602868220491657 -0.2788009593940992 -3.0015583379732613e-05
159.649384602 -0.032154783201587246 0.958529774533964 -0.2819560167536167 0.02622109581159746
159.689388443 -0.06043592221991633 0.9532280565171954 -0.2907742391299514 0.05616149421335323
159.729191738 -0.08338424939713036 0.9458517200424558 -0.30241493453167523 0.08340742183647487
159.762538453 -0.08994566514080021 0.9405173931060377 -0.31334248099130957 0.0956728811817268
159.796054425 -0.09417199482084934 0.9346556657692601 -0.3250875859730318 0.1089425687374307
159.835904428 -0.10175795955596789 0.9268050287105463 -0.33938366516419055 0.12448487556153195
159.869402126 -0.13690483589984323 0.9176047148876773 -0.34732216074160044 0.13647699359572374
159.909200221 -0.15509406396141148 0.9040231296882374 -0.36623643892659996 0.15671274075511699
159.942776577 -0.13724277427363432 0.9025492055669058 -0.38319112165707947 0.14047745984111792
159.98256823 -0.12224790389385844 0.902489105516068 -0.39599220921122424 0.11729891159929677
160.022725799 -0.11413344441288381 0.8973752391439513 -0.41152261807786744 0.11108722630493946
160.062568939 -0.08638268276716786 0.8928994614337482 -0.4295484214395698 0.10371469292266616
160.095918499 -0.05535426500359993 0.8902647715625146 -0.44515554218632564 0.07874696896676935
160.129409024 -0.023254849559741646 0.8863834388701098 -0.4602986732580964 0.04368915958894546
160.1692184 -0.004748432129981717 0.879413533539613 -0.47600330716340594 0.005490080981086905
160.202584742 0.00821256283661388 0.8708380658150656 -0.49068344751711074 -0.02834380482315185
160.23606656 0.008976791791418429 0.8625213913564198 -0.5050818811028902 -0.029471342746560027
160.275921412 -0.007813680369899753 0.8582361335620234 -0.5131908295823209 0.0022040599345117392
160.315948757 -0.008247253449441935 0.8561196064954661 -0.5167083109342346 -0.0019296621671291596
160.355972525 -0.0015763294156197843 0.8563892645765558 -0.5160559420268449 -0.016769239767651063
160.389333376 -0.0029740208048443834 0.863032987091598 -0.5049669893927077 -0.013174141933001045
160.429548223 -0.009648600701708514 0.8825545789757185 -0.47007777946274587 -0.005585775583148809
160.469241041 -0.007686204733669485 0.9032445223414389 -0.42890165204652936 -0.011559757295714084
160.502907185 -0.008986375548771547 0.9200275860574068 -0.39162421082002863 -0.00994803736761397
160.542590164 -0.009080384938048337 0.9376492419936638 -0.34728664066176496 -0.011110122229335875
160.575939444 -0.008468133531655918 0.9504513441969218 -0.3105839496575129 -0.010399194386778695
160.616099258 -0.010682206604631449 0.9621254451838128 -0.27223792074915354 -0.009329131689694417
160.662585427 -0.01217840319584822 0.9712770717726807 -0.23748603936920043 -0.008539171447904748
160.696092062 -0.012824301656168841 0.9756526387692023 -0.21881280921789592 -0.007643315504198352
160.73624399 -0.011406816323266924 0.9788867846571653 -0.20388604483869907 -0.009001560140096978
160.7759856 -0.01372533789562643 0.98042000264734 -0.19626290385069578 -0.008313006720384455
160.816008386 -0.011908871152585987 0.9800625894516731 -0.1980697511875822 -0.010191820722595071
160.856203015 -0.013996095131990226 0.977560859319765 -0.20996674498356568 -0.009635437097787284
160.895951006 -0.012479708722042186 0.9730764181143812 -0.2299282288169095 -0.00997752339099745
160.929476767 -0.012196959579013804 0.9683189268959457 -0.24923953699582288 -0.00945215267650511
160.969260906 -0.010585110633824986 0.9633078781181056 -0.26800333374539886 -0.010005023229113163
161.002816483 -0.0097917229832271 0.959852736031857 -0.2801657116395679 -0.009696458872834485
161.042620649 -0.005800286711441629 0.9567640691737671 -0.29045285900893614 -0.014353024268600127
161.082976039 0.006511274632582371 0.9548085745856475 -0.295858230107038 -0.02767845512874784
161.122645453 0.0053325763619998775 0.9542405130696762 -0.2964466080757197 -0.03893604250903046
161.162726609 0.0006010183592064801 0.955430886773308 -0.2937048855256522 -0.02981441924414598
161.196110384 -0.005992274005206558 0.9567514389449304 -0.2900962630874299 -0.020855092226128587
161.236087044 -0.008032542530435966 0.9578729721323426 -0.2865032807843907 -0.018185643200879103
161.275966732 -0.004752214617800675 0.9586869307264155 -0.28352344747974073 -0.022610617855204903
161.309561883 -0.001117718876578853 0.9593075320246249 -0.28124457824018684 -0.025085791114401807
161.349303282 -0.0029688359017571767 0.9603500513190146 -0.2778049535445786 -0.023310356733625363
161.382708516 -0.004213578461948238 0.9616155041666107 -0.2734931931932277 -0.021893861694816576
161.422661171 -0.0059968804472565525 0.9635425501235223 -0.2666902014881365 -0.020642866966048265
161.456382108 -0.0037175756428624346 0.964799273242763 -0.26214867512583073 -0.020654638978868455
161.495985979 -0.004487459627574729 0.9655955199516966 -0.25925148284185967 -0.019844979203828546
161.529556794 -0.003038835060636035 0.9666639572450009 -0.2552538656362439 -0.01992544410204247
161.569330474 -0.0027295386858705965 0.9699038915796079 -0.24263818762488926 -0.020142011404118806
161.602879969 -0.00340202963529883 0.9746370241954709 -0.22294849861545257 -0.019106653994697863
161.642650462 -0.002107248676355879 0.9818495000807539 -0.18879682460263342 -0.01796879835025784
161.682654744 -0.0038349749338805013 0.9897258959099624 -0.14188548239158763 -0.017217834329120944
161.722891963 -0.0037299637122783663 0.9964935972212742 -0.08210681049806298 -0.015654703368170857
161.762666854 -0.004714693970533195 0.9998362884875409 -0.013107168406629236 -0.011548593879054072
161.796278576 -0.007282543638340977 0.9986626109419513 0.050838010230196115 -0.005954055810549072
161.836010718 -0.006493600907218564 0.9920872032724686 0.1252197275482642 -0.0063901551630552835
161.8695053 -0.006558795475646437 0.9827016921071231 0.18471791849591396 -0.011561017180272162
161.90934346 -0.002890623026385204 0.9674176464596481 0.2529186217505504 -0.011265539880391532
161.942777689 -0.0035690113721677796 0.9516016000915791 0.30713549088080144 -0.010461696916890858
161.982685911 -0.002015242180973467 0.9310936106914091 0.3645966748100969 -0.011397001623556169
162.022831819 0.00042209484210105265 0.9113438485292858 0.4115040348899391 -0.010800039494108168
162.06272932 -0.0011060406214288925 0.8960951464910842 0.4437583613267222 -0.009527951610301334
162.096172967 -0.004259040116838281 0.8882068777568924 0.45938961795837513 -0.0056197682064221864
162.136061051 -0.01058188290037737 0.8833904509986418 0.4685167727072739 0.001169842151580805
162.169433183 -0.011516538354373147 0.8816586130979399 0.47174307770178286 0.0019819018641218373
162.20934905 -0.011277685524853564 0.8803025206326852 0.4742760365784688 0.001589686875536178
162.242916559 -0.014251151863562852 0.8772044349845439 0.479905383068833 0.00032743787971450776
162.282710436 -0.019913722798167756 0.869616143738673 0.4933223375555691 -0.0020682026270250225
162.316111833 -0.028129539754940903 0.8575647821270429 0.5135333507291094 -0.008652810959809255
162.356029092 -0.03818255538860047 0.834854120699614 0.5488086103899475 -0.019230152800373823
162.39610062 -0.04463021704457523 0.803604997490884 0.5928686094772434 -0.02709176315322775
162.436099351 -0.05279375017349986 0.7669071827451769 0.6385989515624466 -0.035462262474608916
162.476173825 -0.05960923873786931 0.7269000777437498 0.6826180040307892 -0.04577855618347925
162.516216479 -0.059576034049128986 0.6869047559898943 0.7224349607915412 -0.05196421645291173
162.556032487 -0.06207181806122439 0.6496437704578789 0.7553715012816139 -0.059362917376132536
162.589371197 -0.060464999654938165 0.6207505046650194 0.7791182921124211 -0.06314650956843221
162.622879075 -0.055656249188354205 0.5976157615738139 0.7973705704420239 -0.0629122948063076
162.662732083 -0.050869703076107296 0.5778690906984134 0.8120273569275477 -0.06396216792447147
162.696249768 -0.04776529382676825 0.5659102987012684 0.8207634962269967 -0.06173567680620543
162.736041531 -0.049245474070107834 0.5567093437907986 0.8269573063697524 -0.06157274771611371
162.769406841 -0.05117491330219796 0.5524191274829273 0.8295687445455621 -0.06348176047191857
162.802769396 -0.050453696384187466 0.5506002729980225 0.8307687553662451 -0.06416415668342534
162.842740636 -0.05411469189067467 0.5490666113792386 0.8317387409323092 -0.06170999288960223
162.88283119 -0.06001452990819142 0.5510481093936145 0.8302211273637293 -0.0589670841446309
162.92274919 -0.06093825599182345 0.555102349953755 0.8275373613300554 -0.0577046413677758
162.956198186 -0.06083402232847342 0.5580303506336531 0.8251566646407945 -0.06338634157214156
162.996083235 -0.05526636342401028 0.5598856824321877 0.8244406325150908 -0.06141087150859767
163.029430781 -0.051529036092227226 0.5624274984189834 0.8230316931099672 -0.060323292334810416
163.06304069 -0.049958817994564336 0.5637915568946145 0.8221422620178925 -0.061035218382794965
163.102783902 -0.051744756120193185 0.565466390136574 0.820505904025448 -0.06588097828171556
163.13630846 -0.05437517870855794 0.5677276832855542 0.8185450479720946 -0.06864853976590565
163.176068033 -0.061633132615281486 0.5707028277197359 0.8153179809439184 -0.07586981841455087
163.209414267 -0.062883686514391 0.5745147064706267 0.8119500979375371 -0.08194835250664492
163.242972329 -0.06231953110157469 0.5759121330329395 0.8104512969824275 -0.08723638167777654
163.282775002 -0.06562370841647279 0.5748624583079123 0.8108289220876769 -0.08822211756690829
163.316110977 -0.0686276078335454 0.5762479055959421 0.8095249183420372 -0.08887074503262113
163.356091434 -0.07316865286010939 0.5813412272022127 0.8049326451583002 -0.09365982357512849
163.396351786 -0.07565818339246572 0.58644684938397 0.8009008547391591 -0.09441267399799544
163.436123292 -0.08079308283994498 0.5912562516326887 0.7969646148024119 -0.09346617261514249
163.47612552 -0.08951073206713668 0.5987681195126399 0.7906316577793603 -0.09146665850003949
163.51609682 -0.0932379191934424 0.6064096048414258 0.7842418318761183 -0.09240579373682739
163.55610058 -0.09562828282212801 0.6116970707419059 0.7796389371227166 -0.09404814135549698
163.589522867 -0.0967379994150174 0.6152885682330906 0.7767868327906281 -0.09308036137638385
163.629452609 -0.09864254363920139 0.6198359217942196 0.7727068778046268 -0.09485335856638975
163.676303543 -0.09758655460404951 0.6237127014534601 0.7697012810313331 -0.09496982881348495
163.709657992 -0.09682912744610558 0.6251550071504137 0.7686695154884257 -0.09461772070590668
163.749439576 -0.09870923922663359 0.6257925320399115 0.7676079815877298 -0.09704730566680986
163.782790229 -0.10191274016729099 0.6268409232030295 0.7658899787254814 -0.10048278896134091
163.822881433 -0.10034650836927367 0.6284881266790757 0.7649152016239551 -0.09918662816179347
163.862884243 -0.09914773177205831 0.6293130953614289 0.7644563996464386 -0.09869735726288485
163.902780772 -0.09854665561961934 0.6292402192764843 0.7645008474331825 -0.09941708799304032
163.936156351 -0.09639415678594959 0.6289244752295705 0.7652095388455797 -0.098063921268071
163.969535297 -0.0945008091508426 0.6282244265742377 0.7661988727698366 -0.09665895867191195
164.009799977 -0.09357183513299916 0.6264822042266325 0.7678071912311687 -0.09610658952895126
164.056121658 -0.09336413905899563 0.6231617739164635 0.770443416192541 -0.09679609244502545
164.089489903 -0.09268465170906622 0.6216144748084266 0.771831654794594 -0.09633741071490133
164.122872275 -0.09234324847469771 0.6203140697846184 0.7728655076512609 -0.0967578749836028
164.162807647 -0.09252178738003634 0.6186408250894266 0.7740316048208477 -0.09797103210204378
164.196167046 -0.092656553123386 0.6175782901520651 0.7747998211402984 -0.09847363026265664
164.236142564 -0.09279280956577228 0.6167705893718525 0.7754172676129091 -0.09854742851296676
164.269504447 -0.0932079080427385 0.6162581763551864 0.7757340476099905 -0.09886775678803224
164.303052831 -0.09353637536338272 0.6160792224237928 0.7758331873925911 -0.0988949115062447
164.342850535 -0.09404982090595936 0.6162704128472588 0.7755228328039453 -0.09964810703856831
164.376349776 -0.09476426270313461 0.6164152639480851 0.7752096078641932 -0.100508809371058
164.416146609 -0.09517147765095837 0.6165746692114413 0.7750148480943868 -0.10064816124385771
164.449576911 -0.09615102918824782 0.6165688959999941 0.7747652344369267 -0.10166910828409534
164.48949482 -0.09749584926418207 0.6166909861526014 0.774322114018298 -0.10301480823950451
164.529478914 -0.0975220698707732 0.6170316614734069 0.7740361965544991 -0.10309869568007093
164.562837702 -0.09756636197235156 0.6171794661577458 0.7738750836175673 -0.10338117101592115
164.596209414 -0.09737884884123219 0.6172395152375275 0.7739174271326018 -0.10288127433188364
164.629660374 -0.0972575137481241 0.6172887458862873 0.7739060240227938 -0.10278641059448944
164.669492233 -0.09747301239399053 0.6172079097098345 0.7738891405102541 -0.10319402234023917
164.702947551 -0.09740053476046065 0.6172471435664106 0.7739052510481542 -0.1029065692148784
164.742980948 -0.09739236904468175 0.6173896882401712 0.773790044810585 -0.1029255355031086
164.782849285 -0.09704009549057542 0.617281648705341 0.7739648702067892 -0.10259125559512455
164.822935831 -0.09593764611162858 0.617524156927956 0.774079276687919 -0.10129736951809432
164.862833783 -0.09532410152906186 0.6175011596582483 0.7742611952466855 -0.10062422682222162
164.896182612 -0.09518880567550146 0.6175095066209237 0.774280918590208 -0.10054928947515594
164.936245113 -0.09513198545638708 0.6173829298677889 0.7743741252825567 -0.10066249223949272
164.97650262 -0.09507749168189408 0.6172696556239712 0.774484802438919 -0.10055711617032212
165.016179277 -0.09481865009355298 0.6169749506632601 0.7747606493039328 -0.10048517372554248
165.049552542 -0.094783616317311 0.6167180471886945 0.7749565007487031 -0.10058498047373396
165.08294907 -0.094933345754301 0.6164845514847812 0.7750856359255891 -0.10087970373830278
165.122862762 -0.0949092822743184 0.6160937585355034 0.7753737589282714 -0.10107543122447424
165.156197094 -0.09513388726451294 0.615904877510917 0.7754382615274549 -0.10151959373186907
165.189645099 -0.09539664355670899 0.6156640532001195 0.7755696030295083 -0.10173025534208456
165.229538603 -0.09614163922571808 0.6153876010350424 0.7755497914303507 -0.10284652017286115
165.263038866 -0.09692130063362614 0.6151397870075678 0.7754955113294398 -0.10400007611372615
165.302872277 -0.09716898595296651 0.6148844426086134 0.7756306044517972 -0.10427116497146531
165.336250111 -0.09727446320902197 0.6147365904481062 0.775706138975154 -0.10448248239725688
165.376223996 -0.09740418529400383 0.6145344713064623 0.7758131295606967 -0.10475588892533001
165.416450304 -0.0973956963007349 0.614384850977347 0.7759201534128627 -0.10484869460035168
165.456216419 -0.09753126361795225 0.6144004624589269 0.7758410932220735 -0.10521559967666495
165.4963054 -0.09748920314872629 0.614389627507915 0.7758575889186203 -0.1051962099958797
165.52985745 -0.09742086064406591 0.614420227822382 0.7758256543829385 -0.10531625494360732
165.5695411 -0.09755599778652024 0.6143621255709896 0.775817535371648 -0.10558957225803078
165.603025123 -0.09753348602429089 0.6143542055233127 0.7758295052091906 -0.10556849959448668
165.643043301 -0.0976973406476043 0.6142949755601167 0.7758207155308594 -0.10582594192903229
165.682966601 -0.09762047517287238 0.6142405213985426 0.7758720892806008 -0.10583631595262735
165.722895261 -0.0976528861075463 0.6142111321309515 0.7758564991116659 -0.10609095997054124
165.756468811 -0.09765155991630237 0.614140240658088 0.7758921765241036 -0.10624155523630052
165.796247159 -0.09762951253633975 0.6139810508191944 0.7760080915059558 -0.10633526900402537
165.829873619 -0.09766542060852985 0.6138747991881479 0.7760566989146177 -0.1065607648659507
165.86956324 -0.09768294793970697 0.6139466920262692 0.775957783129022 -0.106850455466056
165.909698308 -0.09842688857936445 0.6142071449829449 0.7755348920270411 -0.10773746750824871
165.949752002 -0.09971431894514554 0.6142485296830424 0.7751264171789423 -0.1092466739578951
165.989582608 -0.10083576185118122 0.6144608790239252 0.7746022857731247 -0.11073064686927214
166.023026796 -0.1022589154213266 0.6144464816624423 0.7741838064379332 -0.11241916757729964
166.062924368 -0.10320765682263562 0.6143941724215819 0.7739301007103366 -0.11357895791945244
166.096288776 -0.10354104164642523 0.6144064229960626 0.7738040292585572 -0.11406719238755074
166.136252061 -0.10425036224655508 0.6144555860343301 0.7735490115588527 -0.11488307742653876
166.169813058 -0.10534752622906494 0.6155138446759303 0.7723992259827578 -0.11594844298613034
166.20962581 -0.10661876663890986 0.6185172199969865 0.7697387191666957 -0.11649545649170913
166.243017409 -0.10814228465933168 0.6227991762676501 0.765959811296836 -0.11718361569397051
166.282960026 -0.11008206514143438 0.6280786534034656 0.7612877281039441 -0.117644120598617
166.316296241 -0.11052694041499019 0.6316218594684959 0.758362240857353 -0.11715090151541846
166.349779372 -0.11222950829993189 0.6340662326254203 0.7563830830794352 -0.11510508999262481
166.389593246 -0.12021614051092606 0.6349326863366358 0.7549185740869808 -0.11183250815608319
166.423169752 -0.12367761497796367 0.6373682803611954 0.7522002073749767 -0.11251831303311141
166.462932581 -0.12152867507681032 0.638071874240024 0.7518142001963797 -0.11344810629083232
166.496278455 -0.11641187093660108 0.6364897608707585 0.7543220550894162 -0.11102836492268295
166.53632193 -0.1135922919326213 0.6331886667140318 0.7579120492635782 -0.10834310840789177
166.576549661 -0.11369343126627578 0.6279574348671738 0.7620943364694373 -0.1093411450605302
166.616297402 -0.11068319264999421 0.6192161113765006 0.7696907854616382 -0.1090721460869635
166.656389047 -0.10732204937032815 0.6095214615686508 0.7780099714854677 -0.10800948974673637
166.696330381 -0.1049787475180191 0.6012606480235981 0.7847082871922209 -0.10815729156946342
166.736290179 -0.10229058762987439 0.5951670995864287 0.7895801642833944 -0.10897671045879928
166.769633939 -0.10012566933468921 0.5915032872102416 0.7924375459880073 -0.11018823561643834
166.803044233 -0.09741419588670891 0.588519459071944 0.7948128473686545 -0.11148030494730621
166.842996487 -0.0947932010978802 0.5835666233735787 0.798405476079556 -0.11407427789012804
166.876553206 -0.09255480135328173 0.5788572184559141 0.8019205187559831 -0.11524500416968934
166.916394322 -0.0896391023727154 0.5747568534040537 0.8049596356404435 -0.11687333220409807
166.94985472 -0.08649204637132885 0.5715827426888739 0.8074508773930212 -0.11762386990745068
166.989630133 -0.08380424523752776 0.5685156963407907 0.8101990853207303 -0.11551707077209968
167.022990764 -0.08509444012504302 0.5672910108889893 0.8108886049098788 -0.11575627694282853
167.062992801 -0.08375333016973975 0.5683432111279716 0.8106393544296446 -0.1132925906673226
167.096366848 -0.08136964809654278 0.5692600236562885 0.8108495955239973 -0.10883445811900096
167.12980814 -0.08117454621310975 0.5707515708496372 0.8103935545095856 -0.10447786478047227
167.169691004 -0.08291571078510156 0.5729530535721772 0.8089233998165298 -0.10243396183193244
167.20312358 -0.08234361660255582 0.5744753905675213 0.808253528969006 -0.09961820790524771
167.242980235 -0.08190909557575864 0.5752360418584039 0.8080015924669385 -0.09761056694809818
167.276340576 -0.08201672334860848 0.5757402161563615 0.8076765369594342 -0.097237195746277
167.316327916 -0.08272533026471147 0.5771774406358677 0.8065355145820841 -0.09758680992550464
167.349698175 -0.08339767080271832 0.5792412782429236 0.8049573700175231 -0.09781616706177908
167.383061892 -0.08498587856590227 0.5816889037604749 0.8028138657956877 -0.0995254569067758
167.423007583 -0.08684442231036392 0.5844111910249522 0.8003569531406975 -0.10173668796316894
167.456538524 -0.08747469888473262 0.5861333774507548 0.7989645263635059 -0.1022327076132456
167.496337681 -0.08908177379845314 0.5879267990130872 0.7972639463994051 -0.10381096450179468
167.529703322 -0.0909645431218848 0.589583828939315 0.7955752810804152 -0.10571817573956453
167.569722511 -0.09289791399055201 0.5917516923893986 0.7934811680606534 -0.10764547395774585
167.603166368 -0.09383402460950424 0.5938044394545552 0.791742343686696 -0.10833062689351507
167.643008797 -0.09532809135827854 0.5966763965035798 0.7892455771760345 -0.109458904441616
167.676629746 -0.09582878153125284 0.5989580409372868 0.787489327623205 -0.10920928855347166
167.716359413 -0.09637209419427838 0.6011642627387 0.7857569525502984 -0.10908693865588355
167.749863303 -0.09687612050802592 0.6026466392452429 0.7845417135646057 -0.10920780722476321
167.789723965 -0.09780315185543356 0.6043615128778911 0.7830421825607027 -0.10966606389244177
167.823089335 -0.09827766937398866 0.6059361624975192 0.7817395469462792 -0.10984601686189173
167.863024377 -0.098956199344113 0.6075109428194495 0.7803638095165484 -0.11031976143380708
167.896371042 -0.09940923035511127 0.6083225797483269 0.7796435605498749 -0.1105321780372514
167.92997018 -0.09952847516078317 0.6089541368418445 0.7791299124356813 -0.11056907977975167
167.969700628 -0.09962949078872306 0.6094346594849501 0.7787535129700477 -0.1104822448199362
168.003236378 -0.09982285669072281 0.6095921208490865 0.7785967283990677 -0.11054400936769293
168.043030125 -0.10001750098788585 0.6098769790230475 0.778344494729811 -0.11057313180721044
168.076385536 -0.1000962983525578 0.6102382253789443 0.7780595655326705 -0.11051403451862818
168.109876071 -0.10030499709715596 0.6105027115998811 0.7778335704222548 -0.11045489310437615
168.149749217 -0.10062380642140374 0.6106788227742082 0.777606228437434 -0.11079159937325764
168.189891768 -0.1002005873987632 0.6111202607298563 0.7773537182711896 -0.1105127408961136
168.22984297 -0.10055233257943169 0.6116452475171148 0.7768946134703268 -0.11051732517281726
168.269751332 -0.10051272036248697 0.6121088249200052 0.7765331842571462 -0.11052688925252514
168.303242919 -0.10000545242351301 0.6125474671103068 0.7763677674505788 -0.10971599558004326
168.343065009 -0.08943425007180891 0.615167369873725 0.7772772247372834 -0.09700895763507203
168.38309036 -0.06807446672617945 0.6198085576054875 0.7784846803765202 -0.07186669129727906
168.423320456 -0.04679491717041286 0.6250182950992698 0.7777892307263625 -0.04697104516944004
168.463071823 -0.030384415412516495 0.6309639211516361 0.7747115738962987 -0.027987403883015235
168.496426934 -0.017432423106544432 0.6356084397866244 0.771703190322435 -0.013122802399757551
168.536565638 -0.004327994827707864 0.6399605248298921 0.7683940994350291 0.0015175881032012198
168.569988325 0.0003605301671401521 0.6430475536051696 0.7657991097058077 0.0064371883767342175
168.609748219 0.0019327859813161672 0.6470074989159639 0.7624356270736382 0.008335181682932773
168.643115953 0.0022216115110793608 0.6496819056905137 0.7601550819493568 0.008528613439651667
168.676546415 0.0026088489507275782 0.6517230060893185 0.7584057247170191 0.00843053720160337
168.709974292 0.0021753382327161746 0.6531107123184523 0.7572182662237052 0.007884329751029177
168.749801031 0.0008462730987500317 0.6541687454940363 0.7563193584146398 0.006600327860694202
168.789792038 0.00042142888898655294 0.6550331877468145 0.7555769873063425 0.005895896963907817
168.823197052 0.002353230120508653 0.6556964728331068 0.7549788509321509 0.007970725650265027
168.863127636 0.0068499397969291565 0.6561129840251818 0.7545195321524693 0.013004080850591095
168.909775178 0.009987129063314807 0.6570099087955726 0.7536445873720845 0.01606464821484179
168.949883094 0.010984697463171473 0.6574936559410712 0.7531803903954714 0.017341520769883833
168.989765898 0.011829803942382444 0.6578486179902491 0.7528386871107489 0.01814284256582016
169.029900334 0.012365929995301865 0.6586335414799925 0.7521373163023332 0.018395630959499792
169.063344151 0.01209997301853433 0.6592443901666006 0.7516090383908376 0.018283273667980302
169.103143348 0.01233367005945629 0.65992702784092 0.7510033290125463 0.018390169112527173
169.143095142 0.013054130116383962 0.6604613914508228 0.7505108834591306 0.01880834652867409
169.176534501 0.01301842608195542 0.6609198222128086 0.7501092338831358 0.018752238047580538
169.216446279 0.01268548899690099 0.6615261511744944 0.7495861725556452 0.018514847948283848
169.249840533 0.012709974254727282 0.6619063697376216 0.749255002913474 0.018312696806786207
169.289939522 0.012707765921030975 0.6624592536194304 0.748766711799969 0.018293749739890054
169.329955837 0.012295970608861053 0.6628186657248551 0.7484649964474598 0.01789901020762343
169.369795791 0.01217833219159975 0.663165806266944 0.7481599876936111 0.017872728880640603
169.40992652 0.011793417052748296 0.6635583783185868 0.7478281346174488 0.017443478781875344
169.45649875 0.011892942578961046 0.6634600423927005 0.7479120066839658 0.01752028318985736
169.496720971 0.01182447137350327 0.6632478939828333 0.7481041452143815 0.017395428052592764
169.536462109 0.011923403261314412 0.6631393611793138 0.7481984675149652 0.017409001051675997
169.576452745 0.01186996816651258 0.6631196719311697 0.7482174091619155 0.0173814032993368
169.609796755 0.01177260023246164 0.6630618391670354 0.7482721968055207 0.017295167302898595
169.649854978 0.011788157435931765 0.6630719725610837 0.7482640546312691 0.01724827802977416
169.683202835 0.011862524743591327 0.6629868126557736 0.7483394715825662 0.01719889597536857
169.723151473 0.01162036862103705 0.6626376533136736 0.7486539649547417 0.017133248425308847
169.763285528 0.011218397906644627 0.662530125872628 0.7487647552461729 0.016712904018950037
169.80332741 0.01149479328314835 0.6624626800346879 0.7488158509778317 0.016908240978354788
169.843148789 0.011356220786022614 0.6622551852316274 0.7490126011792586 0.016408203983467193
169.87652549 0.01140986083117373 0.6620713558949872 0.7491794177383486 0.016172038103325615
169.909897112 0.01140361486377783 0.6619061408189526 0.7493257643758896 0.01615911992306993
169.949823448 0.011562693390139111 0.6619833310757188 0.7492510384140052 0.01634793366134818
169.983337056 0.011455941093515661 0.6621444329024716 0.7491118946977837 0.016275153216565915
170.023173082 0.011441080798550626 0.6617696805174913 0.7494427554521991 0.016295641078331313
170.056631456 0.01147648840474067 0.6617979289055383 0.7494160770516595 0.016350381241339
170.096504262 0.011484430275800997 0.6617666629505283 0.7494429404160706 0.016378972161774034
170.136663173 0.011446882979775821 0.6617658642345265 0.7494447875035408 0.016352990177650992
170.176594799 0.011441214363144955 0.6617548344913917 0.7494556992794494 0.016303142602548663
170.21649712 0.011431949678654917 0.6614641807468212 0.7497172383600844 0.016078265491337052
170.250008964 0.011391301293269991 0.6614736713655575 0.7497080336711047 0.016145729900580292
170.289842837 0.01101776130599928 0.6614621945380937 0.7497224288438229 0.016206598075230342
170.323278398 0.011235232443645824 0.6614422785603233 0.7497330293731337 0.01637883853784048
170.363177503 0.011350431283847448 0.6614217644158479 0.749749647567266 0.016367139012596035
170.403190781 0.011306691949904678 0.6614041348967108 0.7497654580508685 0.016385572082018355
170.443368669 0.011384468953210398 0.6614800940034241 0.7496972961652892 0.01638423712990505
170.48330329 0.011369549710449334 0.6616096574609736 0.7495837220755773 0.016359648317691475
170.523217092 0.01121558130057994 0.6613522568975922 0.7498175355883351 0.016157547981889484
170.563255097 0.011396955941900896 0.6612081128471319 0.749938681143739 0.0163069134045191
170.603396226 0.01128733248895388 0.6612138683935644 0.7499381310914697 0.016174544949874
170.643239335 0.011280020068039742 0.6611452874811827 0.7499997815585953 0.01612444264922872
170.67663941 0.01126989047115421 0.6611447778884909 0.7500004520822445 0.01612123183801115
170.716559374 0.011170519968414352 0.6611205571291049 0.7500250845196916 0.01603748783839402
170.749905999 0.011294314268333336 0.6609025875291736 0.750210622789166 0.01625514431627012
170.783308518 0.011090616208059942 0.6603185244213454 0.750734236618103 0.01595463906130365
170.823390246 0.011177791205831773 0.6600759580139978 0.750944072815564 0.016055719816777784
170.863207867 0.011088617769357581 0.6598332382893346 0.7511645908061272 0.01577649275468635
170.896554703 0.011172130780753077 0.6596011606235741 0.7513716013825364 0.015563066333288323
170.936654554 0.01149569039456006 0.6595385088906933 0.7514139103957069 0.01593548419175606
170.976635141 0.011557149637399929 0.659034870256132 0.7518554390621559 0.01590191282188342
171.016552299 0.011554152423656025 0.6588324192070514 0.7520321961146677 0.015934897881849867
171.049887813 0.011375459939809466 0.6589518302421109 0.751934532833666 0.015733488613347463
171.089910339 0.011411238654471403 0.6587845794368123 0.75208212215414 0.01565704521159859
171.129899834 0.01156584375351843 0.65864145989934 0.7522015086959164 0.015828735752496218
171.163366924 0.011546300813549959 0.6586175741560327 0.7522228993075564 0.015820357381546912
171.203250199 0.011480326588958157 0.658372457936415 0.7524403204392985 0.015731271702568092
171.236730304 0.0116975033886811 0.6582317312731807 0.7525566133241592 0.01589654370153058
171.276590816 0.011516101537866662 0.6579514479418049 0.7528083687878478 0.015710870110579294
171.309993977 0.011471356045349967 0.6577124531634589 0.753016396293075 0.015781123470032868
171.349919011 0.011618323424699525 0.6574773079546316 0.7532181014466893 0.015846000712306296
171.383309708 0.011623152079968389 0.6573071224345552 0.7533663814539001 0.01585384582954552
171.423241995 0.011618210724933591 0.6573556016318444 0.7533209776484987 0.016004212492247226
171.463324944 0.011887966302722194 0.6573387704486706 0.7533287772779292 0.016129799972577165
171.503442278 0.011925870422719934 0.6571667122764426 0.7534791745106028 0.016087867144297486
171.543252045 0.011711390801890873 0.6569233077631361 0.7536967466063846 0.015994536503963062
171.576599972 0.011792577834625756 0.6568049244454589 0.7537963818957821 0.01610096186683608
171.610071371 0.011735377621609639 0.6566927239691553 0.7538962826532021 0.016041888907861727
171.649923808 0.011404139390493026 0.6562557571296436 0.7542832718957846 0.015970991739725923
171.689943709 0.011366364217735282 0.6561327983120818 0.7543926021062599 0.015885799664259122
171.723442199 0.011155433498962405 0.6558605165681073 0.7546306541513204 0.015972317477935996
171.763269338 0.010915176277193512 0.6556294683310762 0.7548342578805555 0.016003196951206757
171.796655377 0.010909935942340241 0.6554086218896832 0.7550255299633581 0.016029995444488604
171.836612741 0.010680125607100936 0.6550686200156901 0.7553294683533348 0.015761732925813343
171.870149683 0.010694194929877108 0.6547737456373655 0.7555854534436646 0.015735271308381767
171.909948169 0.010603061341271569 0.6548272573731873 0.7555441677266247 0.01555148563915656
171.943343705 0.010698493279563714 0.6553494752302259 0.7550861034383983 0.015734800641611677
171.983275932 0.01118567071479501 0.655033917457425 0.7553413180758647 0.016277007048433254
172.016705332 0.011482486729643512 0.6547201297603475 0.7556045593100142 0.016475865228162703
172.056617741 0.011719624749722405 0.6544882513056828 0.7557970949388433 0.016689235469604595
172.089965719 0.011525680870288397 0.6542850454237671 0.7559760579722875 0.01668645522500342
172.12337965 0.011559580021513161 0.6541871849479747 0.7560571136981246 0.016826882837640746
172.163305665 0.011898484548287527 0.6540473360369923 0.7561672626852168 0.017075688317434078
172.196654694 0.012263911629729124 0.6538676620753133 0.7563110084900404 0.017330187548899992
172.236686788 0.012101850722601976 0.6538112836647114 0.7563695764875482 0.017012181689513652
172.27685663 0.012142206563560716 0.653768545598941 0.7564042559670601 0.017083827443858342
172.316632855 0.012117690900210074 0.6536844598444649 0.7564764703914015 0.017121281180570137
172.356621838 0.011994431328120989 0.653519343078736 0.7566222860069975 0.017068044896744666
172.389961319 0.01190984925430069 0.6532926182371412 0.7568181316327395 0.017123845348820475
172.430126332 0.011994129291894542 0.653002299505261 0.7570693100155297 0.017035185234704465
172.470246021 0.012007928435749231 0.6527689438765888 0.7572653119037358 0.017255809232331647
172.509981178 0.013237996746000558 0.6528642668978769 0.7571347234479318 0.018439495640464203
172.550057665 0.017392526520865235 0.6528576315491703 0.7569332374525012 0.022945304288774
172.596664931 0.02992615802074693 0.6520358198382945 0.7567135230516538 0.03658358572740549
172.630065898 0.03712592042969697 0.6511490535931838 0.7567569738682817 0.04410735243324022
172.670003906 0.04066512668038625 0.649981666976881 0.7573332762017261 0.0481299160978211
172.703537601 0.04249731974352905 0.6492765775857607 0.757698503156755 0.05026810049276408
172.743326469 0.04371298555155343 0.6486669937962851 0.7580673184016931 0.051519383000247304
172.776860365 0.04404355160208905 0.6482726425128665 0.7583561131886444 0.05194951511873112
172.816691542 0.04466353885319086 0.647532707921496 0.7588875607835605 0.052879396336775075
172.856733565 0.04503051860226891 0.6468968962390018 0.7593837649132248 0.053225516596581736
172.89680898 0.04480245880286642 0.6461454269127129 0.7600400606941443 0.05317831423660196
172.930149013 0.045091713130080036 0.645370205148217 0.7606672674064772 0.053379247000177286
172.970096067 0.04502955628375408 0.6442664659139402 0.7615955903029032 0.05352771983582441
173.003474221 0.04487109114891041 0.6435713072457938 0.7621910454211509 0.05354780993523106
173.036811208 0.04475267538112891 0.6426834565040556 0.7629690269936419 0.05323003504231776
173.076685376 0.044998843117806 0.6415907617603315 0.7638309658093632 0.05383915129896096
173.110040506 0.04475392664271481 0.6416788001183462 0.7637985840912602 0.05345209508451608
173.150170945 0.04452038172658822 0.6423044247563124 0.7633140448942608 0.0530530905465825
173.190114643 0.044634702297379876 0.6422587826167696 0.7633276509413432 0.053313195466229514
173.230044435 0.044097938678470866 0.6415633314679007 0.7639692975442812 0.05294124979461711
173.263419163 0.044080953196627706 0.6414094443846307 0.7641147228037047 0.05272081765388216
173.303341371 0.0441906731679449 0.6411272559109927 0.7643258895583528 0.05299962909150543
173.343383563 0.04402294811707686 0.6410240071122267 0.7644406604749874 0.052732143493604666
173.376727954 0.0442458654600937 0.6409600602531993 0.7644751954897125 0.05282215473518877
173.416898989 0.04415988479689367 0.6407938447074547 0.7646233852365554 0.05276582141077249
173.463537894 0.04405944277468626 0.6406990025352655 0.7647182741310177 0.05262618039320229
173.503587401 0.04396645345689947 0.6405853130069404 0.7648173455260197 0.052648226112142954
173.543396827 0.04386166798246786 0.640463577025393 0.7649329854189377 0.05253654350740435
173.576958596 0.04377709115151836 0.6404101506079932 0.7649884213028096 0.05245112545212175
173.616752784 0.043652150508583724 0.6404538140809951 0.7649715662047747 0.05226762557545674
173.65015369 0.04353046247167576 0.640466600996625 0.7649831754732394 0.052042031932959115
173.690051071 0.04357927655415861 0.6404096651462124 0.7650296420777335 0.052018786844247544
173.723579918 0.04357051797446921 0.6404609007812476 0.7649958042541164 0.051892812676774966
173.756937854 0.0435733126073588 0.6404783880085112 0.7649879570921528 0.05179021554709894
173.796857497 0.043567016624321026 0.6404817308376812 0.764981199609762 0.05185394651551326
173.836751913 0.04368719371346904 0.6410131382527523 0.7645331282344329 0.05179460903290773
173.870279397 0.04497013448731128 0.6493023143485264 0.7574722766816783 0.05118536553074433
173.910090847 0.04790809211849653 0.685575117849867 0.7248986534101148 0.04704800504706899
173.943495641 0.0506825106396688 0.7384042767654988 0.6712483897372099 0.04019958264563414
173.98339724 0.05171355023637096 0.8065355079172983 0.5881896205026048 0.029311320740248052
174.016855484 0.0531237003270963 0.8469543621643219 0.528481669700164 0.023522450240362668
174.050235963 0.05455583350029593 0.8721494746109464 0.4857943759250537 0.019564746012299232
174.090157389 0.05599487102498035 0.8924366724205955 0.44740250368682893 0.01588583748210267
174.130069087 0.05710113712499078 0.904540525857062 0.42232159577978867 0.01379735334314052
174.16345175 0.05635038164625805 0.9107801554790763 0.40884081591387844 0.012382653863566268
174.196813713 0.05748596722625644 0.9146180049008289 0.40004436813242344 0.011565993637364767
174.236764384 0.057324954054213326 0.9173957730420084 0.39368463278099264 0.010547756132613436
174.276784536 0.05729936119919018 0.9190088025220498 0.389939087408618 0.009333391885436578
174.316764202 0.0605917728528225 0.9198055705917679 0.3875513094543406 0.009504310134360074
174.350206807 0.05921571499040065 0.9202821017931826 0.38664862511232817 0.008785949922727342
174.390108085 0.05951506479313673 0.9205304730032371 0.3860060310379313 0.008997184973588012
174.43032206 0.06016222646818214 0.9208156073473455 0.3852289193462439 0.008820627599849305
174.470102863 0.05929635440464397 0.9213162538226911 0.3841761640570533 0.008305285476685567
174.503458435 0.05976126276534473 0.9215461530826112 0.3835455195485049 0.008608928249173474
                                                                                                                                                                                                                                                                                                                                                                                                                                                                                                                                                                                                                                                                                                                                                                                                                                                                                                                                                                                                                                                                                                                                                                                                                                                                                                                                                                                                                                                                                                                                                                                                                                                                                                                                                                                                                                                                                                                                                                                                                                                                                                          